race_id,course,race_num,race_name,umaban,horse_name,paddock_idx,padock_mark,weight_diff,horse_weight,training_idx,idm_score,stable_idx,ninki_idx,gekiso_idx,train_eval,train_mark,tansho_odds,tyb_source,kyi_source,cyb_source
202608030511,京都,11,京都新聞杯,1,アーレムアレス,,,,,8.7,51.0,6.7,137.0,274.0,,0,,,KYI260509.txt,CYB260509.txt
202608030511,京都,11,京都新聞杯,2,エムズビギン,,,,,14.1,60.0,16.9,468.0,295.0,,0,,,KYI260509.txt,CYB260509.txt
202608030511,京都,11,京都新聞杯,3,メイショウテンク,,,,,-11.3,45.0,-10.0,6.0,178.0,,0,,,KYI260509.txt,CYB260509.txt
202608030511,京都,11,京都新聞杯,4,ティラーノ,,,,,-12.0,42.0,-10.0,,161.0,,0,,,KYI260509.txt,CYB260509.txt
202608030511,京都,11,京都新聞杯,5,コンジェスタス,,,,,11.4,52.0,12.4,226.0,219.0,,0,,,KYI260509.txt,CYB260509.txt
202608030511,京都,11,京都新聞杯,6,ラディアントスター,,,,,-7.8,51.0,-2.0,50.0,223.0,,0,,,KYI260509.txt,CYB260509.txt
202608030511,京都,11,京都新聞杯,7,カムアップローゼス,,,,,-4.9,47.0,-13.2,96.0,173.0,,0,,,KYI260509.txt,CYB260509.txt
202608030511,京都,11,京都新聞杯,8,バドリナート,,,,,2.7,52.6,1.1,130.0,323.0,,0,,,KYI260509.txt,CYB260509.txt
202608030511,京都,11,京都新聞杯,9,カフジエメンタール,,,,,5.1,54.0,1.2,68.0,206.0,,0,,,KYI260509.txt,CYB260509.txt
202608030511,京都,11,京都新聞杯,10,サヴォアフェール,,,,,9.9,54.1,13.4,252.0,250.0,,0,,,KYI260509.txt,CYB260509.txt
202608030511,京都,11,京都新聞杯,11,ブリガンティン,,,,,-12.0,50.0,-8.6,,126.0,,0,,,KYI260509.txt,CYB260509.txt
202608030511,京都,11,京都新聞杯,12,キンググローリー,,,,,-0.5,56.0,-16.7,28.0,155.0,,0,,,KYI260509.txt,CYB260509.txt
202608030511,京都,11,京都新聞杯,13,ニホンピロロジャー,,,,,-11.7,43.0,-10.2,1.0,157.0,,0,,,KYI260509.txt,CYB260509.txt
202608030511,京都,11,京都新聞杯,14,ステラスペース,,,,,-12.0,49.0,7.1,6.0,180.0,,0,,,KYI260509.txt,CYB260509.txt
202608030511,京都,11,京都新聞杯,15,ベレシート,,,,,21.0,64.0,22.9,758.0,308.0,,0,,,KYI260509.txt,CYB260509.txt
202608030511,京都,11,京都新聞杯,16,アクセス,,,,,3.3,49.3,9.8,91.0,232.0,,0,,,KYI260509.txt,CYB260509.txt
202608030512,京都,12,4歳以上2勝クラス,1,クリノラピダス,,,,,-11.3,44.0,-11.3,,179.0,,0,,,KYI260509.txt,CYB260509.txt
202608030512,京都,12,4歳以上2勝クラス,2,エリカヴェネチア,,,,,-4.4,45.0,-16.3,45.0,190.0,,0,,,KYI260509.txt,CYB260509.txt
202608030512,京都,12,4歳以上2勝クラス,3,メイショウヤシマ,,,,,13.4,46.3,11.3,275.0,230.0,,0,,,KYI260509.txt,CYB260509.txt
202608030512,京都,12,4歳以上2勝クラス,4,キングオブフジ,,,,,-8.9,52.0,-12.3,52.0,206.0,,0,,,KYI260509.txt,CYB260509.txt
202608030512,京都,12,4歳以上2勝クラス,5,メイケイロゼッタ,,,,,-9.0,41.0,-10.2,11.0,184.0,,0,,,KYI260509.txt,CYB260509.txt
202608030512,京都,12,4歳以上2勝クラス,6,トゥルブレンシア,,,,,-5.4,50.0,-7.5,32.0,155.0,,0,,,KYI260509.txt,CYB260509.txt
202608030512,京都,12,4歳以上2勝クラス,7,ニホンピロデヴィン,,,,,21.1,58.0,19.4,863.0,229.0,,0,,,KYI260509.txt,CYB260509.txt
202608030512,京都,12,4歳以上2勝クラス,8,ロードヴォイジャー,,,,,17.3,56.2,14.3,522.0,230.0,,0,,,KYI260509.txt,CYB260509.txt
202608030512,京都,12,4歳以上2勝クラス,9,メイショウオオコ,,,,,4.5,53.0,6.0,98.0,135.0,,0,,,KYI260509.txt,CYB260509.txt
202608030512,京都,12,4歳以上2勝クラス,10,スマートシーカー,,,,,-11.3,49.0,-12.1,21.0,198.0,,0,,,KYI260509.txt,CYB260509.txt
202608030512,京都,12,4歳以上2勝クラス,11,クリノフィガロ,,,,,4.7,49.0,6.0,167.0,145.0,,0,,,KYI260509.txt,CYB260509.txt
202608030512,京都,12,4歳以上2勝クラス,12,テーオーレガシー,,,,,-6.2,40.0,5.4,45.0,209.0,,0,,,KYI260509.txt,CYB260509.txt
202608030512,京都,12,4歳以上2勝クラス,13,サイモンシュバリエ,,,,,9.1,50.1,8.1,143.0,209.0,,0,,,KYI260509.txt,CYB260509.txt
202604010311,新潟,11,駿風S,1,パラサイコロジー,,,,,15.8,59.9,19.6,157.0,89.0,,0,,,KYI260509.txt,CYB260509.txt
202604010311,新潟,11,駿風S,2,ショウナンラスボス,,,,,-11.9,46.0,-10.0,,174.0,,0,,,KYI260509.txt,CYB260509.txt
202604010311,新潟,11,駿風S,3,スコーピオン,,,,,1.6,48.2,25.8,91.0,164.0,,0,,,KYI260509.txt,CYB260509.txt
202604010311,新潟,11,駿風S,4,シャカシャカシー,,,,,-9.8,43.0,-14.1,6.0,42.0,,0,,,KYI260509.txt,CYB260509.txt
202604010311,新潟,11,駿風S,5,カウンターセブン,,,,,13.6,60.0,16.7,262.0,99.0,,0,,,KYI260509.txt,CYB260509.txt
202604010311,新潟,11,駿風S,6,タツダイヤモンド,,,,,-11.9,45.0,-9.0,1.0,48.0,,0,,,KYI260509.txt,CYB260509.txt
202604010311,新潟,11,駿風S,7,ハートホイップ,,,,,-11.9,48.0,-6.0,4.0,111.0,,0,,,KYI260509.txt,CYB260509.txt
202604010311,新潟,11,駿風S,8,ジュンヴァンケット,,,,,9.1,56.0,6.0,136.0,195.0,,0,,,KYI260509.txt,CYB260509.txt
202604010311,新潟,11,駿風S,9,メイショウキルギス,,,,,-5.0,45.0,-10.0,75.0,92.0,,0,,,KYI260509.txt,CYB260509.txt
202604010311,新潟,11,駿風S,10,トーアアイギス,,,,,-11.9,40.0,-10.0,,24.0,,0,,,KYI260509.txt,CYB260509.txt
202604010311,新潟,11,駿風S,11,トールキン,,,,,-9.2,46.0,-10.0,16.0,163.0,,0,,,KYI260509.txt,CYB260509.txt
202604010311,新潟,11,駿風S,12,ロードトレイル,,,,,-4.8,55.0,17.7,43.0,142.0,,0,,,KYI260509.txt,CYB260509.txt
202604010311,新潟,11,駿風S,13,エコロジーク,,,,,11.0,54.2,10.0,262.0,175.0,,0,,,KYI260509.txt,CYB260509.txt
202604010311,新潟,11,駿風S,14,ベイビーキッス,,,,,17.0,53.9,26.9,468.0,148.0,,0,,,KYI260509.txt,CYB260509.txt
202604010311,新潟,11,駿風S,15,カウスリップ,,,,,2.5,54.0,0.7,136.0,93.0,,0,,,KYI260509.txt,CYB260509.txt
202604010311,新潟,11,駿風S,16,シュラフ,,,,,-6.0,49.0,-7.6,23.0,100.0,,0,,,KYI260509.txt,CYB260509.txt
202604010312,新潟,12,4歳以上1勝クラス,1,チュウワダイオウ,,,,,3.8,39.8,6.0,65.0,91.0,,0,,,KYI260509.txt,CYB260509.txt
202604010312,新潟,12,4歳以上1勝クラス,2,トーアケルキラ,,,,,21.4,42.1,12.3,290.0,145.0,,0,,,KYI260509.txt,CYB260509.txt
202604010312,新潟,12,4歳以上1勝クラス,3,タルタロス,,,,,7.8,47.0,4.0,148.0,84.0,,0,,,KYI260509.txt,CYB260509.txt
202604010312,新潟,12,4歳以上1勝クラス,4,キュードス,,,,,-9.7,36.0,-10.0,17.0,61.0,,0,,,KYI260509.txt,CYB260509.txt
202604010312,新潟,12,4歳以上1勝クラス,5,ロストボール,,,,,-11.9,42.0,-20.0,,35.0,,0,,,KYI260509.txt,CYB260509.txt
202604010312,新潟,12,4歳以上1勝クラス,6,ブラックジジ,,,,,-0.6,39.0,15.2,97.0,182.0,,0,,,KYI260509.txt,CYB260509.txt
202604010312,新潟,12,4歳以上1勝クラス,7,キタノブレイク,,,,,4.6,37.0,12.0,84.0,153.0,,0,,,KYI260509.txt,CYB260509.txt
202604010312,新潟,12,4歳以上1勝クラス,8,カレンラップスター,,,,,13.3,46.0,6.0,187.0,142.0,,0,,,KYI260509.txt,CYB260509.txt
202604010312,新潟,12,4歳以上1勝クラス,9,ナムラジミー,,,,,-11.9,44.0,-9.1,25.0,144.0,,0,,,KYI260509.txt,CYB260509.txt
202604010312,新潟,12,4歳以上1勝クラス,10,リリーアロー,,,,,-9.9,38.0,-10.0,14.0,120.0,,0,,,KYI260509.txt,CYB260509.txt
202604010312,新潟,12,4歳以上1勝クラス,11,ハイクオリティ,,,,,22.3,48.0,15.0,598.0,170.0,,0,,,KYI260509.txt,CYB260509.txt
202604010312,新潟,12,4歳以上1勝クラス,12,マテンロウミラクル,,,,,13.7,41.8,20.0,138.0,81.0,,0,,,KYI260509.txt,CYB260509.txt
202605020511,東京,11,エプソムC,1,ジュタ,,,,,-1.5,64.1,-6.1,55.0,233.0,,0,,,KYI260509.txt,CYB260509.txt
202605020511,東京,11,エプソムC,2,サブマリーナ,,,,,10.9,65.0,11.2,237.0,254.0,,0,,,KYI260509.txt,CYB260509.txt
202605020511,東京,11,エプソムC,3,エピファニー,,,,,-12.1,57.1,-10.0,12.0,255.0,,0,,,KYI260509.txt,CYB260509.txt
202605020511,東京,11,エプソムC,4,カラマティアノス,,,,,18.1,66.0,19.0,564.0,271.0,,0,,,KYI260509.txt,CYB260509.txt
202605020511,東京,11,エプソムC,5,ジュンブロッサム,,,,,-6.2,64.0,-7.2,79.0,165.0,,0,,,KYI260509.txt,CYB260509.txt
202605020511,東京,11,エプソムC,6,マジックサンズ,,,,,4.4,64.3,-14.6,138.0,222.0,,0,,,KYI260509.txt,CYB260509.txt
202605020511,東京,11,エプソムC,7,オクタヴィアヌス,,,,,-12.1,52.0,-14.6,12.0,200.0,,0,,,KYI260509.txt,CYB260509.txt
202605020511,東京,11,エプソムC,8,シルトホルン,,,,,-10.1,63.0,6.4,31.0,189.0,,0,,,KYI260509.txt,CYB260509.txt
202605020511,東京,11,エプソムC,9,マテンロウレオ,,,,,-0.2,64.9,5.8,27.0,129.0,,0,,,KYI260509.txt,CYB260509.txt
202605020511,東京,11,エプソムC,10,センツブラッド,,,,,-0.5,59.3,-0.9,55.0,279.0,,0,,,KYI260509.txt,CYB260509.txt
202605020511,東京,11,エプソムC,11,トロヴァトーレ,,,,,16.6,70.0,16.2,425.0,199.0,,0,,,KYI260509.txt,CYB260509.txt
202605020511,東京,11,エプソムC,12,マイネルモーント,,,,,-12.1,65.2,3.3,51.0,240.0,,0,,,KYI260509.txt,CYB260509.txt
202605020511,東京,11,エプソムC,13,オニャンコポン,,,,,-12.1,59.0,-15.8,1.0,192.0,,0,,,KYI260509.txt,CYB260509.txt
202605020511,東京,11,エプソムC,14,サクラファレル,,,,,13.5,63.1,23.4,457.0,224.0,,0,,,KYI260509.txt,CYB260509.txt
202605020511,東京,11,エプソムC,15,ストレイトトーカー,,,,,-7.4,64.2,-6.2,11.0,121.0,,0,,,KYI260509.txt,CYB260509.txt
202605020511,東京,11,エプソムC,16,ステレンボッシュ,,,,,-2.4,64.4,6.0,122.0,242.0,,0,,,KYI260509.txt,CYB260509.txt
202605020511,東京,11,エプソムC,17,レガーロデルシエロ,,,,,-2.4,65.1,-10.4,86.0,246.0,,0,,,KYI260509.txt,CYB260509.txt
202605020512,東京,12,4歳以上2勝クラス,1,アクアマリーナ,,,,,12.6,56.1,9.0,214.0,154.0,,0,,,KYI260509.txt,CYB260509.txt
202605020512,東京,12,4歳以上2勝クラス,2,ラヴァブル,,,,,-5.7,48.0,-8.1,36.0,160.0,,0,,,KYI260509.txt,CYB260509.txt
202605020512,東京,12,4歳以上2勝クラス,3,モーニングマジック,,,,,18.3,59.0,20.7,760.0,220.0,,0,,,KYI260509.txt,CYB260509.txt
202605020512,東京,12,4歳以上2勝クラス,4,レディゴディヴァ,,,,,-12.8,47.0,-10.1,7.0,155.0,,0,,,KYI260509.txt,CYB260509.txt
202605020512,東京,12,4歳以上2勝クラス,5,アルジェンタージョ,,,,,1.0,56.0,8.2,110.0,137.0,,0,,,KYI260509.txt,CYB260509.txt
202605020512,東京,12,4歳以上2勝クラス,6,クインズポラリス,,,,,4.3,52.1,3.7,116.0,125.0,,0,,,KYI260509.txt,CYB260509.txt
202605020512,東京,12,4歳以上2勝クラス,7,ヴィンブルレー,,,,,9.9,50.0,17.2,356.0,248.0,,0,,,KYI260509.txt,CYB260509.txt
202605020512,東京,12,4歳以上2勝クラス,8,ホウショウマリス,,,,,15.3,54.0,12.0,332.0,243.0,,0,,,KYI260509.txt,CYB260509.txt
202605020512,東京,12,4歳以上2勝クラス,9,ドナカルナバル,,,,,-11.5,48.0,-11.4,14.0,104.0,,0,,,KYI260509.txt,CYB260509.txt
202605020512,東京,12,4歳以上2勝クラス,10,オーロラアーク,,,,,-11.5,40.0,-15.2,,158.0,,0,,,KYI260509.txt,CYB260509.txt
202605020512,東京,12,4歳以上2勝クラス,11,フィドルファドル,,,,,0.9,50.3,3.7,59.0,216.0,,0,,,KYI260509.txt,CYB260509.txt
202605020512,東京,12,4歳以上2勝クラス,12,ベルブリエ,,,,,-11.5,44.0,-8.8,,178.0,,0,,,KYI260509.txt,CYB260509.txt
202605020512,東京,12,4歳以上2勝クラス,13,オカメノコイ,,,,,-2.3,52.0,10.1,87.0,156.0,,0,,,KYI260509.txt,CYB260509.txt
202605020512,東京,12,4歳以上2勝クラス,14,ワイノナオミ,,,,,-4.7,53.0,-1.4,68.0,161.0,,0,,,KYI260509.txt,CYB260509.txt
202605020512,東京,12,4歳以上2勝クラス,15,ヴァリオーサ,,,,,-8.4,44.0,-7.4,18.0,205.0,,0,,,KYI260509.txt,CYB260509.txt
202605020512,東京,12,4歳以上2勝クラス,16,プチブール,,,,,12.6,55.0,6.0,179.0,222.0,,0,,,KYI260509.txt,CYB260509.txt
