race_id,horse_id,stride_length_mean,body_size_relative,stability_score,tension_score,n_bboxes,n_frames_with_horse,source
202605020511,sim_202605020511_1,2.81,0.5412,0.8068,0.239,0,0,simulate_session60
202605020511,sim_202605020511_2,2.46,0.4143,0.8068,0.1206,0,0,simulate_session60
202605020511,sim_202605020511_3,2.47,0.5112,0.9058,0.1726,0,0,simulate_session60
202608030511,sim_202608030511_1,2.61,0.4043,0.8379,0.2256,0,0,simulate_session60
202608030511,sim_202608030511_2,2.58,0.4276,0.8895,0.1663,0,0,simulate_session60
202608030511,sim_202608030511_3,2.84,0.4414,0.9327,0.1718,0,0,simulate_session60
202604010311,sim_202604010311_1,2.51,0.4912,0.9283,0.1292,0,0,simulate_session60
202604010311,sim_202604010311_2,2.69,0.5158,0.9228,0.1188,0,0,simulate_session60
202604010311,sim_202604010311_3,2.87,0.5098,0.8744,0.197,0,0,simulate_session60
