race_id,date,pred,label
202607010101,20260314,0.1784614705889864,1
202607010102,20260314,0.1446017886626727,1
202607010103,20260314,0.1432953506691679,1
202607010104,20260314,0.1502672842558821,0
202607010105,20260314,0.1458764978956617,0
202607010106,20260314,0.1522590138030625,0
202607010107,20260314,0.1722931282652967,0
202607010108,20260314,0.1439944445412057,1
202607010109,20260314,0.1492730225914052,0
202607010110,20260314,0.1521288282068164,0
202607010111,20260314,0.1672138868694492,1
202607010112,20260314,0.1311486446481089,0
202606020501,20260314,0.1532453330294712,1
202606020502,20260314,0.1654212677162951,1
202606020503,20260314,0.169354992448496,1
202606020504,20260314,0.2302561158244292,1
202606020505,20260314,0.1988226976964497,0
202606020506,20260314,0.1574649023659729,1
202606020507,20260314,0.1834722115245527,1
202606020508,20260314,0.1507907490291375,1
202606020509,20260314,0.165856199793038,1
202606020510,20260314,0.164323526226143,1
202606020511,20260314,0.1584094431395503,1
202606020512,20260314,0.1458860514200565,0
202609010701,20260314,0.1982245367876736,1
202609010702,20260314,0.1599380887460698,0
202609010703,20260314,0.1674913735178,0
202609010704,20260314,0.1860397796196033,1
202609010705,20260314,0.1742542610871586,1
202609010706,20260314,0.194749209091597,0
202609010707,20260314,0.1630161503254485,0
202609010708,20260314,0.2008423744472429,1
202609010709,20260314,0.1391963459638832,1
202609010710,20260314,0.1750338241879171,1
202609010711,20260314,0.1664454231935292,1
202609010712,20260314,0.1669098857095986,1
202607010201,20260315,0.5709260706575364,1
202607010202,20260315,0.7250816846996513,1
202607010203,20260315,0.7200112456116162,1
202607010204,20260315,0.514198123917567,0
202607010205,20260315,0.6202150013535307,1
202607010206,20260315,0.5370296897666201,1
202607010207,20260315,0.5263278751891399,1
202607010208,20260315,0.5618555693118805,1
202607010209,20260315,0.5531893472533376,1
202607010210,20260315,0.623604259493318,0
202607010211,20260315,0.4378305593514099,1
202607010212,20260315,0.4325288559467776,1
202606020601,20260315,0.6319532787752772,1
202606020602,20260315,0.6223860754032218,1
202606020603,20260315,0.6712962535353569,1
202606020604,20260315,0.6309534608024486,0
202606020605,20260315,0.5405523261311778,0
202606020606,20260315,0.5566175685439928,0
202606020607,20260315,0.6181903726810316,1
202606020608,20260315,0.633618426143545,1
202606020609,20260315,0.5685283195671728,0
202606020610,20260315,0.5790445251085166,1
202606020611,20260315,0.5838585348965655,0
202606020612,20260315,0.4772249591719632,0
202609010801,20260315,0.5786879572705415,1
202609010802,20260315,0.5387948032042427,1
202609010803,20260315,0.7054637607983922,1
202609010805,20260315,0.4614999851213072,0
202609010806,20260315,0.6592746120592851,1
202609010807,20260315,0.5665108855937582,1
202609010808,20260315,0.570341352102356,0
202609010809,20260315,0.5479448768542489,1
202609010810,20260315,0.6019849751284633,1
202609010811,20260315,0.5422256735717359,0
202609010812,20260315,0.5904293331088143,1
202607010301,20260321,0.2052854922670149,1
202607010302,20260321,0.1458412110033221,0
202607010303,20260321,0.1824365504219169,0
202607010304,20260321,0.1481938332421322,1
202607010305,20260321,0.1963943043943472,1
202607010306,20260321,0.1521588409636907,0
202607010307,20260321,0.1429541484318891,1
202607010308,20260321,0.1437044622275806,1
202607010309,20260321,0.1433820546608181,0
202607010310,20260321,0.1587559958530864,0
202607010311,20260321,0.175727477708343,0
202607010312,20260321,0.1481114413018812,1
202606020701,20260321,0.1388615311152165,0
202606020702,20260321,0.1450020309575671,1
202606020703,20260321,0.1454118100719351,0
202606020704,20260321,0.1881817950128644,1
202606020705,20260321,0.2022631939498458,1
202606020706,20260321,0.1820136832057633,0
202606020707,20260321,0.1414013301995415,0
202606020709,20260321,0.1538547485341401,0
202606020710,20260321,0.1366106360529898,0
202606020711,20260321,0.1626482394370987,1
202606020712,20260321,0.1614262176865444,1
202609010901,20260321,0.1524053300575047,0
202609010902,20260321,0.1853006713822502,0
202609010903,20260321,0.1467484806353726,1
202609010904,20260321,0.1681505993501162,0
202609010905,20260321,0.1480252618061767,0
202609010906,20260321,0.1527305845495118,0
202609010907,20260321,0.154784461238217,1
202609010908,20260321,0.1470662485059799,1
202609010909,20260321,0.1417161855975013,0
202609010910,20260321,0.1386887605982875,0
202609010911,20260321,0.1652275203957375,1
202609010912,20260321,0.151566566221618,0
202606030501,20260411,0.4953789445774054,1
202606030502,20260411,0.3046032816421806,0
202606030503,20260411,0.5890845694703994,0
202606030505,20260411,0.3734625060427076,1
202606030506,20260411,0.3342060564198846,1
202606030507,20260411,0.343992249044774,1
202606030508,20260411,0.4543649155305113,1
202606030509,20260411,0.3655749097115006,1
202606030510,20260411,0.5363127677061262,0
202606030511,20260411,0.4338932668182932,0
202606030512,20260411,0.5364715673920716,0
202603010101,20260411,0.5032850173770935,1
202603010102,20260411,0.3075306708351781,1
202603010103,20260411,0.2954948889048194,1
202603010104,20260411,0.3018261670091832,0
202603010105,20260411,0.3436382656733159,1
202603010106,20260411,0.3938819959962816,1
202603010107,20260411,0.4268489250266457,0
202603010108,20260411,0.4413206167865905,0
202603010109,20260411,0.4453038458986007,0
202603010110,20260411,0.485857796706617,1
202603010111,20260411,0.6563198303571404,1
202603010112,20260411,0.4061264303167308,0
202609020501,20260411,0.4307784458419051,1
202609020502,20260411,0.3782368479032824,1
202609020503,20260411,0.3651703055545219,1
202609020504,20260411,0.3544740881868428,1
202609020505,20260411,0.5521837897911263,0
202609020506,20260411,0.4117389443552094,1
202609020507,20260411,0.430693305041374,1
202609020508,20260411,0.3864236980066854,1
202609020509,20260411,0.4261203602505899,1
202609020510,20260411,0.6138787995545426,1
202609020511,20260411,0.6664234387864665,0
202609020512,20260411,0.4488848015201659,0
202606030601,20260412,0.5180218844024981,1
202606030602,20260412,0.6735180128647732,0
202606030603,20260412,0.4126094347454428,1
202606030605,20260412,0.4792891749108418,0
202606030606,20260412,0.6809626497224367,0
202606030607,20260412,0.690563250544991,1
202606030608,20260412,0.6888788502384531,0
202606030609,20260412,0.555399916322044,1
202606030610,20260412,0.8030504298171899,1
202606030611,20260412,0.8201017116708118,0
202606030612,20260412,0.6283871537572896,1
202603010201,20260412,0.537079090937062,1
202603010202,20260412,0.5465382119055918,1
202603010203,20260412,0.6250995297724438,0
202603010204,20260412,0.259047796236281,1
202603010205,20260412,0.413011951652352,0
202603010206,20260412,0.6630674339149202,1
202603010207,20260412,0.5944897024588044,1
202603010208,20260412,0.5334598393088581,1
202603010209,20260412,0.5279301320766484,0
202603010210,20260412,0.5998702868215288,0
202603010211,20260412,0.7282096371431221,1
202603010212,20260412,0.7085318674060022,1
202609020601,20260412,0.6381582255431787,0
202609020602,20260412,0.5248475226062138,1
202609020603,20260412,0.2712695058150677,1
202609020604,20260412,0.4980094935652283,1
202609020605,20260412,0.7595120320549424,0
202609020607,20260412,0.6903343408789695,1
202609020608,20260412,0.7499283811340581,0
202609020609,20260412,0.5019560308727532,0
202609020610,20260412,0.8035757393163964,0
202609020611,20260412,0.6330561140205164,0
202609020612,20260412,0.7722121029581827,0
202606030701,20260418,0.4973101958840026,1
202606030702,20260418,0.5977567682163236,1
202606030703,20260418,0.4696260051573344,0
202606030704,20260418,0.781816929682812,0
202606030705,20260418,0.6106772664558969,0
202606030706,20260418,0.6747021189860968,1
202606030707,20260418,0.5934865725830707,1
202606030708,20260418,0.5036272918872737,1
202606030709,20260418,0.7225162563033785,1
202606030710,20260418,0.7967227311552754,0
202606030712,20260418,0.5996623451230102,1
202603010301,20260418,0.4498242350750778,1
202603010302,20260418,0.5208259630705658,0
202603010303,20260418,0.4358552903973123,1
202603010304,20260418,0.7160021252186075,1
202603010305,20260418,0.4267567088575872,1
202603010306,20260418,0.5936716931877835,1
202603010307,20260418,0.5992027855252269,1
202603010308,20260418,0.6071005715576306,1
202603010309,20260418,0.5147537338830114,1
202603010310,20260418,0.7495368250761584,0
202603010311,20260418,0.6010392858435264,1
202603010312,20260418,0.6455189139997815,1
202609020701,20260418,0.6247445391614082,1
202609020702,20260418,0.5890049863590241,1
202609020703,20260418,0.5807871986832572,0
202609020704,20260418,0.5536293383785479,1
202609020705,20260418,0.5192682898267157,0
202609020706,20260418,0.7023894940045907,1
202609020707,20260418,0.7135042109227636,1
202609020708,20260418,0.7212041918254392,1
202609020709,20260418,0.6204573305547588,1
202609020710,20260418,0.6330811092012399,0
202609020711,20260418,0.7826959397620298,1
202609020712,20260418,0.6196651595319527,0
202606030801,20260419,0.3295753177777827,0
202606030802,20260419,0.4253017899279113,1
202606030803,20260419,0.5073873340910993,1
202606030804,20260419,0.608243202147487,1
202606030805,20260419,0.5651841422294273,0
202606030806,20260419,0.8055850863298227,0
202606030807,20260419,0.4834778167499586,0
202606030808,20260419,0.7812481505171394,1
202606030809,20260419,0.7298785867126574,1
202606030810,20260419,0.7307509397132105,1
202606030811,20260419,0.7247085947911045,0
202606030812,20260419,0.5329249619234214,0
202603010401,20260419,0.4253791546373667,1
202603010402,20260419,0.660743038191618,1
202603010403,20260419,0.4996808171720057,0
202603010404,20260419,0.6430177435833018,0
202603010405,20260419,0.3645392814950296,1
202603010406,20260419,0.6026280962160426,1
202603010407,20260419,0.5421408163422525,0
202603010408,20260419,0.6176429886523938,1
202603010409,20260419,0.6764412540250851,0
202603010410,20260419,0.4766176072909497,1
202603010411,20260419,0.728977618281814,0
202603010412,20260419,0.4358796471241513,1
202609020801,20260419,0.5689590575792368,0
202609020802,20260419,0.3785352267926152,1
202609020803,20260419,0.3133625876907794,0
202609020805,20260419,0.2856542444152412,0
202609020806,20260419,0.6449485575653958,0
202609020807,20260419,0.4979942908201096,1
202609020808,20260419,0.684767203541633,1
202609020809,20260419,0.7037831264236217,0
202609020810,20260419,0.6962098362595253,1
202609020811,20260419,0.7103743926306763,0
202609020812,20260419,0.5401288427798068,1
202608030101,20260425,0.5848732975587169,0
202608030102,20260425,0.4839637667616974,1
202608030103,20260425,0.5074289357225972,1
202608030105,20260425,0.5403223099404606,1
202608030106,20260425,0.2988153481987826,0
202608030107,20260425,0.7559620299071254,0
202608030108,20260425,0.6133804554295171,1
202608030109,20260425,0.5208194262502038,0
202608030110,20260425,0.7515820821647914,0
202608030111,20260425,0.7307285156011032,0
202608030112,20260425,0.6019937529183768,1
202605020101,20260425,0.3730906930722132,1
202605020102,20260425,0.495576671561644,0
202605020103,20260425,0.4849807073206076,1
202605020104,20260425,0.6454442622265818,1
202605020105,20260425,0.4404045564933893,0
202605020106,20260425,0.8056889162434943,1
202605020107,20260425,0.5874850889078954,1
202605020108,20260425,0.5216369811193203,0
202605020109,20260425,0.6518789582729212,0
202605020110,20260425,0.7598163873418724,0
202605020111,20260425,0.5970023535063406,1
202605020112,20260425,0.6206681816777808,0
202603010501,20260425,0.3377579816721168,0
202603010502,20260425,0.5476920206110462,0
202603010503,20260425,0.3617814914518688,0
202603010504,20260425,0.3679276579379493,0
202603010505,20260425,0.418408978870164,1
202603010506,20260425,0.6541486955203303,1
202603010507,20260425,0.5182731025172389,1
202603010508,20260425,0.6021404991089436,0
202603010509,20260425,0.5936067969054172,1
202603010510,20260425,0.6214966299630955,1
202603010511,20260425,0.5983491113086643,0
202603010512,20260425,0.5164781510309127,0
202608030601,20260510,0.5325632154765954,1
202608030602,20260510,0.6972300978219819,0
202608030603,20260510,0.4567339890992968,0
202608030604,20260510,0.4818474072731097,0
202608030605,20260510,0.2723188759497648,1
202608030606,20260510,0.6273349305389314,1
202608030607,20260510,0.6708772516707991,1
202608030608,20260510,0.6243208203556337,1
202608030609,20260510,0.7161777186767524,1
202608030610,20260510,0.697236971403044,1
202608030611,20260510,0.8087918912536891,1
202608030612,20260510,0.7338588457526529,1
202604010401,20260510,0.2723191902493316,1
202604010402,20260510,0.2891195696324819,0
202604010403,20260510,0.4403238219975709,0
202604010405,20260510,0.3783619355085346,1
202604010407,20260510,0.5370471776183485,1
202604010408,20260510,0.4913252151907271,1
202604010409,20260510,0.6304338684938227,1
202604010410,20260510,0.6228286769096646,1
202604010411,20260510,0.5324139115554613,0
202604010412,20260510,0.5158411823039477,1
202605020601,20260510,0.2361418586221462,0
202605020602,20260510,0.3040536193589868,0
202605020603,20260510,0.5665559491470952,1
202605020604,20260510,0.4269495941143499,1
202605020605,20260510,0.7286035919283769,1
202605020606,20260510,0.5900624530489096,0
202605020607,20260510,0.586538769795741,0
202605020608,20260510,0.7231442287530053,1
202605020609,20260510,0.6264381709301663,1
202605020610,20260510,0.6319201072677951,0
202605020611,20260510,0.7034347260386643,0
202605020612,20260510,0.645802236525915,0
