race_id,course,race_num,race_name,condition,num_horses,distance,surface,track_condition,top1_num,top1_name,top1_score,top2_num,top3_num,top1_finish,top2_finish,top3_finish,trio_bets,trio_result,bet_type,trio_hit,trio_payout,umaren_payout,actual_payout,investment,profit,status,date,umaren_hit,trio_bets_str
202606020501,中山,1,中山1R,C,,,,,,,,,,2.0,9,4,,6-8-11,,0.0,0,0,,700,-700,settled,20260314,0.0,
202606020502,中山,2,中山2R,C,,,,,,,,,,2.0,4,3,,5-12-14,,0.0,0,0,,700,-700,settled,20260314,0.0,
202606020503,中山,3,中山3R,D,,,,,,,,,,2.0,1,3,,4-9-13,,1.0,570,0,,700,-130,settled,20260314,0.0,
202606020504,中山,4,中山4R,C,,,,,,,,,,1.0,2,8,,7-8-11,,0.0,0,0,,700,-700,settled,20260314,0.0,
202606020505,中山,5,レース,C,16.0,1600.0,芝,良,11.0,アイムイン,0.1988226976964497,4.0,9.0,5.0,2,7,2-4-11; 2-9-11; 4-5-11; 4-8-11; 4-9-11; 5-9-11; 8-9-11,4-5-8,trio,0.0,0,0,0.0,700,-700,settled,20260314,,
202606020506,中山,6,レース,C,16.0,1800.0,ダ,良,12.0,テンカムテキ,0.1574649023659729,13.0,4.0,3.0,12,4,1-4-12; 1-12-13; 4-9-12; 4-11-12; 4-12-13; 9-12-13; 11-12-13,3-12-15,trio,0.0,0,0,0.0,700,-700,settled,20260314,,
202606020507,中山,7,レース,A,10.0,2500.0,芝,良,7.0,ノクターン,0.1834722115245527,1.0,4.0,2.0,1,5,1-2-7; 1-4-7; 1-6-7; 1-7-9; 2-4-7; 4-6-7; 4-7-9,1-2-7,trio,1.0,1780,0,1780.0,700,1080,settled,20260314,,
202606020508,中山,8,レース,D,16.0,1200.0,ダ,良,15.0,トモジャシーマ,0.1507907490291375,1.0,13.0,2.0,3,6,1-7-15; 1-10-15; 1-11-15; 1-13-15; 7-13-15; 10-13-15; 11-13-15,1-12-15,trio,0.0,0,0,0.0,700,-700,settled,20260314,,
202606020509,中山,9,レース,A,10.0,2000.0,芝,良,9.0,テンミラクルスター,0.165856199793038,11.0,3.0,1.0,7,4,1-3-9; 1-9-11; 3-8-9; 3-9-10; 3-9-11; 8-9-11; 9-10-11,6-7-9,trio,0.0,0,0,0.0,700,-700,settled,20260314,,
202606020510,中山,10,レース,C,16.0,1600.0,芝,良,7.0,ヒシアマン,0.164323526226143,10.0,13.0,2.0,5,4,2-7-10; 2-7-13; 5-7-10; 5-7-13; 6-7-10; 6-7-13; 7-10-13,6-7-16,trio,0.0,0,0,0.0,700,-700,settled,20260314,,
202606020511,中山,11,レース,C,16.0,1600.0,芝,良,2.0,バルボアパーク,0.1584094431395503,4.0,10.0,3.0,1,4,2-4-7; 2-4-9; 2-4-10; 2-4-13; 2-7-10; 2-9-10; 2-10-13,2-4-16,trio,0.0,0,0,0.0,700,-700,settled,20260314,,
202606020512,中山,12,レース,D,16.0,1200.0,ダ,良,14.0,キョウエイカンフ,0.1458860514200565,10.0,6.0,4.0,12,1,6-10-14; 6-11-14; 6-12-14; 6-14-15; 10-11-14; 10-12-14; 10-14-15,6-12-15,trio,0.0,0,0,0.0,700,-700,settled,20260314,,
202607010101,中京,1,中京1R,A,,,,,,,,,,1.0,4,5,,3-4-5,,0.0,0,0,,700,-700,settled,20260314,0.0,
202607010102,中京,2,中京2R,D,,,,,,,,,,3.0,5,1,,4-9-12,,1.0,7380,0,,700,6680,settled,20260314,0.0,
202607010103,中京,3,中京3R,A,,,,,,,,,,2.0,11,5,,1-4-5,,0.0,0,0,,700,-700,settled,20260314,0.0,
202607010104,中京,4,中京4R,C,,,,,,,,,,4.0,3,1,,5-11-14,,0.0,0,0,,700,-700,settled,20260314,0.0,
202607010105,中京,5,中京5R,C,,,,,,,,,,4.0,1,7,,5-12-14,,0.0,0,0,,700,-700,settled,20260314,0.0,
202607010106,中京,6,中京6R,C,,,,,,,,,,13.0,1,9,,3-10-11,,0.0,0,0,,700,-700,settled,20260314,0.0,
202607010107,中京,7,中京7R,C,,,,,,,,,,7.0,10,11,,1-9-13,,0.0,0,0,,700,-700,settled,20260314,0.0,
202607010108,中京,8,中京8R,D,,,,,,,,,,1.0,4,3,,2-12-13,,1.0,3550,0,,700,2850,settled,20260314,0.0,
202607010109,中京,9,中京9R,A,,,,,,,,,,5.0,1,7,,1-2-8,,0.0,0,0,,700,-700,settled,20260314,0.0,
202607010110,中京,10,中京10R,A,,,,,,,,,,4.0,3,2,,1-6-7,,0.0,0,0,,700,-700,settled,20260314,0.0,
202607010111,中京,11,中京11R,A,,,,,,,,,,1.0,2,4,,7-9-13,,1.0,1360,0,,700,660,settled,20260314,0.0,
202607010112,中京,12,中京12R,D,,,,,,,,,,4.0,2,1,,2-5-16,,0.0,0,0,,700,-700,settled,20260314,0.0,
202609010701,阪神,1,レース,A,13.0,1800.0,ダ,良,4.0,マルベック,0.1982245367876736,1.0,8.0,3.0,5,11,1-2-4; 1-3-4; 1-4-8; 1-4-12; 2-4-8; 3-4-8; 4-8-12,4-5-12,trio,0.0,0,0,0.0,700,-700,settled,20260314,,
202609010702,阪神,2,レース,D,16.0,1400.0,ダ,良,2.0,ジャーナーリア,0.1599380887460698,13.0,6.0,4.0,1,7,2-6-7; 2-6-8; 2-6-13; 2-6-16; 2-7-13; 2-8-13; 2-13-16,3-8-13,trio,0.0,0,0,0.0,700,-700,settled,20260314,,
202609010703,阪神,3,レース,A,13.0,1800.0,ダ,良,8.0,コスモブラック,0.1674913735178,3.0,9.0,4.0,1,9,3-5-8; 3-7-8; 3-8-9; 3-8-10; 5-8-9; 7-8-9; 8-9-10,1-3-7,trio,0.0,0,0,0.0,700,-700,settled,20260314,,
202609010704,阪神,4,レース,D,18.0,1400.0,芝,良,7.0,アクアアイ,0.1860397796196033,5.0,16.0,3.0,5,10,3-5-7; 3-7-16; 5-7-9; 5-7-11; 5-7-16; 7-9-16; 7-11-16,3-7-13,trio,0.0,0,0,0.0,700,-700,settled,20260314,,
202609010705,阪神,5,レース,C,17.0,1800.0,芝,良,4.0,ロードスタニング,0.1742542610871586,1.0,17.0,2.0,5,3,1-3-4; 1-4-10; 1-4-14; 1-4-17; 3-4-17; 4-10-17; 4-14-17,4-10-17,trio,0.0,0,0,0.0,700,-700,settled,20260314,,
202609010706,阪神,6,レース,A,13.0,1800.0,ダ,良,10.0,ヒメモモアスク,0.194749209091597,9.0,6.0,8.0,5,3,6-8-10; 6-9-10; 6-10-12; 6-10-13; 8-9-10; 9-10-12; 9-10-13,1-6-8,trio,0.0,0,0,0.0,700,-700,settled,20260314,,
202609010707,阪神,7,レース,D,16.0,1400.0,ダ,良,11.0,ハッコウイチウ,0.1630161503254485,16.0,2.0,9.0,4,1,2-6-11; 2-8-11; 2-11-14; 2-11-16; 6-11-16; 8-11-16; 11-14-16,2-7-8,trio,0.0,0,0,0.0,700,-700,settled,20260314,,
202609010708,阪神,8,レース,A,10.0,3900.0,芝,良,2.0,エコロデュエル,0.2008423744472429,10.0,9.0,2.0,6,1,2-3-9; 2-3-10; 2-4-9; 2-4-10; 2-6-9; 2-6-10; 2-9-10,2-3-9,trio,0.0,0,0,0.0,700,-700,settled,20260314,,
202609010709,阪神,9,レース,D,15.0,1200.0,芝,良,5.0,アサクサグレース,0.1391963459638832,12.0,1.0,2.0,7,4,1-5-6; 1-5-7; 1-5-12; 1-5-14; 5-6-12; 5-7-12; 5-12-14,5-6-7,trio,0.0,0,0,0.0,700,-700,settled,20260314,,
202609010710,阪神,10,レース,A,11.0,1800.0,芝,良,8.0,ジーティーアダマン,0.1750338241879171,7.0,4.0,1.0,4,2,1-4-8; 1-7-8; 3-4-8; 3-7-8; 4-7-8; 4-8-9; 7-8-9,1-4-8,trio,0.0,0,0,0.0,700,-700,settled,20260314,,
202609010711,阪神,11,レース,D,13.0,1400.0,ダ,良,1.0,ビダーヤ,0.1664454231935292,11.0,12.0,2.0,1,13,1-4-11; 1-4-12; 1-6-11; 1-6-12; 1-8-11; 1-8-12; 1-11-12,1-4-11,trio,0.0,0,0,0.0,700,-700,settled,20260314,,
202609010712,阪神,12,レース,A,8.0,1800.0,ダ,良,7.0,ソニックステップ,0.1669098857095986,5.0,6.0,2.0,1,6,1-5-7; 1-6-7; 2-5-7; 2-6-7; 3-5-7; 3-6-7; 5-6-7,3-5-7,trio,1.0,270,0,270.0,700,-430,settled,20260314,,
202606020601,中山,1,レース,D,,,,,,,,,,1.0,4,7,,4-7-10,,0.0,0,0,,700,-700,settled,20260315,0.0,
202606020602,中山,2,レース,C,,,,,,,,,,5.0,3,4,,7-8-11,,0.0,0,0,,700,-700,settled,20260315,0.0,
202606020603,中山,3,レース,D,,,,,,,,,,11.0,14,4,,2-6-10,,0.0,0,0,,700,-700,settled,20260315,0.0,
202606020604,中山,4,レース,C,,,,,,,,,,5.0,2,16,,2-4-13,,0.0,0,0,,700,-700,settled,20260315,0.0,
202606020605,中山,5,レース,C,,,,,,,,,,2.0,4,6,,10-14-18,,0.0,0,0,,700,-700,settled,20260315,0.0,
202606020606,中山,6,レース,C,,,,,,,,,,11.0,15,-,,4-5-7,,0.0,0,0,,700,-700,settled,20260315,0.0,
202606020607,中山,7,レース,D,,,,,,,,,,6.0,9,14,,4-7-15,,0.0,0,0,,700,-700,settled,20260315,0.0,
202606020608,中山,8,レース,A,,,,,,,,,,6.0,2,7,,1-7-8,,0.0,0,0,,700,-700,settled,20260315,0.0,
202606020609,中山,9,レース,A,,,,,,,,,,1.0,4,8,,5-8-11,,0.0,0,0,,700,-700,settled,20260315,0.0,
202606020610,中山,10,レース,C,,,,,,,,,,7.0,4,14,,5-6-16,,0.0,0,0,,700,-700,settled,20260315,0.0,
202606020611,中山,11,レース,C,,,,,,,,,,14.0,9,15,,2-14-15,,0.0,0,0,,700,-700,settled,20260315,0.0,
202606020612,中山,12,レース,D,,,,,,,,,,13.0,14,3,,5-11-16,,0.0,0,0,,700,-700,settled,20260315,0.0,
202607010201,中京,1,レース,D,,,,,,,,,,6.0,4,12,,3-14-16,,0.0,0,0,,700,-700,settled,20260315,0.0,
202607010202,中京,2,レース,A,,,,,,,,,,3.0,2,1,,1-11-13,,1.0,1250,0,,700,550,settled,20260315,0.0,
202607010203,中京,3,レース,C,,,,,,,,,,12.0,3,9,,1-11-12,,0.0,0,0,,700,-700,settled,20260315,0.0,
202607010204,中京,4,レース,D,,,,,,,,,,7.0,6,2,,2-5-17,,0.0,0,0,,700,-700,settled,20260315,0.0,
202607010205,中京,5,レース,C,,,,,,,,,,3.0,1,2,,1-7-15,,1.0,1080,0,,700,380,settled,20260315,0.0,
202607010206,中京,6,レース,D,,,,,,,,,,7.0,8,11,,2-5-6,,0.0,0,0,,700,-700,settled,20260315,0.0,
202607010207,中京,7,レース,C,,,,,,,,,,13.0,4,10,,1-6-15,,0.0,0,0,,700,-700,settled,20260315,0.0,
202607010208,中京,8,レース,A,,,,,,,,,,1.0,3,4,,7-9-10,,1.0,1780,0,,700,1080,settled,20260315,0.0,
202607010209,中京,9,レース,D,,,,,,,,,,3.0,14,11,,7-15-16,,0.0,0,0,,700,-700,settled,20260315,0.0,
202607010210,中京,10,レース,D,,,,,,,,,,6.0,8,11,,1-4-6,,0.0,0,0,,700,-700,settled,20260315,0.0,
202607010211,中京,11,レース,A,,,,,,,,,,12.0,11,5,,3-9-12,,0.0,0,0,,700,-700,settled,20260315,0.0,
202607010212,中京,12,レース,D,,,,,,,,,,1.0,8,16,,1-2-13,,0.0,0,0,,700,-700,settled,20260315,0.0,
202609010801,阪神,1,レース,D,,,,,,,,,,1.0,10,5,,2-7-11,,0.0,0,0,,700,-700,settled,20260315,0.0,
202609010802,阪神,2,レース,A,,,,,,,,,,2.0,12,11,,3-4-13,,0.0,0,0,,700,-700,settled,20260315,0.0,
202609010803,阪神,3,レース,D,,,,,,,,,,2.0,11,9,,8-9-14,,0.0,0,0,,700,-700,settled,20260315,0.0,
202609010805,阪神,5,レース,C,,,,,,,,,,11.0,1,4,,2-4-10,,0.0,0,0,,700,-700,settled,20260315,0.0,
202609010806,阪神,6,レース,A,,,,,,,,,,4.0,6,2,,5-6-7,,0.0,0,0,,700,-700,settled,20260315,0.0,
202609010807,阪神,7,レース,A,,,,,,,,,,5.0,3,1,,3-7-13,,0.0,0,0,,700,-700,settled,20260315,0.0,
202609010808,阪神,8,レース,A,,,,,,,,,,4.0,8,3,,6-9-11,,0.0,0,0,,700,-700,settled,20260315,0.0,
202609010809,阪神,9,レース,E,,,,,,,,,,4.0,3,5,,3-4-7,,0.0,0,0,,700,-700,settled,20260315,0.0,
202609010810,阪神,10,レース,A,,,,,,,,,,7.0,8,3,,4-5-14,,0.0,0,0,,700,-700,settled,20260315,0.0,
202609010811,阪神,11,レース,D,,,,,,,,,,12.0,14,11,,8-12-14,,0.0,0,0,,700,-700,settled,20260315,0.0,
202609010812,阪神,12,レース,D,,,,,,,,,,7.0,12,6,,5-7-8,,0.0,0,0,,700,-700,settled,20260315,0.0,
202606020701,中山,1,中山1R,D,,,,,,,,,,4.0,2,3,,8-10-11,trio,0.0,0,0,,700,-700,settled,20260321,0.0,1-5-10; 1-5-11; 5-8-10; 5-8-11; 5-10-11; 5-10-13; 5-11-13
202606020702,中山,2,中山2R,A,,,,,,,,,,1.0,3,2,,3-6-8,trio,1.0,860,0,,700,160,settled,20260321,0.0,3-6-8; 3-6-10; 3-6-11; 3-6-12; 3-8-10; 3-8-11; 3-8-12
202606020703,中山,3,中山3R,D,,,,,,,,,,14.0,3,2,,2-6-15,trio,0.0,0,0,,700,-700,settled,20260321,0.0,2-3-8; 2-4-8; 2-8-15; 2-8-16; 3-8-15; 4-8-15; 8-15-16
202606020704,中山,4,中山4R,A,,,,,,,,,,3.0,8,-,,3-6-8,trio,0.0,0,0,,700,-700,settled,20260321,0.0,1-6-9; 1-6-12; 4-6-9; 4-6-12; 6-8-9; 6-8-12; 6-9-12
202606020705,中山,5,中山5R,A,,,,,,,,,,1.0,2,7,,9-10-11,trio,1.0,1200,0,,700,500,settled,20260321,0.0,1-4-10; 1-9-10; 4-8-10; 4-9-10; 4-10-11; 8-9-10; 9-10-11
202606020706,中山,6,中山6R,A,,,,,,,,,,8.0,3,7,,10-11-12,trio,0.0,0,0,,700,-700,settled,20260321,0.0,1-7-12; 1-7-13; 5-7-12; 5-7-13; 7-11-12; 7-11-13; 7-12-13
202606020707,中山,7,中山7R,C,,,,,,,,,,6.0,15,5,,3-4-5,trio,0.0,0,0,,700,-700,settled,20260321,0.0,1-2-8; 1-3-8; 1-8-11; 1-8-12; 2-8-12; 3-8-12; 8-11-12
202606020709,館山特別,0,館山特別,C,,,,,,,,,,9.0,3,1,,4-5-13,trio,0.0,0,0,,700,-700,settled,20260321,0.0,4-5-10; 4-6-10; 4-10-13; 4-10-16; 5-10-13; 6-10-13; 10-13-16
202606020710,韓国馬事会杯,0,韓国馬事会杯,A,,,,,,,,,,7.0,10,8,,4-11-12,trio,0.0,0,0,,700,-700,settled,20260321,0.0,1-2-6; 1-6-9; 1-6-11; 1-6-13; 2-6-13; 6-9-13; 6-11-13
202606020711,フラワーC,0,フラワーC,C,,,,,,,,,,3.0,2,7,,8-10-11,trio,1.0,22810,0,,700,22110,settled,20260321,0.0,3-7-8; 3-8-10; 3-8-11; 3-8-16; 7-8-11; 8-10-11; 8-11-16
202606020712,4歳以上1勝クラス,0,4歳以上1勝クラス,D,,,,,,,,,,2.0,3,5,,10-11-14,trio,1.0,5830,0,,700,5130,settled,20260321,0.0,9-11-14; 9-11-16; 10-11-14; 10-11-16; 11-14-15; 11-14-16; 11-15-16
202607010301,中京,1,中京1R,A,,,,,,,,,,1.0,6,8,,2-9-13,trio,0.0,0,0,,700,-700,settled,20260321,0.0,4-5-13; 4-9-13; 4-10-13; 4-11-13; 5-9-13; 5-10-13; 5-11-13
202607010302,中京,2,中京2R,D,,,,,,,,,,5.0,3,11,,1-4-10,trio,0.0,0,0,,700,-700,settled,20260321,0.0,3-4-16; 3-8-16; 4-6-16; 4-8-16; 4-10-16; 6-8-16; 8-10-16
202607010303,中京,3,中京3R,A,,,,,,,,,,9.0,3,2,,1-4-7,trio,0.0,0,0,,700,-700,settled,20260321,0.0,1-4-11; 1-7-11; 2-4-11; 2-7-11; 4-5-11; 4-7-11; 5-7-11
202607010304,中京,4,中京4R,C,,,,,,,,,,1.0,2,12,,3-5-16,trio,0.0,0,0,,700,-700,settled,20260321,0.0,1-5-16; 1-9-16; 5-9-16; 5-15-16; 5-16-18; 9-15-16; 9-16-18
202607010305,中京,5,中京5R,C,,,,,,,,,,2.0,3,6,,6-9-12,trio,1.0,3320,0,,700,2620,settled,20260321,0.0,1-2-6; 1-6-12; 2-6-9; 2-6-12; 2-6-14; 6-9-12; 6-12-14
202607010306,中京,6,中京6R,D,,,,,,,,,,5.0,8,2,,4-8-12,trio,0.0,0,0,,700,-700,settled,20260321,0.0,1-6-17; 1-12-17; 4-6-17; 4-12-17; 6-8-17; 6-12-17; 8-12-17
202607010307,中京,7,中京7R,D,,,,,,,,,,3.0,16,11,,7-13-16,trio,0.0,0,0,,700,-700,settled,20260321,0.0,3-4-13; 3-8-13; 3-13-14; 3-13-16; 4-8-13; 8-13-14; 8-13-16
202607010308,4歳以上1勝クラス,0,4歳以上1勝クラス,A,,,,,,,,,,1.0,2,8,,5-6-11,trio,1.0,1600,0,,700,900,settled,20260321,0.0,1-2-11; 1-5-11; 2-5-11; 2-6-11; 2-7-11; 5-6-11; 5-7-11
202607010309,岡崎特別,0,岡崎特別,D,,,,,,,,,,9.0,5,8,,1-6-7,trio,0.0,0,0,,700,-700,settled,20260321,0.0,3-4-5; 3-4-10; 3-5-7; 3-5-8; 3-5-10; 3-7-10; 3-8-10
202607010310,豊明S,0,豊明S,D,,,,,,,,,,11.0,3,2,,9-13-14,trio,0.0,0,0,,700,-700,settled,20260321,0.0,3-6-9; 3-6-14; 3-8-9; 3-8-14; 3-9-13; 3-9-14; 3-13-14
202607010311,ファルコンS,0,ファルコンS,D,,,,,,,,,,12.0,6,10,,7-9-10,trio,0.0,0,0,,700,-700,settled,20260321,0.0,1-2-4; 1-2-17; 1-3-4; 1-3-17; 1-4-7; 1-4-17; 1-7-17
202607010312,4歳以上1勝クラス,0,4歳以上1勝クラス,A,,,,,,,,,,2.0,4,1,,3-4-5,trio,1.0,1910,0,,700,1210,settled,20260321,0.0,2-3-5; 2-4-5; 2-5-9; 2-5-14; 3-4-5; 3-5-9; 3-5-14
202609010901,阪神,1,阪神1R,A,,,,,,,,,,5.0,3,8,,3-6-9,trio,0.0,0,0,,700,-700,settled,20260321,0.0,1-4-9; 1-4-10; 3-4-9; 3-4-10; 4-5-9; 4-5-10; 4-9-10
202609010902,阪神,2,阪神2R,D,,,,,,,,,,11.0,3,9,,2-6-10,trio,0.0,0,0,,700,-700,settled,20260321,0.0,1-6-9; 1-7-9; 3-6-9; 3-7-9; 6-7-9; 6-9-10; 7-9-10
202609010903,阪神,3,阪神3R,A,,,,,,,,,,3.0,8,1,,4-7-9,trio,1.0,1040,0,,700,340,settled,20260321,0.0,3-4-9; 3-9-10; 4-5-9; 4-7-9; 4-9-10; 5-9-10; 7-9-10
202609010904,阪神,4,阪神4R,D,,,,,,,,,,7.0,3,1,,10-14-15,trio,0.0,0,0,,700,-700,settled,20260321,0.0,3-6-14; 3-6-15; 3-9-14; 3-9-15; 3-10-14; 3-10-15; 3-14-15
202609010905,阪神,5,阪神5R,C,,,,,,,,,,6.0,3,9,,7-12-15,trio,0.0,0,0,,700,-700,settled,20260321,0.0,5-6-8; 5-8-12; 6-8-12; 6-8-14; 6-8-15; 8-12-14; 8-12-15
202609010906,阪神,6,阪神6R,D,,,,,,,,,,12.0,1,10,,5-8-11,trio,0.0,0,0,,700,-700,settled,20260321,0.0,2-5-9; 2-6-9; 2-7-9; 2-9-12; 5-6-9; 5-7-9; 5-9-12
202609010907,阪神,7,阪神7R,A,,,,,,,,,,1.0,4,3,,4-5-11,trio,0.0,0,0,,700,-700,settled,20260321,0.0,2-4-5; 2-4-8; 4-5-7; 4-5-8; 4-5-10; 4-7-8; 4-8-10
202609010908,4歳以上2勝クラス,0,4歳以上2勝クラス,A,,,,,,,,,,1.0,8,6,,5-8-9,trio,0.0,0,0,,700,-700,settled,20260321,0.0,3-6-9; 3-7-9; 3-9-10; 3-9-11; 6-7-9; 6-9-10; 6-9-11
202609010909,淡路特別,0,淡路特別,A,,,,,,,,,,5.0,8,1,,3-5-8,trio,0.0,0,0,,700,-700,settled,20260321,0.0,2-4-5; 2-4-6; 3-4-5; 3-4-6; 4-5-6; 4-5-8; 4-6-8
202609010910,淀屋橋S,0,淀屋橋S,D,,,,,,,,,,13.0,15,7,,1-6-10,trio,0.0,0,0,,700,-700,settled,20260321,0.0,4-11-13; 4-11-16; 7-11-13; 7-11-16; 10-11-13; 10-11-16; 11-13-16
202609010911,若葉S,0,若葉S,A,,,,,,,,,,1.0,9,8,,1-7-9,trio,0.0,0,0,,700,-700,settled,20260321,0.0,1-2-3; 1-2-12; 1-3-4; 1-3-6; 1-3-12; 1-4-12; 1-6-12
202609010912,4歳以上1勝クラス,0,4歳以上1勝クラス,D,,,,,,,,,,8.0,4,5,,8-9-10,trio,0.0,0,0,,700,-700,settled,20260321,0.0,3-5-7; 3-5-10; 3-5-13; 3-5-15; 3-7-10; 3-7-13; 3-7-15
202606030101,3歳未勝利,0,3歳未勝利,D,,,,,,,,,,2.0,1,7,,6-7-9,trio,1.0,870,0,,700,170,settled,20260328,0.0,3-6-7; 3-7-9; 3-7-10; 3-7-11; 6-7-9; 7-9-10; 7-9-11
202606030102,3歳未勝利,0,3歳未勝利,X,,,,,,,,,,3.0,1,7,,11-13-15,trio,0.0,0,0,,700,-700,settled,20260328,0.0,2-7-15; 2-13-15; 7-12-15; 7-13-15; 7-15-16; 12-13-15; 13-15-16
202606030103,3歳未勝利,0,3歳未勝利,D,,,,,,,,,,1.0,3,2,,2-5-8,trio,1.0,610,0,,700,-90,settled,20260328,0.0,2-3-5; 2-3-8; 2-5-8; 2-5-12; 2-5-14; 2-8-12; 2-8-14
202606030104,3歳未勝利,0,3歳未勝利,X,,,,,,,,,,3.0,10,2,,4-9-12,trio,0.0,0,0,,700,-700,settled,20260328,0.0,2-7-12; 2-9-12; 7-8-12; 7-9-12; 7-12-14; 8-9-12; 9-12-14
202606030105,3歳未勝利,0,3歳未勝利,C,,,,,,,,,,2.0,15,9,,5-9-10,trio,0.0,0,0,,700,-700,settled,20260328,0.0,2-9-12; 2-9-16; 9-10-12; 9-10-16; 9-11-12; 9-11-16; 9-12-16
202606030106,3歳1勝クラス,0,3歳1勝クラス,A,,,,,,,,,,1.0,3,4,,7-9-10,trio,1.0,380,0,,700,-320,settled,20260328,0.0,2-6-7; 2-7-8; 2-7-9; 2-7-10; 6-7-10; 7-8-10; 7-9-10
202606030107,4歳以上1勝クラス,0,4歳以上1勝クラス,B,,,,,,,,,,6.0,4,7,,1-9-10,trio,0.0,0,0,,700,-700,settled,20260328,0.0,5-6-8; 5-6-9; 5-6-11; 5-6-12; 5-8-11; 5-9-11; 5-11-12
202606030109,ブラッドストーンS,0,ブラッドストーンS,D,,,,,,,,,,4.0,2,5,,1-2-7,trio,0.0,0,0,,700,-700,settled,20260328,0.0,2-4-5; 2-5-7; 3-4-5; 3-5-7; 4-5-7; 4-5-8; 5-7-8
202606030110,伏竜S,0,伏竜S,B,,,,,,,,,,5.0,1,8,,1-5-8,trio,0.0,0,0,,700,-700,settled,20260328,0.0,1-2-3; 1-3-5; 2-3-4; 2-3-5; 2-3-6; 3-4-5; 3-5-6
202606030111,日経賞,0,日経賞,C,,,,,,,,,,10.0,11,2,,1-14-15,trio,0.0,0,0,,700,-700,settled,20260328,0.0,1-2-5; 1-3-5; 1-5-6; 1-5-7; 2-5-6; 3-5-6; 5-6-7
202606030112,4歳以上2勝クラス,0,4歳以上2勝クラス,X,,,,,,,,,,4.0,16,13,,4-9-16,trio,0.0,0,0,,700,-700,settled,20260328,0.0,4-5-14; 4-7-14; 5-7-14; 5-12-14; 5-14-15; 7-12-14; 7-14-15
202607010501,3歳未勝利,0,3歳未勝利,D,,,,,,,,,,2.0,13,6,,2-6-15,trio,0.0,0,0,,700,-700,settled,20260328,0.0,2-3-10; 2-3-12; 2-7-10; 2-7-12; 2-8-10; 2-8-12; 2-10-12
202607010502,3歳未勝利,0,3歳未勝利,A,,,,,,,,,,11.0,3,6,,3-11-13,trio,0.0,0,0,,700,-700,settled,20260328,0.0,3-4-5; 3-4-6; 3-4-9; 3-4-10; 4-5-10; 4-6-10; 4-9-10
202607010503,3歳未勝利,0,3歳未勝利,C,,,,,,,,,,8.0,4,1,,1-2-5,trio,0.0,0,0,,700,-700,settled,20260328,0.0,2-5-7; 2-7-9; 2-7-11; 2-7-12; 5-7-9; 7-9-11; 7-9-12
202607010504,3歳未勝利,0,3歳未勝利,A,,,,,,,,,,8.0,2,6,,5-6-9,trio,0.0,0,0,,700,-700,settled,20260328,0.0,3-4-5; 3-4-12; 4-5-7; 4-5-9; 4-5-12; 4-7-12; 4-9-12
202607010505,3歳未勝利,0,3歳未勝利,C,,,,,,,,,,5.0,-,3,,7-8-12,trio,0.0,0,0,,700,-700,settled,20260328,0.0,1-5-14; 1-7-14; 3-5-14; 3-7-14; 5-7-14; 5-11-14; 7-11-14
202607010507,4歳以上1勝クラス,0,4歳以上1勝クラス,C,,,,,,,,,,4.0,11,10,,1-4-16,trio,0.0,0,0,,700,-700,settled,20260328,0.0,3-4-8; 3-6-8; 3-8-11; 3-8-16; 4-8-11; 6-8-11; 8-11-16
202607010508,4歳以上1勝クラス,0,4歳以上1勝クラス,C,,,,,,,,,,13.0,5,3,,5-8-9,trio,0.0,0,0,,700,-700,settled,20260328,0.0,3-4-8; 3-4-12; 3-4-13; 3-4-15; 3-8-12; 3-8-13; 3-8-15
202607010509,ロイヤルバンコクスポーツクラブ賞,0,ロイヤルバンコクスポーツクラブ賞,A,,,,,,,,,,9.0,8,4,,3-6-7,trio,0.0,0,0,,700,-700,settled,20260328,0.0,1-4-5; 1-4-7; 1-4-8; 1-4-9; 1-5-7; 1-5-8; 1-5-9
202607010510,ターフオーソリティーオブインディア賞,0,ターフオーソリティーオブインディア賞,A,,,,,,,,,,2.0,8,3,,7-8-11,trio,0.0,0,0,,700,-700,settled,20260328,0.0,4-7-11; 4-9-11; 5-7-11; 5-9-11; 6-7-11; 6-9-11; 7-9-11
202607010511,マレーシアC,0,マレーシアC,C,,,,,,,,,,5.0,6,16,,2-12-14,trio,0.0,0,0,,700,-700,settled,20260328,0.0,1-3-6; 1-3-7; 1-5-6; 1-5-7; 1-6-7; 1-6-8; 1-7-8
202607010512,フィリピンT,0,フィリピンT,D,,,,,,,,,,2.0,13,5,,7-11-12,trio,0.0,0,0,,700,-700,settled,20260328,0.0,1-2-7; 1-7-9; 2-7-9; 2-7-11; 2-7-16; 7-9-11; 7-9-16
202609020102,3歳未勝利,0,3歳未勝利,A,,,,,,,,,,1.0,9,11,,4-9-10,trio,0.0,0,0,,700,-700,settled,20260328,0.0,3-4-9; 3-5-9; 3-8-9; 3-9-11; 4-5-9; 5-8-9; 5-9-11
202609020103,3歳未勝利,0,3歳未勝利,D,,,,,,,,,,2.0,3,1,,2-4-12,trio,1.0,440,0,,700,-260,settled,20260328,0.0,2-4-9; 2-4-12; 2-4-13; 2-4-14; 4-9-12; 4-12-13; 4-12-14
202609020104,3歳未勝利,0,3歳未勝利,A,,,,,,,,,,2.0,1,7,,1-5-9,trio,0.0,0,0,,700,-700,settled,20260328,0.0,1-2-9; 1-8-9; 1-9-10; 1-9-11; 2-9-11; 8-9-11; 9-10-11
202609020105,3歳未勝利,0,3歳未勝利,C,,,,,,,,,,2.0,4,3,,2-6-10,trio,0.0,0,0,,700,-700,settled,20260328,0.0,2-3-6; 2-5-6; 2-6-7; 2-6-17; 3-5-6; 3-6-7; 3-6-17
202609020106,3歳1勝クラス,0,3歳1勝クラス,D,,,,,,,,,,7.0,3,9,,2-3-4,trio,0.0,0,0,,700,-700,settled,20260328,0.0,2-3-5; 2-5-7; 2-5-8; 2-5-10; 3-5-10; 5-7-10; 5-8-10
202609020107,4歳以上1勝クラス,0,4歳以上1勝クラス,D,,,,,,,,,,4.0,2,10,,1-4-11,trio,0.0,0,0,,700,-700,settled,20260328,0.0,4-5-6; 4-6-8; 4-6-9; 4-6-10; 5-6-10; 6-8-10; 6-9-10
202609020109,君子蘭賞,0,君子蘭賞,E,,,,,,,,,,3.0,2,1,,1-2-3,umaren,0.0,0,0,,700,-700,settled,20260328,0.0,1-3; 2-3
202609020110,仲春特別,0,仲春特別,D,,,,,,,,,,10.0,6,4,,7-10-11,trio,0.0,0,0,,700,-700,settled,20260328,0.0,1-2-3; 1-3-4; 1-3-5; 1-3-6; 2-3-4; 3-4-5; 3-4-6
202609020111,毎日杯,0,毎日杯,E,,,,,,,,,,5.0,2,1,,2-3-4,umaren,0.0,0,0,,700,-700,settled,20260328,0.0,1-3; 1-4
202609020112,4歳以上2勝クラス,0,4歳以上2勝クラス,A,,,,,,,,,,4.0,2,1,,1-4-12,trio,0.0,0,0,,700,-700,settled,20260328,0.0,4-7-14; 4-10-14; 4-11-14; 4-12-14; 7-12-14; 10-12-14; 11-12-14
202606030201,3歳未勝利,0,3歳未勝利,C,,,,,,,,,,4.0,12,6,,1-6-8,trio,0.0,0,0,,700,-700,settled,20260329,0.0,5-7-9; 5-8-9; 5-9-15; 5-9-16; 7-9-16; 8-9-16; 9-15-16
202606030202,3歳未勝利,0,3歳未勝利,D,,,,,,,,,,11.0,4,15,,3-5-15,trio,0.0,0,0,,700,-700,settled,20260329,0.0,1-4-12; 1-7-12; 4-7-12; 4-12-15; 4-12-16; 7-12-15; 7-12-16
202606030203,3歳未勝利,0,3歳未勝利,C,,,,,,,,,,2.0,1,10,,1-5-14,trio,1.0,620,0,,700,-80,settled,20260329,0.0,1-4-5; 1-5-14; 4-5-8; 4-5-13; 4-5-14; 5-8-14; 5-13-14
202606030204,3歳未勝利,0,3歳未勝利,C,,,,,,,,,,10.0,7,1,,12-13-15,trio,0.0,0,0,,700,-700,settled,20260329,0.0,2-8-10; 2-8-12; 2-10-12; 2-10-13; 2-10-15; 2-12-13; 2-12-15
202606030205,3歳未勝利,0,3歳未勝利,A,,,,,,,,,,1.0,3,2,,2-3-10,trio,1.0,2700,0,,700,2000,settled,20260329,0.0,1-2-3; 1-2-10; 2-3-10; 2-3-11; 2-3-13; 2-10-11; 2-10-13
202606030206,3歳1勝クラス,0,3歳1勝クラス,D,,,,,,,,,,3.0,6,10,,2-7-11,trio,0.0,0,0,,700,-700,settled,20260329,0.0,2-7-8; 2-7-9; 2-8-9; 2-8-10; 2-8-11; 2-9-10; 2-9-11
202606030207,4歳以上1勝クラス,0,4歳以上1勝クラス,C,,,,,,,,,,2.0,15,7,,9-12-13,trio,0.0,0,0,,700,-700,settled,20260329,0.0,1-2-13; 1-5-13; 2-5-13; 2-9-13; 2-12-13; 5-9-13; 5-12-13
202606030208,4歳以上1勝クラス,0,4歳以上1勝クラス,D,,,,,,,,,,1.0,5,3,,5-6-8,trio,0.0,0,0,,700,-700,settled,20260329,0.0,3-4-5; 3-5-8; 3-5-9; 3-5-15; 4-5-8; 5-8-9; 5-8-15
202606030209,ミモザ賞,0,ミモザ賞,E,,,,,,,,,,1.0,3,2,,2-3-5,umaren,0.0,0,830,,700,130,settled,20260329,1.0,3-5; 2-3
202606030210,船橋S,0,船橋S,D,,,,,,,,,,1.0,2,3,,6-10-15,trio,1.0,4010,0,,700,3310,settled,20260329,0.0,2-6-10; 2-10-15; 6-10-12; 6-10-13; 6-10-15; 10-12-15; 10-13-15
202606030211,マーチS,0,マーチS,C,,,,,,,,,,1.0,7,4,,4-7-15,trio,0.0,0,0,,700,-700,settled,20260329,0.0,5-6-15; 5-9-15; 6-7-15; 6-9-15; 6-14-15; 7-9-15; 9-14-15
202606030212,4歳以上2勝クラス,0,4歳以上2勝クラス,D,,,,,,,,,,2.0,10,5,,5-9-10,trio,0.0,0,0,,700,-700,settled,20260329,0.0,2-7-9; 2-9-11; 5-7-9; 5-9-11; 6-7-9; 6-9-11; 7-9-11
202607010601,3歳未勝利,0,3歳未勝利,D,,,,,,,,,,3.0,1,6,,12-13-16,trio,1.0,890,0,,700,190,settled,20260329,0.0,5-6-16; 5-12-16; 6-10-16; 6-12-16; 6-13-16; 10-12-16; 12-13-16
202607010602,3歳未勝利,0,3歳未勝利,A,,,,,,,,,,2.0,11,4,,1-10-12,trio,0.0,0,0,,700,-700,settled,20260329,0.0,4-8-12; 4-9-12; 4-10-12; 4-12-13; 8-9-12; 8-10-12; 8-12-13
202607010603,3歳未勝利,0,3歳未勝利,D,,,,,,,,,,1.0,11,-,,7-12-13,trio,0.0,0,0,,700,-700,settled,20260329,0.0,1-2-7; 1-7-13; 1-7-14; 1-7-15; 2-7-15; 7-13-15; 7-14-15
202607010604,3歳未勝利,0,3歳未勝利,D,,,,,,,,,,1.0,-,4,,2-10-12,trio,0.0,0,0,,700,-700,settled,20260329,0.0,2-5-6; 2-5-7; 2-6-7; 2-6-12; 2-6-16; 2-7-12; 2-7-16
202607010605,3歳未勝利,0,3歳未勝利,C,,,,,,,,,,2.0,3,13,,1-7-9,trio,1.0,980,0,,700,280,settled,20260329,0.0,1-2-9; 1-5-9; 1-7-9; 1-9-15; 2-5-9; 2-7-9; 2-9-15
202607010606,4歳以上1勝クラス,0,4歳以上1勝クラス,A,,,,,,,,,,3.0,2,1,,3-5-8,trio,1.0,12440,0,,700,11740,settled,20260329,0.0,1-3-8; 1-5-8; 3-5-8; 3-8-10; 3-8-11; 5-8-10; 5-8-11
202607010607,4歳以上1勝クラス,0,4歳以上1勝クラス,A,,,,,,,,,,3.0,1,10,,3-4-12,trio,1.0,1750,0,,700,1050,settled,20260329,0.0,1-3-6; 1-3-12; 3-4-6; 3-4-12; 3-5-6; 3-5-12; 3-6-12
202607010608,大寒桜賞,0,大寒桜賞,E,,,,,,,,,,6.0,7,4,,3-4-7,umaren,0.0,0,0,,700,-700,settled,20260329,0.0,2-5; 1-5
202607010609,4歳以上1勝クラス,0,4歳以上1勝クラス,C,,,,,,,,,,1.0,5,11,,2-6-11,trio,0.0,0,0,,700,-700,settled,20260329,0.0,2-5-6; 2-6-10; 5-6-8; 5-6-10; 5-6-11; 6-8-10; 6-10-11
202607010610,伊勢S,0,伊勢S,C,,,,,,,,,,1.0,5,6,,8-13-14,trio,0.0,0,0,,700,-700,settled,20260329,0.0,4-8-10; 4-8-15; 8-10-13; 8-10-14; 8-10-15; 8-13-15; 8-14-15
202607010611,高松宮記念,0,高松宮記念,D,,,,,,,,,,1.0,5,17,,6-8-9,trio,0.0,0,0,,700,-700,settled,20260329,0.0,1-9-14; 1-9-18; 9-10-14; 9-10-18; 9-13-14; 9-13-18; 9-14-18
202607010612,鈴鹿特別,0,鈴鹿特別,D,,,,,,,,,,1.0,4,2,,6-11-14,trio,1.0,4920,0,,700,4220,settled,20260329,0.0,2-5-11; 2-6-11; 2-11-13; 2-11-14; 5-11-14; 6-11-14; 11-13-14
202609020201,3歳未勝利,0,3歳未勝利,A,,,,,,,,,,9.0,8,2,,1-2-5,trio,0.0,0,0,,700,-700,settled,20260329,0.0,2-3-5; 2-3-6; 2-3-11; 2-3-12; 3-5-12; 3-6-12; 3-11-12
202609020202,3歳未勝利,0,3歳未勝利,A,,,,,,,,,,1.0,3,2,,3-4-6,trio,1.0,1590,0,,700,890,settled,20260329,0.0,2-3-4; 2-3-6; 3-4-5; 3-4-6; 3-4-8; 3-5-6; 3-6-8
202609020203,3歳未勝利,0,3歳未勝利,D,,,,,,,,,,16.0,13,6,,3-13-14,trio,0.0,0,0,,700,-700,settled,20260329,0.0,1-2-10; 1-2-11; 2-4-10; 2-4-11; 2-7-10; 2-7-11; 2-10-11
202609020205,3歳未勝利,0,3歳未勝利,A,,,,,,,,,,1.0,3,2,,5-7-11,trio,1.0,370,0,,700,-330,settled,20260329,0.0,2-5-7; 2-5-11; 5-7-9; 5-7-10; 5-7-11; 5-9-11; 5-10-11
202609020206,3歳1勝クラス,0,3歳1勝クラス,D,,,,,,,,,,2.0,3,4,,1-7-8,trio,1.0,1670,0,,700,970,settled,20260329,0.0,1-7-8; 1-8-10; 2-7-8; 2-8-10; 4-7-8; 4-8-10; 7-8-10
202609020207,4歳以上1勝クラス,0,4歳以上1勝クラス,D,,,,,,,,,,3.0,6,8,,1-2-14,trio,0.0,0,0,,700,-700,settled,20260329,0.0,1-2-3; 1-2-9; 1-3-8; 1-3-9; 1-3-10; 1-8-9; 1-9-10
202609020208,四国新聞杯,0,四国新聞杯,E,,,,,,,,,,4.0,6,1,,4-5-7,umaren,0.0,0,0,,700,-700,settled,20260329,0.0,2-3; 3-4
202609020209,4歳以上1勝クラス,0,4歳以上1勝クラス,C,,,,,,,,,,4.0,7,15,,7-14-15,trio,0.0,0,0,,700,-700,settled,20260329,0.0,2-8-11; 2-8-13; 2-9-11; 2-9-13; 2-11-13; 2-11-15; 2-13-15
202609020210,御堂筋S,0,御堂筋S,A,,,,,,,,,,2.0,10,4,,1-2-4,trio,0.0,0,0,,700,-700,settled,20260329,0.0,1-2-3; 1-2-10; 2-3-8; 2-3-10; 2-3-11; 2-8-10; 2-10-11
202609020211,六甲S,0,六甲S,A,,,,,,,,,,13.0,1,2,,1-6-7,trio,0.0,0,0,,700,-700,settled,20260329,0.0,2-6-9; 2-7-9; 4-6-9; 4-7-9; 5-6-9; 5-7-9; 6-7-9
202609020212,4歳以上2勝クラス,0,4歳以上2勝クラス,D,,,,,,,,,,14.0,4,6,,9-10-16,trio,0.0,0,0,,700,-700,settled,20260329,0.0,5-7-15; 5-8-15; 5-10-15; 5-12-15; 7-8-15; 8-10-15; 8-12-15
202606030301,3歳未勝利,0,3歳未勝利,D,,,,,,,,,,1.0,5,2,,5-8-12,trio,1.0,1590,0,,700,890,settled,20260404,0.0,3-5-8; 3-7-8; 3-8-11; 3-8-12; 5-7-8; 5-8-11; 5-8-12
202606030302,3歳未勝利,0,3歳未勝利,A,,,,,,,,,,6.0,1,2,,5-11-14,trio,0.0,0,0,,700,-700,settled,20260404,0.0,1-5-12; 1-12-14; 5-9-12; 5-10-12; 5-12-14; 9-12-14; 10-12-14
202606030303,3歳未勝利,0,3歳未勝利,D,,,,,,,,,,9.0,2,14,,1-2-3,trio,0.0,0,0,,700,-700,settled,20260404,0.0,1-3-4; 1-4-15; 2-3-4; 2-4-15; 3-4-15; 3-4-16; 4-15-16
202606030305,3歳未勝利,0,3歳未勝利,C,,,,,,,,,,3.0,1,5,,3-11-13,trio,1.0,2630,0,,700,1930,settled,20260404,0.0,3-7-13; 3-10-13; 3-11-13; 3-13-15; 7-10-13; 7-11-13; 7-13-15
202606030306,3歳未勝利,0,3歳未勝利,A,,,,,,,,,,3.0,6,1,,4-7-8,trio,1.0,4640,0,,700,3940,settled,20260404,0.0,4-5-8; 4-5-10; 4-7-8; 4-7-10; 4-8-10; 4-8-13; 4-10-13
202606030307,4歳以上1勝クラス,0,4歳以上1勝クラス,A,,,,,,,,,,1.0,6,3,,1-7-9,trio,1.0,2910,0,,700,2210,settled,20260404,0.0,1-2-7; 1-2-8; 1-7-8; 1-7-9; 1-7-10; 1-8-9; 1-8-10
202606030308,4歳以上1勝クラス,0,4歳以上1勝クラス,B,,,,,,,,,,8.0,2,4,,1-3-5,trio,0.0,0,0,,700,-700,settled,20260404,0.0,1-3-7; 1-7-9; 3-5-7; 3-7-9; 3-7-11; 5-7-9; 7-9-11
202606030309,山吹賞,0,山吹賞,A,,,,,,,,,,3.0,-,10,,4-12-13,trio,0.0,0,0,,700,-700,settled,20260404,0.0,4-5-13; 4-8-13; 5-8-13; 5-10-13; 5-11-13; 8-10-13; 8-11-13
202606030310,千葉日報杯,0,千葉日報杯,X,,,,,,,,,,6.0,2,9,,3-6-11,trio,0.0,0,0,,700,-700,settled,20260404,0.0,3-6-10; 3-10-15; 6-9-10; 6-10-11; 6-10-15; 9-10-15; 10-11-15
202606030311,ダービー卿CT,0,ダービー卿CT,C,,,,,,,,,,13.0,11,3,,8-11-16,trio,0.0,0,0,,700,-700,settled,20260404,0.0,2-8-15; 2-14-15; 4-8-15; 4-14-15; 8-10-15; 8-14-15; 10-14-15
202606030312,4歳以上2勝クラス,0,4歳以上2勝クラス,D,,,,,,,,,,7.0,12,3,,1-12-14,trio,0.0,0,0,,700,-700,settled,20260404,0.0,1-2-3; 1-3-14; 2-3-6; 2-3-13; 2-3-14; 3-6-14; 3-13-14
202609020302,3歳未勝利,0,3歳未勝利,D,,,,,,,,,,1.0,5,3,,1-11-15,trio,1.0,3060,0,,700,2360,settled,20260404,0.0,1-10-15; 1-11-15; 1-14-15; 1-15-16; 10-14-15; 11-14-15; 14-15-16
202609020303,3歳未勝利,0,3歳未勝利,A,,,,,,,,,,3.0,5,2,,6-11-13,trio,1.0,1080,0,,700,380,settled,20260404,0.0,4-6-13; 4-8-13; 4-11-13; 4-12-13; 6-8-13; 6-11-13; 6-12-13
202609020304,3歳未勝利,0,3歳未勝利,D,,,,,,,,,,2.0,1,13,,6-9-11,trio,0.0,0,0,,700,-700,settled,20260404,0.0,5-6-11; 5-11-16; 6-10-11; 6-11-13; 6-11-16; 10-11-16; 11-13-16
202609020305,3歳未勝利,0,3歳未勝利,C,,,,,,,,,,4.0,6,2,,8-11-16,trio,0.0,0,0,,700,-700,settled,20260404,0.0,3-6-8; 3-6-11; 3-6-16; 3-6-17; 3-8-16; 3-11-16; 3-16-17
202609020306,4歳以上1勝クラス,0,4歳以上1勝クラス,D,,,,,,,,,,3.0,15,13,,2-6-14,trio,0.0,0,0,,700,-700,settled,20260404,0.0,2-5-6; 2-6-13; 4-5-6; 4-6-13; 5-6-13; 5-6-14; 6-13-14
202609020307,4歳以上1勝クラス,0,4歳以上1勝クラス,A,,,,,,,,,,2.0,6,1,,4-5-8,trio,1.0,400,0,,700,-300,settled,20260404,0.0,3-5-8; 3-8-9; 4-5-8; 4-8-9; 5-6-8; 5-8-9; 6-8-9
202609020308,4歳以上2勝クラス,0,4歳以上2勝クラス,D,,,,,,,,,,3.0,1,2,,1-2-7,trio,1.0,630,0,,700,-70,settled,20260404,0.0,1-2-7; 1-6-7; 1-7-8; 1-7-9; 2-6-7; 2-7-8; 2-7-9
202609020309,アザレア賞,0,アザレア賞,A,,,,,,,,,,1.0,2,9,,2-3-4,trio,1.0,790,0,,700,90,settled,20260404,0.0,2-3-4; 2-4-6; 2-4-7; 2-4-9; 3-4-7; 4-6-7; 4-7-9
202609020310,ポラリスS,0,ポラリスS,D,,,,,,,,,,12.0,2,5,,5-7-12,trio,0.0,0,0,,700,-700,settled,20260404,0.0,3-5-8; 3-6-8; 3-7-8; 3-8-12; 5-7-8; 6-7-8; 7-8-12
202609020311,チャーチルダウンズC,0,チャーチルダウンズC,A,,,,,,,,,,3.0,8,9,,10-11-14,trio,0.0,0,0,,700,-700,settled,20260404,0.0,3-6-10; 3-7-10; 3-8-10; 3-10-14; 6-8-10; 7-8-10; 8-10-14
202609020312,4歳以上2勝クラス,0,4歳以上2勝クラス,D,,,,,,,,,,2.0,15,8,,3-5-11,trio,0.0,0,0,,700,-700,settled,20260404,0.0,3-5-6; 3-5-14; 5-6-9; 5-6-14; 5-6-15; 5-9-14; 5-14-15
202606030401,3歳未勝利,0,3歳未勝利,X,,,,,,,,,,12.0,6,15,,1-6-7,trio,0.0,0,0,,700,-700,settled,20260405,0.0,4-9-10; 4-10-12; 9-10-12; 9-10-14; 9-10-16; 10-12-14; 10-12-16
202606030402,3歳未勝利,0,3歳未勝利,D,,,,,,,,,,2.0,9,1,,13-14-15,trio,1.0,580,0,,700,-120,settled,20260405,0.0,10-14-15; 10-15-16; 11-14-15; 11-15-16; 13-14-15; 13-15-16; 14-15-16
202606030403,3歳未勝利,0,3歳未勝利,X,,,,,,,,,,2.0,1,15,,4-7-8,trio,0.0,0,0,,700,-700,settled,20260405,0.0,4-6-7; 4-6-11; 4-6-13; 4-6-15; 4-7-11; 4-7-13; 4-7-15
202606030405,3歳未勝利,0,3歳未勝利,X,,,,,,,,,,11.0,-,2,,9-11-15,trio,0.0,0,0,,700,-700,settled,20260405,0.0,1-14-15; 1-14-16; 7-14-15; 7-14-16; 10-14-15; 10-14-16; 14-15-16
202606030406,3歳1勝クラス,0,3歳1勝クラス,X,,,,,,,,,,15.0,2,7,,3-4-16,trio,0.0,0,0,,700,-700,settled,20260405,0.0,1-4-5; 1-5-13; 4-5-8; 4-5-13; 4-5-14; 5-8-13; 5-13-14
202606030407,3歳1勝クラス,0,3歳1勝クラス,D,,,,,,,,,,3.0,12,8,,5-10-11,trio,0.0,0,0,,700,-700,settled,20260405,0.0,1-4-10; 1-6-10; 1-9-10; 1-10-14; 4-9-10; 6-9-10; 9-10-14
202606030408,4歳以上1勝クラス,0,4歳以上1勝クラス,D,,,,,,,,,,10.0,3,2,,4-5-16,trio,0.0,0,0,,700,-700,settled,20260405,0.0,2-4-15; 2-15-16; 3-4-15; 3-15-16; 4-9-15; 4-15-16; 9-15-16
202606030409,安房特別,0,安房特別,A,,,,,,,,,,8.0,1,6,,1-4-8,trio,0.0,0,0,,700,-700,settled,20260405,0.0,1-2-7; 1-3-7; 1-4-7; 1-6-7; 2-6-7; 3-6-7; 4-6-7
202606030410,アリエスS,0,アリエスS,X,,,,,,,,,,2.0,10,15,,7-8-16,trio,0.0,0,0,,700,-700,settled,20260405,0.0,4-5-7; 4-6-7; 4-7-12; 4-7-16; 5-6-7; 6-7-12; 6-7-16
202606030411,美浦S,0,美浦S,C,,,,,,,,,,3.0,9,5,,1-4-14,trio,0.0,0,0,,700,-700,settled,20260405,0.0,4-7-11; 4-7-13; 4-8-11; 4-8-13; 4-11-12; 4-11-13; 4-12-13
202606030412,4歳以上2勝クラス,0,4歳以上2勝クラス,A,,,,,,,,,,1.0,2,3,,3-5-12,trio,1.0,640,0,,700,-60,settled,20260405,0.0,1-3-5; 1-3-12; 2-3-5; 2-3-12; 3-5-8; 3-5-12; 3-8-12
202606030509,山藤賞,0,山藤賞,A,,0.0,,,,,,,,3.0,6,5,,3-5-6,trio,0.0,0,0,,700,-700,settled,20260405,0.0,2-3-4; 2-3-7; 3-4-6; 3-4-7; 3-4-11; 3-6-7; 3-7-11
202609020401,3歳未勝利,0,3歳未勝利,D,,,,,,,,,,9.0,4,2,,1-3-6,trio,0.0,0,0,,700,-700,settled,20260405,0.0,1-3-13; 1-5-13; 1-8-13; 1-12-13; 3-8-13; 5-8-13; 8-12-13
202609020402,3歳未勝利,0,3歳未勝利,B,,,,,,,,,,2.0,1,4,,4-6-13,trio,0.0,0,0,,700,-700,settled,20260405,0.0,1-3-4; 1-4-9; 1-4-11; 1-4-13; 3-4-13; 4-9-13; 4-11-13
202609020403,3歳未勝利,0,3歳未勝利,D,,,,,,,,,,10.0,4,3,,12-13-15,trio,0.0,0,0,,700,-700,settled,20260405,0.0,1-7-10; 1-7-13; 7-10-13; 7-10-14; 7-10-16; 7-13-14; 7-13-16
202609020404,3歳未勝利,0,3歳未勝利,C,,,,,,,,,,6.0,8,4,,1-5-11,trio,0.0,0,0,,700,-700,settled,20260405,0.0,4-5-6; 4-6-9; 4-6-11; 4-6-12; 5-6-12; 6-9-12; 6-11-12
202609020405,3歳1勝クラス,0,3歳1勝クラス,B,,,,,,,,,,2.0,8,13.0,,10-12-13,trio,0.0,0,0,,700,-700,settled,20260405,0.0,3-4-13; 3-11-13; 4-6-13; 4-9-13; 4-11-13; 6-11-13; 9-11-13
202609020406,4歳以上1勝クラス,0,4歳以上1勝クラス,A,,,,,,,,,,6.0,5,3.0,,1-3-8,trio,0.0,0,0,,700,-700,settled,20260405,0.0,1-5-9; 1-8-9; 4-5-9; 4-8-9; 5-6-9; 5-8-9; 6-8-9
202609020407,4歳以上2勝クラス,0,4歳以上2勝クラス,X,,,,,,,,,,11.0,15,7.0,,3-6-13,trio,0.0,0,0,,700,-700,settled,20260405,0.0,2-11-15; 2-12-15; 5-11-15; 5-12-15; 8-11-15; 8-12-15; 11-12-15
202609020408,4歳以上2勝クラス,0,4歳以上2勝クラス,A,,,,,,,,,,1.0,5,2.0,,1-3-4,trio,0.0,0,0,,700,-700,settled,20260405,0.0,2-3-4; 2-4-10; 3-4-5; 3-4-10; 3-4-11; 4-5-10; 4-10-11
202609020409,バイオレットS,0,バイオレットS,D,,,,,,,,,,9.0,7,12.0,,2-3-6,trio,0.0,0,0,,700,-700,settled,20260405,0.0,1-4-6; 1-4-10; 1-4-11; 1-4-12; 1-6-12; 1-10-12; 1-11-12
202609020410,心斎橋S,0,心斎橋S,D,,,,,,,,,,11.0,12,13.0,,2-6-13,trio,0.0,0,0,,700,-700,settled,20260405,0.0,1-4-18; 1-12-18; 4-7-18; 4-12-18; 4-13-18; 7-12-18; 12-13-18
202609020411,大阪杯,0,大阪杯,C,,,,,,,,,,1.0,14,2.0,,4-6-15,trio,0.0,0,0,,700,-700,settled,20260405,0.0,6-7-15; 6-8-15; 6-9-15; 6-12-15; 7-8-15; 8-9-15; 8-12-15
202609020412,天満橋S,0,天満橋S,D,,,,,,,,,,1.0,3,4.0,,5-8-16,trio,1.0,54840,0,,700,54140,settled,20260405,0.0,4-5-16; 4-7-16; 4-8-16; 4-11-16; 5-8-16; 7-8-16; 8-11-16
202603010101,福島,1,3歳未勝利,C,,1700.0,ダ,,,,,,,3.0,2,1,,4-11-14,trio,1.0,1390,0,,700,690,settled,20260411,0.0,1-4-11; 1-4-14; 4-11-12; 4-11-14; 4-11-15; 4-12-14; 4-14-15
202603010102,福島,2,3歳未勝利,D,,1200.0,芝,,,,,,,3.0,2,6,,2-4-6,trio,1.0,770,0,,700,70,settled,20260411,0.0,2-4-5; 2-4-6; 2-4-11; 2-4-16; 2-5-16; 2-6-16; 2-11-16
202603010103,福島,3,3歳未勝利,C,,1800.0,芝,,,,,,,3.0,9,4,,2-5-8,trio,0.0,0,0,,700,-700,settled,20260411,0.0,1-2-10; 1-2-11; 2-7-10; 2-7-11; 2-10-11; 2-10-15; 2-11-15
202603010104,福島,4,3歳未勝利,D,,1150.0,ダ,,,,,,,6.0,3,7,,4-5-13,trio,0.0,0,0,,700,-700,settled,20260411,0.0,3-4-15; 3-5-15; 3-6-15; 3-9-15; 4-5-15; 5-6-15; 5-9-15
202603010105,福島,5,3歳未勝利,C,,2000.0,芝,,,,,,,1.0,2,10,,1-3-8,trio,0.0,0,0,,700,-700,settled,20260411,0.0,1-2-3; 1-2-4; 1-2-11; 1-2-12; 1-3-4; 1-3-11; 1-3-12
202603010106,福島,6,3歳未勝利,C,,2600.0,芝,,,,,,,2.0,4,8,,2-5-11,trio,0.0,0,0,,700,-700,settled,20260411,0.0,2-3-4; 2-3-5; 2-3-8; 2-3-11; 2-4-5; 2-4-8; 2-4-11
202603010107,福島,7,4歳以上1勝クラス,C,,1700.0,ダ,,,,,,,14.0,5,3,,2-6-10,trio,0.0,0,0,,700,-700,settled,20260411,0.0,1-5-6; 1-5-14; 1-6-7; 1-6-10; 1-6-14; 1-7-14; 1-10-14
202603010108,福島,8,4歳以上1勝クラス,D,,1150.0,ダ,,,,,,,8.0,1,7,,3-8-12,trio,0.0,0,0,,700,-700,settled,20260411,0.0,6-7-12; 6-7-16; 7-9-12; 7-9-16; 7-12-15; 7-12-16; 7-15-16
202603010109,福島,9,浄土平特別,C,,1800.0,芝,,,,,,,4.0,1,12,,2-3-9,trio,0.0,0,0,,700,-700,settled,20260411,0.0,2-3-12; 2-12-15; 3-7-12; 3-11-12; 3-12-15; 7-12-15; 11-12-15
202603010110,福島,10,花見山特別,D,,1200.0,芝,,,,,,,2.0,5,12,,4-8-16,trio,0.0,0,0,,700,-700,settled,20260411,0.0,2-3-4; 2-4-5; 2-4-7; 2-4-12; 3-4-5; 3-4-7; 3-4-12
202603010111,福島,11,吾妻小富士S,C,,1700.0,ダ,,,,,,,2.0,1,5,,1-11-15,trio,1.0,14120,0,,700,13420,settled,20260411,0.0,1-2-15; 1-3-15; 1-11-15; 1-13-15; 2-13-15; 3-13-15; 11-13-15
202603010112,福島,12,4歳以上1勝クラス,D,,1200.0,芝,,,,,,,6.0,2,9,,2-8-10,trio,0.0,0,0,,700,-700,settled,20260411,0.0,1-2-11; 1-9-11; 1-10-11; 1-11-13; 2-9-11; 2-10-11; 2-11-13
202606030501,中山,1,3歳未勝利,X,,1800.0,ダ,,,,,,,1.0,15,4,,2-5-15,trio,0.0,0,0,,700,-700,settled,20260411,0.0,2-8-13; 2-8-16; 2-10-13; 2-10-16; 2-13-15; 2-13-16; 2-15-16
202606030502,中山,2,3歳未勝利,D,,1200.0,ダ,,,,,,,10.0,2,3,,5-9-15,trio,0.0,0,0,,700,-700,settled,20260411,0.0,5-6-12; 5-10-12; 5-12-14; 5-12-15; 6-12-15; 10-12-15; 12-14-15
202606030503,中山,3,3歳未勝利,B,,1800.0,ダ,,,,,,,4.0,3,1,,4-10-13,trio,0.0,0,0,,700,-700,settled,20260411,0.0,1-4-10; 1-4-13; 1-5-10; 1-5-13; 1-10-11; 1-10-13; 1-11-13
202606030505,中山,5,3歳未勝利,C,,1600.0,芝,,,,,,,2.0,1,6,,2-6-16,trio,0.0,0,0,,700,-700,settled,20260411,0.0,2-3-6; 2-5-6; 2-6-9; 2-6-11; 3-5-6; 3-6-9; 3-6-11
202606030506,中山,6,3歳未勝利,C,,2000.0,芝,,,,,,,2.0,1,10,,13-14-17,trio,0.0,0,0,,700,-700,settled,20260411,0.0,2-13-17; 2-13-18; 3-13-17; 3-13-18; 11-13-17; 11-13-18; 13-17-18
202606030507,中山,7,3歳1勝クラス,D,,1200.0,ダ,,,,,,,1.0,7,12,,2-8-9,trio,0.0,0,0,,700,-700,settled,20260411,0.0,5-9-14; 5-9-15; 6-9-14; 6-9-15; 9-11-14; 9-11-15; 9-14-15
202606030508,中山,8,4歳以上1勝クラス,C,,1800.0,ダ,,,,,,,2.0,1,7,,1-7-14,trio,0.0,0,0,,700,-700,settled,20260411,0.0,4-7-14; 4-10-14; 7-8-14; 7-10-14; 7-12-14; 8-10-14; 10-12-14
202606030509,中山,9,山藤賞,E,,2000.0,芝,,,,,,,2.0,3,5,,3-5-6,umaren,0.0,0,0,,700,-700,settled,20260411,0.0,3-5; 5-7
202606030510,中山,10,卯月S,D,,1200.0,ダ,,,,,,,6.0,5,2,,2-5-6,trio,0.0,0,0,,700,-700,settled,20260411,0.0,2-4-5; 2-4-6; 2-4-11; 2-4-13; 4-5-11; 4-6-11; 4-11-13
202606030511,中山,11,ニュージーランドT,C,,1600.0,芝,,,,,,,6.0,3,4,,3-5-7,trio,0.0,0,0,,700,-700,settled,20260411,0.0,3-5-11; 3-11-14; 4-5-11; 4-11-14; 5-7-11; 5-11-14; 7-11-14
202606030512,中山,12,4歳以上2勝クラス,D,,1200.0,ダ,,,,,,,8.0,15,13,,6-15-16,trio,0.0,0,0,,700,-700,settled,20260411,0.0,3-4-7; 3-4-13; 4-6-7; 4-6-13; 4-7-9; 4-7-13; 4-9-13
202609020501,阪神,1,3歳未勝利,X,,1800.0,ダ,,,,,,,1.0,15,3,,2-7-11,trio,1.0,1160,0,,700,460,settled,20260411,0.0,2-3-7; 2-4-7; 2-7-11; 2-7-15; 3-4-7; 3-7-11; 3-7-15
202609020502,阪神,2,3歳未勝利,D,,1400.0,ダ,,,,,,,2.0,1,8,,1-5-8,trio,1.0,840,0,,700,140,settled,20260411,0.0,1-5-8; 1-5-9; 1-5-10; 1-5-13; 1-8-10; 1-9-10; 1-10-13
202609020503,阪神,3,3歳未勝利,B,,1800.0,ダ,,,,,,,1.0,7,11,,3-4-8,trio,0.0,0,0,,700,-700,settled,20260411,0.0,1-2-3; 1-3-13; 2-3-4; 2-3-11; 2-3-13; 3-4-13; 3-11-13
202609020504,阪神,4,3歳未勝利,C,,2000.0,芝,,,,,,,1.0,4,3,,3-6-14,trio,1.0,5850,0,,700,5150,settled,20260411,0.0,2-3-6; 2-5-6; 3-5-6; 3-6-14; 3-6-16; 5-6-14; 5-6-16
202609020505,阪神,5,3歳1勝クラス,B,,1800.0,ダ,,,,,,,11.0,5,1,,1-4-5,trio,0.0,0,0,,700,-700,settled,20260411,0.0,3-5-8; 3-8-11; 4-5-8; 4-8-11; 5-6-8; 5-8-11; 6-8-11
202609020506,阪神,6,3歳1勝クラス,D,,1200.0,芝,,,,,,,2.0,5,4,,3-10-14,trio,0.0,0,0,,700,-700,settled,20260411,0.0,2-3-7; 2-3-10; 2-3-12; 2-3-14; 3-7-10; 3-7-12; 3-7-14
202609020507,阪神,7,4歳以上1勝クラス,B,,1800.0,ダ,,,,,,,1.0,2,4,,3-5-8,trio,0.0,0,0,,700,-700,settled,20260411,0.0,3-5-7; 3-5-9; 3-5-10; 3-5-11; 3-7-11; 3-9-11; 3-10-11
202609020508,阪神,8,4歳以上1勝クラス,D,,1400.0,ダ,,,,,,,1.0,7,8,,4-8-9,trio,0.0,0,0,,700,-700,settled,20260411,0.0,3-7-9; 3-9-11; 4-7-9; 4-9-11; 6-7-9; 6-9-11; 7-9-11
202609020509,阪神,9,明石特別,A,,2400.0,芝,,,,,,,2.0,3,4,,1-2-4,trio,1.0,190,0,,700,-510,settled,20260411,0.0,1-2-4; 1-4-7; 2-4-5; 2-4-7; 2-4-8; 4-5-7; 4-7-8
202609020510,阪神,10,大阪―ハンブルクC,A,,2600.0,芝,,,,,,,2.0,3,11,,1-7-10,trio,1.0,910,0,,700,210,settled,20260411,0.0,1-2-7; 1-3-7; 1-6-7; 1-7-10; 2-6-7; 3-6-7; 6-7-10
202609020511,阪神,11,阪神牝馬S,A,,1600.0,芝,,,,,,,10.0,3,8,,1-3-5,trio,0.0,0,0,,700,-700,settled,20260411,0.0,2-3-6; 2-4-6; 3-4-6; 3-5-6; 3-6-8; 4-5-6; 4-6-8
202609020512,阪神,12,4歳以上2勝クラス,D,,1200.0,ダ,,,,,,,6.0,2,4,,1-7-11,trio,0.0,0,0,,700,-700,settled,20260411,0.0,6-7-12; 6-11-12; 6-12-14; 6-12-16; 7-11-12; 11-12-14; 11-12-16
202603010201,福島,1,3歳未勝利,C,,1700.0,ダ,,,,,,,3.0,1,9,,11-13-14,trio,1.0,1330,0,,700,630,settled,20260412,0.0,1-3-14; 1-11-14; 3-10-14; 3-11-14; 3-13-14; 10-11-14; 11-13-14
202603010202,福島,2,3歳未勝利,D,,1200.0,芝,,,,,,,2.0,6,1,,9-10-14,trio,0.0,0,0,,700,-700,settled,20260412,0.0,4-5-9; 4-6-9; 4-7-9; 4-9-10; 5-9-10; 6-9-10; 7-9-10
202603010203,福島,3,3歳未勝利,C,,1700.0,ダ,,,,,,,6.0,2,1,,6-10-11,trio,0.0,0,0,,700,-700,settled,20260412,0.0,2-6-15; 2-11-15; 4-6-15; 4-11-15; 6-9-15; 6-11-15; 9-11-15
202603010204,福島,4,3歳未勝利,D,,1200.0,芝,,,,,,,2.0,-,3,,13-14-16,trio,1.0,4960,0,,700,4260,settled,20260412,0.0,2-9-16; 2-13-16; 4-9-16; 4-13-16; 9-13-16; 9-14-16; 13-14-16
202603010205,福島,5,3歳未勝利,C,,1800.0,芝,,,,,,,12.0,15,7,,2-6-10,trio,0.0,0,0,,700,-700,settled,20260412,0.0,2-12-13; 2-12-14; 6-12-13; 6-12-14; 12-13-14; 12-13-15; 12-14-15
202603010206,福島,6,4歳以上1勝クラス,C,,2000.0,芝,,,,,,,2.0,3,1,,11-12-15,trio,1.0,2610,0,,700,1910,settled,20260412,0.0,3-11-12; 3-12-15; 4-11-12; 4-12-15; 6-11-12; 6-12-15; 11-12-15
202603010207,福島,7,4歳以上1勝クラス,C,,1700.0,ダ,,,,,,,2.0,1,10,,4-11-15,trio,1.0,3090,0,,700,2390,settled,20260412,0.0,3-11-15; 3-13-15; 4-11-15; 4-13-15; 8-11-15; 8-13-15; 11-13-15
202603010208,福島,8,4歳以上1勝クラス,D,,1200.0,芝,,,,,,,3.0,1,7,,7-11-13,trio,1.0,3770,0,,700,3070,settled,20260412,0.0,6-7-13; 6-9-13; 6-10-13; 6-11-13; 7-9-13; 7-10-13; 7-11-13
202603010209,福島,9,燧ケ岳特別,A,,2600.0,芝,,,,,,,5.0,4,8,,4-9-12,trio,0.0,0,0,,700,-700,settled,20260412,0.0,1-2-6; 1-6-11; 2-4-6; 2-6-11; 2-6-12; 4-6-11; 6-11-12
202603010210,福島,10,喜多方特別,D,,1150.0,ダ,,,,,,,7.0,1,10,,6-8-14,trio,0.0,0,0,,700,-700,settled,20260412,0.0,2-3-8; 2-3-13; 3-8-9; 3-8-13; 3-8-15; 3-9-13; 3-13-15
202603010211,福島,11,福島民報杯,C,,2000.0,芝,,,,,,,1.0,3,14,,8-11-14,trio,1.0,12760,0,,700,12060,settled,20260412,0.0,1-2-11; 1-11-14; 2-8-11; 2-11-13; 2-11-14; 8-11-14; 11-13-14
202603010212,福島,12,4歳以上1勝クラス,C,,1700.0,ダ,,,,,,,2.0,10,1,,6-13-15,trio,1.0,2820,0,,700,2120,settled,20260412,0.0,6-13-15; 6-14-15; 7-13-15; 7-14-15; 11-13-15; 11-14-15; 13-14-15
202606030601,中山,1,3歳未勝利,D,,1200.0,ダ,,,,,,,1.0,2,3,,6-9-15,trio,1.0,510,0,,700,-190,settled,20260412,0.0,4-6-9; 4-9-15; 5-6-9; 5-9-15; 6-9-12; 6-9-15; 9-12-15
202606030602,中山,2,3歳未勝利,A,,1800.0,ダ,,,,,,,4.0,5,3,,1-6-12,trio,0.0,0,0,,700,-700,settled,20260412,0.0,1-2-4; 1-2-6; 1-2-12; 1-2-15; 2-4-15; 2-6-15; 2-12-15
202606030603,中山,3,3歳未勝利,D,,1200.0,ダ,,,,,,,3.0,1,5,,5-12-14,trio,1.0,5630,0,,700,4930,settled,20260412,0.0,5-7-8; 5-7-12; 5-7-13; 5-7-14; 5-8-12; 5-12-13; 5-12-14
202606030605,中山,5,3歳未勝利,C,,2200.0,芝,,,,,,,15.0,6,2,,3-8-15,trio,0.0,0,0,,700,-700,settled,20260412,0.0,1-3-14; 1-5-14; 1-11-14; 1-14-17; 3-5-14; 3-11-14; 3-14-17
202606030606,中山,6,3歳1勝クラス,A,,1800.0,ダ,,,,,,,10.0,3,11,,5-6-9,trio,0.0,0,0,,700,-700,settled,20260412,0.0,3-8-9; 3-8-11; 4-8-9; 4-8-11; 6-8-9; 6-8-11; 8-9-11
202606030607,中山,7,4歳以上1勝クラス,C,,1600.0,芝,,,,,,,1.0,2,13,,5-8-9,trio,0.0,0,0,,700,-700,settled,20260412,0.0,1-4-8; 1-8-9; 4-8-9; 4-8-10; 4-8-14; 8-9-10; 8-9-14
202606030608,中山,8,4歳以上2勝クラス,A,,1800.0,芝,,,,,,,5.0,3,1,,1-4-10,trio,0.0,0,0,,700,-700,settled,20260412,0.0,1-5-9; 1-6-9; 1-8-9; 1-9-10; 5-9-10; 6-9-10; 8-9-10
202606030609,中山,9,印西特別,A,,2400.0,ダ,,,,,,,2.0,11,6,,5-7-12,trio,0.0,0,0,,700,-700,settled,20260412,0.0,1-5-7; 1-7-8; 1-7-10; 1-7-11; 5-7-11; 7-8-11; 7-10-11
202606030610,中山,10,あけぼのS,A,,1600.0,芝,,,,,,,3.0,6,2,,5-6-7,trio,1.0,1620,0,,700,920,settled,20260412,0.0,3-5-6; 3-6-9; 5-6-7; 5-6-8; 5-6-9; 6-7-9; 6-8-9
202606030611,中山,11,春雷S,D,,1200.0,芝,,,,,,,12.0,7,4,,7-9-16,trio,0.0,0,0,,700,-700,settled,20260412,0.0,1-2-11; 1-8-11; 2-3-11; 2-8-11; 2-10-11; 3-8-11; 8-10-11
202606030612,中山,12,4歳以上1勝クラス,D,,1200.0,ダ,,,,,,,1.0,11,4,,1-2-12,trio,0.0,0,0,,700,-700,settled,20260412,0.0,2-6-12; 2-12-13; 6-9-12; 6-11-12; 6-12-13; 9-12-13; 11-12-13
202609020601,阪神,1,3歳未勝利,D,,1400.0,ダ,,,,,,,6.0,2,12,,6-11-15,trio,0.0,0,0,,700,-700,settled,20260412,0.0,3-8-10; 3-10-15; 5-8-10; 5-10-15; 6-8-10; 6-10-15; 8-10-15
202609020602,阪神,2,3歳未勝利,C,,1800.0,ダ,,,,,,,1.0,5,12,,4-8-12,trio,0.0,0,0,,700,-700,settled,20260412,0.0,1-2-8; 1-6-8; 1-8-15; 1-8-16; 2-8-15; 6-8-15; 8-15-16
202609020603,阪神,3,3歳未勝利,D,,1200.0,ダ,,,,,,,1.0,2,3,,4-9-12,trio,1.0,510,0,,700,-190,settled,20260412,0.0,2-4-9; 2-9-12; 4-7-9; 4-9-11; 4-9-12; 7-9-12; 9-11-12
202609020604,阪神,4,3歳未勝利,C,,1600.0,芝,,,,,,,1.0,4,2,,3-6-11,trio,0.0,0,0,,700,-700,settled,20260412,0.0,3-7-11; 3-8-11; 3-11-13; 3-11-14; 7-8-11; 8-11-13; 8-11-14
202609020605,阪神,5,3歳1勝クラス,D,,1400.0,ダ,,,,,,,7.0,8,3,,8-14-16,trio,0.0,0,0,,700,-700,settled,20260412,0.0,2-7-9; 2-9-14; 6-7-9; 6-9-14; 7-9-11; 7-9-14; 9-11-14
202609020606,4歳以上1勝クラス,0,4歳以上1勝クラス,A,,,,,,,,,,1.0,3.0,9.0,,1-2-10,trio,1.0,18760,0,,700,18060,settled,20260412,0.0,1-2-10; 1-3-10; 1-6-10; 1-8-10; 2-6-10; 3-6-10; 6-8-10
202609020607,阪神,7,4歳以上2勝クラス,A,,1600.0,芝,,,,,,,1.0,6,5,,2-4-11,trio,0.0,0,0,,700,-700,settled,20260412,0.0,2-3-6; 2-3-10; 2-4-6; 2-4-10; 2-6-10; 2-6-11; 2-10-11
202609020608,阪神,8,川西特別,A,,1800.0,ダ,,,,,,,9.0,2,10,,1-8-11,trio,0.0,0,0,,700,-700,settled,20260412,0.0,1-3-5; 1-3-11; 2-3-5; 2-3-11; 3-5-8; 3-5-11; 3-8-11
202609020609,阪神,9,忘れな草賞,A,,2000.0,芝,,,,,,,7.0,13,2,,1-9-14,trio,0.0,0,0,,700,-700,settled,20260412,0.0,3-6-12; 3-9-12; 6-9-12; 6-10-12; 6-12-13; 9-10-12; 9-12-13
202609020610,阪神,10,京橋S,C,,2000.0,芝,,,,,,,12.0,3,15,,2-5-7,trio,0.0,0,0,,700,-700,settled,20260412,0.0,2-5-10; 2-8-10; 5-7-10; 5-8-10; 5-9-10; 7-8-10; 8-9-10
202609020611,阪神,11,桜花賞,C,,1600.0,芝,,,,,,,5.0,9,11,,5-11-15,trio,0.0,0,0,,700,-700,settled,20260412,0.0,1-7-13; 1-7-14; 5-7-13; 5-7-14; 7-12-13; 7-12-14; 7-13-14
202609020612,阪神,12,梅田S,A,,2000.0,ダ,,,,,,,6.0,3,4,,6-8-13,trio,0.0,0,0,,700,-700,settled,20260412,0.0,2-8-11; 2-8-13; 2-9-11; 2-9-13; 2-10-11; 2-10-13; 2-11-13
202603010301,福島,1,3歳未勝利,D,,1150.0,ダ,,,,,,,1.0,14,5,,2-14-15,trio,0.0,0,0,,700,-700,settled,20260418,0.0,1-7-14; 1-9-14; 1-11-14; 1-14-16; 7-14-16; 9-14-16; 11-14-16
202603010302,福島,2,3歳未勝利,C,,2000.0,芝,,,,,,,4.0,5,11,,3-10-14,trio,0.0,0,0,,700,-700,settled,20260418,0.0,2-4-6; 2-6-7; 4-6-7; 4-6-10; 4-6-13; 6-7-10; 6-7-13
202603010303,福島,3,3歳未勝利,D,,1200.0,芝,,,,,,,2.0,1,8,,6-13-16,trio,0.0,0,0,,700,-700,settled,20260418,0.0,1-8-13; 1-13-16; 8-11-13; 8-13-15; 8-13-16; 11-13-16; 13-15-16
202603010304,福島,4,3歳未勝利,C,,1700.0,ダ,,,,,,,2.0,7,13,,9-10-12,trio,0.0,0,0,,700,-700,settled,20260418,0.0,1-5-12; 1-8-12; 1-10-12; 1-12-15; 5-8-12; 5-10-12; 5-12-15
202603010305,福島,5,3歳未勝利,C,,1800.0,芝,,,,,,,2.0,7,1,,1-7-14,trio,1.0,1110,0,,700,410,settled,20260418,0.0,1-7-14; 1-7-16; 3-7-14; 3-7-16; 7-8-14; 7-8-16; 7-14-16
202603010306,福島,6,3歳未勝利,C,,2600.0,芝,,,,,,,2.0,9,6,,2-6-12,trio,0.0,0,0,,700,-700,settled,20260418,0.0,1-2-4; 1-2-9; 2-4-9; 2-4-10; 2-4-12; 2-9-10; 2-9-12
202603010307,福島,7,4歳以上1勝クラス,D,,1150.0,ダ,,,,,,,2.0,8,10,,1-2-8,trio,0.0,0,0,,700,-700,settled,20260418,0.0,1-3-8; 1-8-14; 2-3-8; 2-8-14; 3-8-14; 3-8-15; 8-14-15
202603010308,福島,8,4歳以上1勝クラス,C,,1700.0,ダ,,,,,,,1.0,5,2,,2-5-8,trio,0.0,0,0,,700,-700,settled,20260418,0.0,2-3-8; 2-3-11; 2-8-10; 2-8-11; 2-8-12; 2-10-11; 2-11-12
202603010309,福島,9,ひめさゆり賞,A,,2000.0,芝,,,,,,,3.0,8,1,,2-4-5,trio,1.0,9780,0,,700,9080,settled,20260418,0.0,1-4-5; 1-4-7; 2-4-5; 2-4-7; 4-5-6; 4-5-7; 4-6-7
202603010310,福島,10,桑折特別,A,,2000.0,芝,,,,,,,8.0,2,1,,2-3-8,trio,0.0,0,0,,700,-700,settled,20260418,0.0,1-2-7; 1-7-8; 2-4-7; 2-5-7; 2-7-8; 4-7-8; 5-7-8
202603010311,福島,11,ラジオ福島賞,C,,1700.0,ダ,,,,,,,1.0,4,14,,3-8-11,trio,0.0,0,0,,700,-700,settled,20260418,0.0,2-3-8; 2-8-10; 2-8-11; 2-8-15; 3-8-10; 8-10-11; 8-10-15
202603010312,福島,12,4歳以上1勝クラス,D,,1200.0,芝,,,,,,,3.0,1,2,,5-13-15,trio,1.0,1890,0,,700,1190,settled,20260418,0.0,2-5-13; 2-13-15; 5-6-13; 5-9-13; 5-13-15; 6-13-15; 9-13-15
202606030701,中山,1,3歳未勝利,D,,1200.0,ダ,,,,,,,1.0,13,3,,4-12-15,trio,1.0,540,0,,700,-160,settled,20260418,0.0,1-2-15; 1-4-15; 1-12-15; 1-14-15; 2-4-15; 4-12-15; 4-14-15
202606030702,中山,2,3歳未勝利,A,,1800.0,ダ,,,,,,,3.0,2,4,,1-6-10,trio,1.0,1240,0,,700,540,settled,20260418,0.0,1-6-8; 1-6-9; 1-6-10; 1-6-11; 6-8-11; 6-9-11; 6-10-11
202606030703,中山,3,3歳未勝利,D,,1200.0,ダ,,,,,,,6.0,2,5,,5-9-10,trio,0.0,0,0,,700,-700,settled,20260418,0.0,7-9-11; 7-11-14; 8-9-11; 8-11-14; 9-10-11; 9-11-14; 10-11-14
202606030704,中山,4,3歳未勝利,A,,1800.0,ダ,,,,,,,5.0,4,2,,3-5-8,trio,0.0,0,0,,700,-700,settled,20260418,0.0,2-7-8; 2-7-10; 3-7-8; 3-7-10; 5-7-8; 5-7-10; 7-8-10
202606030705,中山,5,3歳未勝利,C,,1600.0,芝,,,,,,,6.0,7,4,,2-5-11,trio,0.0,0,0,,700,-700,settled,20260418,0.0,1-5-8; 1-8-11; 1-8-13; 1-8-16; 5-8-16; 8-11-16; 8-13-16
202606030706,中山,6,3歳1勝クラス,E,,1800.0,芝,,,,,,,3.0,4,1,,2-3-5,umaren,0.0,0,0,,700,-700,settled,20260418,0.0,5-6; 2-5
202606030707,中山,7,4歳以上1勝クラス,A,,2000.0,芝,,,,,,,2.0,10,6,,3-8-10,trio,0.0,0,0,,700,-700,settled,20260418,0.0,3-6-10; 3-7-10; 6-7-10; 6-8-10; 6-9-10; 7-8-10; 7-9-10
202606030708,中山,8,4歳以上1勝クラス,C,,2400.0,ダ,,,,,,,2.0,5,7,,3-12-16,trio,0.0,0,0,,700,-700,settled,20260418,0.0,7-10-16; 7-11-16; 7-12-16; 7-14-16; 10-11-16; 11-12-16; 11-14-16
202606030709,中山,9,袖ケ浦特別,D,,1200.0,芝,,,,,,,1.0,5,9,,3-7-8,trio,0.0,0,0,,700,-700,settled,20260418,0.0,1-4-8; 1-8-12; 3-4-8; 3-8-12; 4-8-9; 4-8-12; 8-9-12
202606030710,中山,10,下総S,A,,1800.0,ダ,,,,,,,13.0,12,2,,3-5-9,trio,0.0,0,0,,700,-700,settled,20260418,0.0,4-5-8; 4-5-10; 4-5-11; 4-5-12; 4-8-10; 4-10-11; 4-10-12
202606030712,中山,12,葛飾特別,D,,1200.0,ダ,,,,,,,3.0,2,1,,7-12-13,trio,1.0,1560,0,,700,860,settled,20260418,0.0,5-7-13; 5-12-13; 7-8-13; 7-10-13; 7-12-13; 8-12-13; 10-12-13
202609020701,阪神,1,3歳未勝利,C,,1800.0,ダ,,,,,,,3.0,5,1,,3-6-9,trio,1.0,630,0,,700,-70,settled,20260418,0.0,3-6-9; 3-6-12; 3-6-14; 3-6-15; 3-9-12; 3-12-14; 3-12-15
202609020702,阪神,2,3歳未勝利,D,,1200.0,ダ,,,,,,,3.0,1,6,,4-6-16,trio,1.0,270,0,,700,-430,settled,20260418,0.0,2-3-4; 2-4-16; 3-4-6; 3-4-9; 3-4-16; 4-6-16; 4-9-16
202609020703,阪神,3,3歳未勝利,C,,2000.0,ダ,,,,,,,7.0,2,1,,6-9-10,trio,0.0,0,0,,700,-700,settled,20260418,0.0,5-6-13; 5-9-13; 6-9-13; 6-10-13; 6-11-13; 9-10-13; 9-11-13
202609020704,阪神,4,3歳未勝利,C,,1800.0,芝,,,,,,,1.0,3,4,,3-5-12,trio,0.0,0,0,,700,-700,settled,20260418,0.0,1-2-5; 1-3-5; 1-5-9; 1-5-11; 2-3-5; 3-5-9; 3-5-11
202609020705,阪神,5,3歳1勝クラス,E,,2000.0,芝,,,,,,,4.0,1,2,,3-4-6,umaren,0.0,0,0,,700,-700,settled,20260418,0.0,1-3; 1-4
202609020706,阪神,6,3歳1勝クラス,C,,1800.0,ダ,,,,,,,3.0,8,5,,6-7-8,trio,0.0,0,0,,700,-700,settled,20260418,0.0,2-6-12; 2-6-14; 3-6-12; 3-6-14; 6-8-12; 6-8-14; 6-12-14
202609020707,阪神,7,4歳以上1勝クラス,A,,1600.0,芝,,,,,,,1.0,8,2,,1-2-11,trio,1.0,1530,0,,700,830,settled,20260418,0.0,1-2-3; 1-2-11; 1-2-12; 1-2-13; 2-3-12; 2-11-12; 2-12-13
202609020708,阪神,8,4歳以上1勝クラス,A,,2400.0,芝,,,,,,,1.0,2,5,,1-4-8,trio,1.0,660,0,,700,-40,settled,20260418,0.0,1-4-7; 1-4-8; 4-6-7; 4-6-8; 4-7-8; 4-7-9; 4-8-9
202609020709,阪神,9,吹田特別,D,,1400.0,ダ,,,,,,,3.0,2,8,,2-3-4,trio,1.0,3460,0,,700,2760,settled,20260418,0.0,2-3-4; 2-3-11; 2-4-6; 2-4-11; 2-4-12; 2-6-11; 2-11-12
202609020710,阪神,10,丹波特別,D,,1400.0,芝,,,,,,,6.0,3,5,,1-6-7,trio,0.0,0,0,,700,-700,settled,20260418,0.0,1-2-4; 1-4-6; 1-4-7; 1-4-8; 2-4-6; 2-4-7; 2-4-8
202609020711,阪神,11,アンタレスS,C,,1800.0,ダ,,,,,,,1.0,6,4,,2-4-5,trio,0.0,0,0,,700,-700,settled,20260418,0.0,1-2-4; 1-3-4; 1-4-6; 1-4-12; 2-3-4; 3-4-6; 3-4-12
202609020712,阪神,12,4歳以上1勝クラス,D,,1200.0,ダ,,,,,,,8.0,1,2,,10-11-14,trio,0.0,0,0,,700,-700,settled,20260418,0.0,7-11-12; 7-12-14; 10-11-12; 10-12-14; 11-12-13; 11-12-14; 12-13-14
