jockey_id,jockey,total_races,wins,top3,total_prize,win_rate,top3_rate,turf_races,turf_wins,turf_top3,turf_wr,dirt_races,dirt_wins,dirt_top3,dirt_wr,sprint_races,sprint_wins,sprint_wr,mile_races,mile_wins,mile_wr,middle_races,middle_wins,middle_wr,long_races,long_wins,long_wr
00409,鮫島克也,12,0,0,0,0.0,0.0,10.0,0.0,0.0,0.0,2.0,0.0,0.0,0.0,7.0,0.0,0.0,3.0,0.0,0.0,0.0,0.0,0.0,2.0,0.0,0.0
00422,内田博幸,7893,535,1655,1055815,0.06778157861396174,0.20967946281515268,3488.0,213.0,664.0,0.06106651376146789,4405.0,322.0,991.0,0.07309875141884223,2763.0,208.0,0.07528049221860297,3687.0,223.0,0.06048277732573908,1086.0,75.0,0.06906077348066299,357.0,29.0,0.08123249299719888
00629,木幡初広,588,18,76,32045,0.030612244897959183,0.1292517006802721,225.0,2.0,20.0,0.008888888888888889,363.0,16.0,56.0,0.0440771349862259,310.0,13.0,0.041935483870967745,209.0,4.0,0.019138755980861243,48.0,0.0,0.0,21.0,1.0,0.047619047619047616
00635,中舘英二,4,0,0,72,0.0,0.0,0.0,0.0,0.0,0.0,4.0,0.0,0.0,0.0,3.0,0.0,0.0,1.0,0.0,0.0,0.0,0.0,0.0,0.0,0.0,0.0
00641,柴田善臣,3538,186,638,409782,0.05257207461842849,0.18032786885245902,1803.0,101.0,323.0,0.056017748197448695,1735.0,85.0,315.0,0.04899135446685879,1383.0,71.0,0.05133767172812726,1578.0,83.0,0.052598225602027884,436.0,20.0,0.045871559633027525,141.0,12.0,0.0851063829787234
00652,熊沢重文,810,64,179,131741,0.07901234567901234,0.22098765432098766,480.0,39.0,118.0,0.08125,330.0,25.0,61.0,0.07575757575757576,133.0,1.0,0.007518796992481203,136.0,2.0,0.014705882352941176,57.0,1.0,0.017543859649122806,484.0,60.0,0.12396694214876033
00655,林満明,166,20,48,64924,0.12048192771084337,0.2891566265060241,105.0,11.0,29.0,0.10476190476190476,61.0,9.0,19.0,0.14754098360655737,0.0,0.0,0.0,0.0,0.0,0.0,0.0,0.0,0.0,166.0,20.0,0.12048192771084337
00660,横山典弘,4327,469,1270,1181893,0.10838918419228102,0.29350589322856485,2371.0,229.0,636.0,0.09658371994938844,1956.0,240.0,634.0,0.12269938650306748,1413.0,148.0,0.10474168435951875,2016.0,238.0,0.11805555555555555,686.0,59.0,0.08600583090379009,212.0,24.0,0.11320754716981132
00663,蛯名正義,2885,237,703,541480,0.08214904679376084,0.2436741767764298,1578.0,120.0,400.0,0.07604562737642585,1307.0,117.0,303.0,0.08951798010711554,906.0,69.0,0.076158940397351,1359.0,112.0,0.08241353936718175,450.0,37.0,0.08222222222222222,170.0,19.0,0.11176470588235295
00666,武豊,6646,945,2517,2380689,0.14219079145350585,0.378724044538068,3863.0,511.0,1388.0,0.13228061092415222,2783.0,434.0,1129.0,0.15594681997844054,2444.0,358.0,0.14648117839607203,2827.0,383.0,0.13547930668553237,1096.0,167.0,0.15237226277372262,279.0,37.0,0.13261648745519714
00684,田中勝春,3192,151,519,320622,0.047305764411027566,0.162593984962406,1442.0,52.0,211.0,0.036061026352288486,1750.0,99.0,308.0,0.05657142857142857,1196.0,50.0,0.04180602006688963,1455.0,68.0,0.04673539518900344,403.0,26.0,0.06451612903225806,138.0,7.0,0.050724637681159424
00689,江田照男,5128,154,539,290802,0.03003120124804992,0.10510920436817472,2154.0,57.0,216.0,0.026462395543175487,2974.0,97.0,323.0,0.03261600537995965,2140.0,80.0,0.037383177570093455,2238.0,61.0,0.027256478999106343,565.0,7.0,0.012389380530973451,185.0,6.0,0.032432432432432434
00691,北沢伸也,536,52,167,124589,0.09701492537313433,0.31156716417910446,406.0,35.0,122.0,0.08620689655172414,130.0,17.0,45.0,0.13076923076923078,0.0,0.0,0.0,0.0,0.0,0.0,0.0,0.0,0.0,536.0,52.0,0.09701492537313433
00695,浜野谷憲,268,17,57,32281,0.06343283582089553,0.2126865671641791,204.0,15.0,45.0,0.07352941176470588,64.0,2.0,12.0,0.03125,1.0,0.0,0.0,0.0,0.0,0.0,0.0,0.0,0.0,267.0,17.0,0.06367041198501873
00700,四位洋文,1585,122,421,302748,0.07697160883280757,0.26561514195583596,996.0,80.0,272.0,0.08032128514056225,589.0,42.0,149.0,0.07130730050933787,594.0,39.0,0.06565656565656566,658.0,55.0,0.08358662613981763,233.0,19.0,0.0815450643776824,100.0,9.0,0.09
00705,藤田伸二,314,18,46,26088,0.05732484076433121,0.1464968152866242,158.0,7.0,23.0,0.04430379746835443,156.0,11.0,23.0,0.07051282051282051,134.0,8.0,0.05970149253731343,127.0,7.0,0.05511811023622047,39.0,1.0,0.02564102564102564,14.0,2.0,0.14285714285714285
00711,後藤浩輝,113,11,37,18907,0.09734513274336283,0.3274336283185841,42.0,5.0,16.0,0.11904761904761904,71.0,6.0,21.0,0.08450704225352113,42.0,4.0,0.09523809523809523,50.0,5.0,0.1,13.0,1.0,0.07692307692307693,8.0,1.0,0.125
00715,横山義行,2,0,0,300,0.0,0.0,0.0,0.0,0.0,0.0,2.0,0.0,0.0,0.0,0.0,0.0,0.0,0.0,0.0,0.0,0.0,0.0,0.0,2.0,0.0,0.0
00722,小林徹弥,470,10,37,19439,0.02127659574468085,0.07872340425531915,173.0,5.0,18.0,0.028901734104046242,297.0,5.0,19.0,0.016835016835016835,220.0,2.0,0.00909090909090909,194.0,5.0,0.02577319587628866,47.0,2.0,0.0425531914893617,9.0,1.0,0.1111111111111111
00726,岩部純二,1611,31,106,46746,0.019242706393544383,0.06579764121663563,615.0,11.0,42.0,0.01788617886178862,996.0,20.0,64.0,0.020080321285140562,928.0,25.0,0.02693965517241379,559.0,5.0,0.008944543828264758,104.0,1.0,0.009615384615384616,20.0,0.0,0.0
00727,植野貴也,542,51,156,114187,0.0940959409594096,0.2878228782287823,377.0,37.0,97.0,0.09814323607427056,165.0,14.0,59.0,0.08484848484848485,0.0,0.0,0.0,0.0,0.0,0.0,0.0,0.0,0.0,542.0,51.0,0.0940959409594096
00732,幸英明,9366,645,2099,1341374,0.06886611146700833,0.22410847747170617,4481.0,259.0,908.0,0.05779959830395001,4885.0,386.0,1191.0,0.0790174002047083,3837.0,288.0,0.07505863956215794,3726.0,253.0,0.06790123456790123,1527.0,86.0,0.056319580877537655,276.0,18.0,0.06521739130434782
00733,吉田豊,5089,267,922,565314,0.05246610336018864,0.1811750835134604,2335.0,110.0,378.0,0.047109207708779445,2754.0,157.0,544.0,0.0570079883805374,1758.0,90.0,0.051194539249146756,2411.0,122.0,0.05060141020323517,665.0,38.0,0.05714285714285714,255.0,17.0,0.06666666666666667
00815,川原正一,27,0,3,1200,0.0,0.1111111111111111,12.0,0.0,1.0,0.0,15.0,0.0,2.0,0.0,13.0,0.0,0.0,10.0,0.0,0.0,4.0,0.0,0.0,0.0,0.0,0.0
00817,的場文男,8,0,1,180,0.0,0.125,6.0,0.0,1.0,0.0,2.0,0.0,0.0,0.0,1.0,0.0,0.0,3.0,0.0,0.0,3.0,0.0,0.0,1.0,0.0,0.0
00837,井上俊彦,8,0,1,640,0.0,0.125,7.0,0.0,1.0,0.0,1.0,0.0,0.0,0.0,2.0,0.0,0.0,5.0,0.0,0.0,1.0,0.0,0.0,0.0,0.0,0.0
00843,モッセ,3,0,1,1240,0.0,0.3333333333333333,1.0,0.0,0.0,0.0,2.0,0.0,1.0,0.0,2.0,0.0,0.0,1.0,0.0,0.0,0.0,0.0,0.0,0.0,0.0,0.0
00856,ベイズ,4,0,0,230,0.0,0.0,4.0,0.0,0.0,0.0,0.0,0.0,0.0,0.0,1.0,0.0,0.0,1.0,0.0,0.0,1.0,0.0,0.0,1.0,0.0,0.0
00875,デットー,29,9,14,10910,0.3103448275862069,0.4827586206896552,22.0,7.0,12.0,0.3181818181818182,7.0,2.0,2.0,0.2857142857142857,5.0,1.0,0.2,14.0,4.0,0.2857142857142857,7.0,3.0,0.42857142857142855,3.0,1.0,0.3333333333333333
00878,ジャルネ,7,0,0,310,0.0,0.0,6.0,0.0,0.0,0.0,1.0,0.0,0.0,0.0,2.0,0.0,0.0,3.0,0.0,0.0,1.0,0.0,0.0,1.0,0.0,0.0
00894,小牧太,2890,162,501,311466,0.056055363321799306,0.17335640138408304,1200.0,57.0,193.0,0.0475,1690.0,105.0,308.0,0.0621301775147929,1252.0,56.0,0.04472843450479233,1153.0,79.0,0.06851691240242845,395.0,24.0,0.060759493670886074,90.0,3.0,0.03333333333333333
01004,西田雄一,1560,40,146,80788,0.02564102564102564,0.09358974358974359,746.0,22.0,77.0,0.029490616621983913,814.0,18.0,69.0,0.022113022113022112,894.0,30.0,0.03355704697986577,493.0,7.0,0.014198782961460446,122.0,1.0,0.00819672131147541,51.0,2.0,0.0392156862745098
01005,西谷誠,428,49,147,123650,0.11448598130841121,0.34345794392523366,296.0,36.0,103.0,0.12162162162162163,132.0,13.0,44.0,0.09848484848484848,0.0,0.0,0.0,0.0,0.0,0.0,0.0,0.0,0.0,428.0,49.0,0.11448598130841121
01008,山本康志,409,25,91,49985,0.061124694376528114,0.22249388753056235,310.0,21.0,67.0,0.06774193548387097,99.0,4.0,24.0,0.04040404040404041,1.0,0.0,0.0,4.0,0.0,0.0,0.0,0.0,0.0,404.0,25.0,0.06188118811881188
01009,柴田大知,6731,268,1067,604694,0.03981577774476304,0.15852027930470955,3714.0,167.0,657.0,0.04496499730748519,3017.0,101.0,410.0,0.033476963871395427,2198.0,83.0,0.03776160145586897,3129.0,111.0,0.03547459252157239,1118.0,53.0,0.04740608228980322,286.0,21.0,0.07342657342657342
01010,柴田未崎,595,11,45,20179,0.018487394957983194,0.07563025210084033,243.0,4.0,23.0,0.01646090534979424,352.0,7.0,22.0,0.019886363636363636,225.0,3.0,0.013333333333333334,253.0,5.0,0.019762845849802372,100.0,3.0,0.03,17.0,0.0,0.0
01014,福永祐一,5673,929,2352,2038921,0.16375815265291732,0.41459545214172394,3251.0,575.0,1418.0,0.17686865579821592,2422.0,354.0,934.0,0.14616019818331957,1980.0,305.0,0.15404040404040403,2457.0,424.0,0.17256817256817256,978.0,155.0,0.15848670756646216,258.0,45.0,0.1744186046511628
01015,古川吉洋,5000,250,833,559069,0.05,0.1666,2450.0,116.0,413.0,0.0473469387755102,2550.0,134.0,420.0,0.05254901960784314,2008.0,104.0,0.05179282868525897,2078.0,99.0,0.04764196342637151,708.0,33.0,0.046610169491525424,206.0,14.0,0.06796116504854369
01018,和田竜二,9116,606,2193,1419681,0.06647652479157526,0.24056603773584906,4461.0,299.0,1089.0,0.0670253306433535,4655.0,307.0,1104.0,0.06595059076262083,3604.0,223.0,0.06187569367369589,3751.0,256.0,0.06824846707544655,1464.0,101.0,0.06898907103825136,297.0,26.0,0.08754208754208755
01019,秋山真一,3422,228,726,509855,0.06662770309760374,0.21215663354763295,1861.0,116.0,390.0,0.06233207952713595,1561.0,112.0,336.0,0.07174887892376682,1539.0,107.0,0.06952566601689408,1304.0,82.0,0.06288343558282208,479.0,31.0,0.06471816283924843,100.0,8.0,0.08
01023,江田勇亮,357,18,69,38747,0.05042016806722689,0.19327731092436976,243.0,13.0,48.0,0.053497942386831275,114.0,5.0,21.0,0.043859649122807015,6.0,0.0,0.0,4.0,0.0,0.0,2.0,0.0,0.0,345.0,18.0,0.05217391304347826
01025,勝浦正樹,4427,228,809,449665,0.05150214592274678,0.18274226338378133,2289.0,117.0,403.0,0.05111402359108781,2138.0,111.0,406.0,0.0519176800748363,1833.0,103.0,0.05619203491543917,1859.0,98.0,0.052716514254975796,522.0,16.0,0.03065134099616858,213.0,11.0,0.051643192488262914
01026,武幸四郎,499,29,65,46867,0.05811623246492986,0.13026052104208416,224.0,13.0,20.0,0.05803571428571429,275.0,16.0,45.0,0.05818181818181818,217.0,11.0,0.05069124423963134,224.0,17.0,0.07589285714285714,53.0,1.0,0.018867924528301886,5.0,0.0,0.0
01029,武士沢友,3220,66,288,143049,0.020496894409937887,0.08944099378881988,1172.0,17.0,76.0,0.014505119453924915,2048.0,49.0,212.0,0.02392578125,1397.0,23.0,0.0164638511095204,1412.0,36.0,0.025495750708215296,328.0,6.0,0.018292682926829267,83.0,1.0,0.012048192771084338
01030,松田大作,2689,151,500,291712,0.056154704351059875,0.1859427296392711,1304.0,75.0,243.0,0.057515337423312884,1385.0,76.0,257.0,0.054873646209386284,1200.0,62.0,0.051666666666666666,1020.0,56.0,0.054901960784313725,378.0,24.0,0.06349206349206349,91.0,9.0,0.0989010989010989
01031,村田一誠,751,15,63,30755,0.019973368841544607,0.08388814913448735,317.0,6.0,26.0,0.01892744479495268,434.0,9.0,37.0,0.020737327188940093,338.0,4.0,0.011834319526627219,330.0,7.0,0.021212121212121213,57.0,4.0,0.07017543859649122,26.0,0.0,0.0
01032,池添謙一,5510,538,1493,1331219,0.09764065335753176,0.270961887477314,3160.0,321.0,888.0,0.10158227848101266,2350.0,217.0,605.0,0.09234042553191489,2031.0,189.0,0.0930576070901034,2386.0,244.0,0.10226320201173512,848.0,77.0,0.09080188679245282,245.0,28.0,0.11428571428571428
01034,酒井学,5502,214,774,535021,0.038894947291893855,0.1406761177753544,2439.0,84.0,352.0,0.03444034440344403,3063.0,130.0,422.0,0.042442050277505715,2504.0,113.0,0.04512779552715655,2079.0,67.0,0.03222703222703223,749.0,30.0,0.04005340453938585,170.0,4.0,0.023529411764705882
01035,白浜雄造,399,42,124,95021,0.10526315789473684,0.3107769423558897,311.0,25.0,87.0,0.08038585209003216,88.0,17.0,37.0,0.19318181818181818,2.0,0.0,0.0,1.0,0.0,0.0,0.0,0.0,0.0,396.0,42.0,0.10606060606060606
01036,竹之下智,420,12,49,31268,0.02857142857142857,0.11666666666666667,166.0,4.0,13.0,0.024096385542168676,254.0,8.0,36.0,0.031496062992125984,212.0,3.0,0.014150943396226415,162.0,9.0,0.05555555555555555,36.0,0.0,0.0,10.0,0.0,0.0
01037,太宰啓介,3884,136,537,312771,0.035015447991761074,0.138259526261586,1625.0,50.0,200.0,0.03076923076923077,2259.0,86.0,337.0,0.038069942452412575,1769.0,56.0,0.03165630299604296,1483.0,50.0,0.033715441672285906,564.0,30.0,0.05319148936170213,68.0,0.0,0.0
01038,中谷雄太,1598,89,303,186288,0.05569461827284105,0.18961201501877348,891.0,51.0,158.0,0.05723905723905724,707.0,38.0,145.0,0.05374823196605375,684.0,41.0,0.059941520467836254,571.0,23.0,0.040280210157618214,295.0,21.0,0.0711864406779661,48.0,4.0,0.08333333333333333
01043,北村宏司,5329,381,1186,788225,0.0714955901670107,0.2225558266091199,2627.0,188.0,581.0,0.07156452226874763,2702.0,193.0,605.0,0.07142857142857142,1750.0,124.0,0.07085714285714285,2567.0,191.0,0.07440592130892092,758.0,50.0,0.06596306068601583,254.0,16.0,0.06299212598425197
01046,高田潤,679,97,226,214194,0.14285714285714285,0.3328424153166421,446.0,65.0,155.0,0.14573991031390135,233.0,32.0,71.0,0.13733905579399142,67.0,3.0,0.04477611940298507,96.0,3.0,0.03125,57.0,2.0,0.03508771929824561,459.0,89.0,0.19389978213507625
01049,二本柳壮,474,12,44,22294,0.02531645569620253,0.09282700421940929,172.0,6.0,20.0,0.03488372093023256,302.0,6.0,24.0,0.019867549668874173,298.0,7.0,0.02348993288590604,149.0,4.0,0.026845637583892617,18.0,0.0,0.0,9.0,1.0,0.1111111111111111
01050,梶晃啓,2,0,0,0,0.0,0.0,2.0,0.0,0.0,0.0,0.0,0.0,0.0,0.0,1.0,0.0,0.0,1.0,0.0,0.0,0.0,0.0,0.0,0.0,0.0,0.0
01051,嘉藤貴行,2010,40,173,74427,0.01990049751243781,0.08606965174129354,859.0,9.0,56.0,0.010477299185098952,1151.0,31.0,117.0,0.02693310165073849,869.0,17.0,0.019562715765247412,878.0,22.0,0.025056947608200455,216.0,1.0,0.004629629629629629,47.0,0.0,0.0
01052,金子光希,453,34,99,81273,0.07505518763796909,0.2185430463576159,344.0,31.0,84.0,0.09011627906976744,109.0,3.0,15.0,0.027522935779816515,0.0,0.0,0.0,0.0,0.0,0.0,0.0,0.0,0.0,453.0,34.0,0.07505518763796909
01057,畑端省吾,244,8,31,15912,0.03278688524590164,0.12704918032786885,64.0,0.0,3.0,0.0,180.0,8.0,28.0,0.044444444444444446,139.0,5.0,0.03597122302158273,75.0,1.0,0.013333333333333334,26.0,2.0,0.07692307692307693,4.0,0.0,0.0
01059,石神深一,964,119,296,304342,0.12344398340248963,0.3070539419087137,708.0,92.0,220.0,0.12994350282485875,256.0,27.0,76.0,0.10546875,30.0,1.0,0.03333333333333333,14.0,0.0,0.0,4.0,0.0,0.0,916.0,118.0,0.12882096069868995
01061,大庭和弥,705,12,56,24740,0.01702127659574468,0.07943262411347518,362.0,9.0,30.0,0.024861878453038673,343.0,3.0,26.0,0.008746355685131196,222.0,4.0,0.018018018018018018,192.0,1.0,0.005208333333333333,57.0,1.0,0.017543859649122806,234.0,6.0,0.02564102564102564
01062,川島信二,1693,77,247,141521,0.045481393975191964,0.14589486119314826,712.0,21.0,86.0,0.02949438202247191,981.0,56.0,161.0,0.05708460754332314,788.0,34.0,0.04314720812182741,709.0,36.0,0.05077574047954866,161.0,6.0,0.037267080745341616,35.0,1.0,0.02857142857142857
01063,小坂忠士,639,44,156,106081,0.06885758998435054,0.24413145539906103,349.0,19.0,80.0,0.054441260744985676,290.0,25.0,76.0,0.08620689655172414,103.0,5.0,0.04854368932038835,83.0,3.0,0.03614457831325301,11.0,0.0,0.0,442.0,36.0,0.08144796380090498
01066,難波剛健,700,53,172,121700,0.07571428571428572,0.24571428571428572,465.0,35.0,117.0,0.07526881720430108,235.0,18.0,55.0,0.07659574468085106,31.0,2.0,0.06451612903225806,30.0,0.0,0.0,14.0,0.0,0.0,625.0,51.0,0.0816
01067,平沢健治,546,84,219,173705,0.15384615384615385,0.4010989010989011,405.0,61.0,159.0,0.1506172839506173,141.0,23.0,60.0,0.16312056737588654,0.0,0.0,0.0,0.0,0.0,0.0,0.0,0.0,0.0,546.0,84.0,0.15384615384615385
01068,蓑島靖典,462,22,75,45007,0.047619047619047616,0.16233766233766234,329.0,16.0,57.0,0.0486322188449848,133.0,6.0,18.0,0.045112781954887216,3.0,0.0,0.0,0.0,0.0,0.0,1.0,0.0,0.0,458.0,22.0,0.048034934497816595
01069,五十嵐雄,977,99,292,208318,0.10133060388945753,0.29887410440122825,696.0,72.0,216.0,0.10344827586206896,281.0,27.0,76.0,0.09608540925266904,6.0,0.0,0.0,11.0,0.0,0.0,3.0,0.0,0.0,957.0,99.0,0.10344827586206896
01072,黒岩悠,552,30,86,75907,0.05434782608695652,0.15579710144927536,356.0,27.0,64.0,0.07584269662921349,196.0,3.0,22.0,0.015306122448979591,31.0,0.0,0.0,25.0,0.0,0.0,6.0,0.0,0.0,490.0,30.0,0.061224489795918366
01075,田辺裕信,6943,753,2161,1497410,0.10845455854817802,0.3112487397378655,3491.0,359.0,1068.0,0.10283586364938413,3452.0,394.0,1093.0,0.11413673232908458,2261.0,253.0,0.11189739053516143,3276.0,347.0,0.10592185592185592,1035.0,118.0,0.11400966183574879,371.0,35.0,0.09433962264150944
01077,石橋脩,5636,448,1362,938906,0.0794889992902768,0.24166075230660042,2979.0,233.0,702.0,0.07821416582745888,2657.0,215.0,660.0,0.08091832894241625,1898.0,162.0,0.08535300316122234,2633.0,192.0,0.07292062286365363,825.0,67.0,0.08121212121212121,280.0,27.0,0.09642857142857143
01080,佐久間寛,308,18,74,41394,0.05844155844155844,0.24025974025974026,201.0,11.0,45.0,0.05472636815920398,107.0,7.0,29.0,0.06542056074766354,21.0,0.0,0.0,14.0,0.0,0.0,7.0,0.0,0.0,266.0,18.0,0.06766917293233082
01082,鈴木慶太,91,4,11,7211,0.04395604395604396,0.12087912087912088,66.0,3.0,10.0,0.045454545454545456,25.0,1.0,1.0,0.04,1.0,0.0,0.0,0.0,0.0,0.0,0.0,0.0,0.0,90.0,4.0,0.044444444444444446
01085,松岡正海,5123,239,851,555549,0.04665235213741948,0.16611360530938904,2582.0,131.0,460.0,0.05073586367157242,2541.0,108.0,391.0,0.04250295159386069,1842.0,88.0,0.04777415852334419,2287.0,112.0,0.04897245299519021,719.0,24.0,0.03337969401947149,275.0,15.0,0.05454545454545454
01087,上野翔,877,58,186,117649,0.0661345496009122,0.2120866590649943,611.0,43.0,136.0,0.07037643207855974,266.0,15.0,50.0,0.05639097744360902,11.0,0.0,0.0,13.0,0.0,0.0,5.0,0.0,0.0,848.0,58.0,0.06839622641509434
01088,川田将雅,6191,1415,3184,3134709,0.22855758358908093,0.5142949442739461,3704.0,863.0,1944.0,0.2329913606911447,2487.0,552.0,1240.0,0.22195416164053075,1928.0,414.0,0.21473029045643152,2688.0,632.0,0.23511904761904762,1280.0,307.0,0.23984375,295.0,62.0,0.21016949152542372
01089,高野和馬,278,6,19,10473,0.02158273381294964,0.0683453237410072,184.0,3.0,10.0,0.016304347826086956,94.0,3.0,9.0,0.031914893617021274,5.0,0.0,0.0,7.0,0.0,0.0,4.0,0.0,0.0,262.0,6.0,0.022900763358778626
01091,丹内祐次,7924,461,1708,954493,0.05817768803634528,0.21554770318021202,4451.0,281.0,1012.0,0.06313188047629746,3473.0,180.0,696.0,0.05182839044054132,2853.0,165.0,0.05783385909568875,3413.0,168.0,0.04922355698798711,1176.0,88.0,0.07482993197278912,482.0,40.0,0.08298755186721991
01092,津村明秀,6652,463,1564,1024725,0.0696031268791341,0.23511725796752855,3581.0,257.0,856.0,0.07176766266406032,3071.0,206.0,708.0,0.06707912732009118,2412.0,175.0,0.07255389718076286,3010.0,207.0,0.06877076411960133,921.0,63.0,0.06840390879478828,309.0,18.0,0.05825242718446602
01093,藤岡佑介,5348,554,1556,1172802,0.10359012715033658,0.29094988780852654,3089.0,317.0,915.0,0.10262220783425056,2259.0,237.0,641.0,0.1049136786188579,1945.0,180.0,0.09254498714652956,2279.0,241.0,0.1057481351469943,857.0,101.0,0.11785297549591599,267.0,32.0,0.1198501872659176
01095,吉田隼人,6641,618,1723,1244534,0.09305827435627165,0.2594488781809968,3708.0,339.0,951.0,0.09142394822006472,2933.0,279.0,772.0,0.09512444595976816,2543.0,218.0,0.08572552103814393,2728.0,269.0,0.09860703812316715,1051.0,93.0,0.08848715509039011,319.0,38.0,0.11912225705329153
01096,大野拓弥,7627,469,1626,983878,0.06149206765438574,0.2131899829552904,3678.0,213.0,748.0,0.05791190864600326,3949.0,256.0,878.0,0.06482653836414282,2683.0,158.0,0.05888930301900857,3543.0,237.0,0.06689246401354784,1073.0,54.0,0.05032618825722274,328.0,20.0,0.06097560975609756
01097,小島太一,113,0,7,2753,0.0,0.061946902654867256,22.0,0.0,0.0,0.0,91.0,0.0,7.0,0.0,71.0,0.0,0.0,40.0,0.0,0.0,1.0,0.0,0.0,1.0,0.0,0.0
01099,鮫島良太,2012,66,254,129351,0.032803180914512925,0.12624254473161034,778.0,17.0,67.0,0.021850899742930592,1234.0,49.0,187.0,0.03970826580226904,971.0,32.0,0.032955715756951595,791.0,30.0,0.03792667509481669,215.0,3.0,0.013953488372093023,35.0,1.0,0.02857142857142857
01101,中村将之,603,38,134,88098,0.06301824212271974,0.2222222222222222,398.0,23.0,91.0,0.05778894472361809,205.0,15.0,43.0,0.07317073170731707,20.0,0.0,0.0,12.0,0.0,0.0,0.0,0.0,0.0,571.0,38.0,0.06654991243432574
01102,北村友一,5745,579,1652,1282085,0.10078328981723238,0.2875543951261967,3319.0,347.0,983.0,0.10454956312142212,2426.0,232.0,669.0,0.09563066776586975,2235.0,210.0,0.09395973154362416,2323.0,244.0,0.10503659061558329,953.0,111.0,0.11647429171038824,234.0,14.0,0.05982905982905983
01104,田中博康,215,7,21,9381,0.03255813953488372,0.09767441860465116,112.0,6.0,12.0,0.05357142857142857,103.0,1.0,9.0,0.009708737864077669,101.0,3.0,0.0297029702970297,73.0,1.0,0.0136986301369863,28.0,2.0,0.07142857142857142,13.0,1.0,0.07692307692307693
01105,田村太雅,264,7,35,21670,0.026515151515151516,0.13257575757575757,158.0,6.0,21.0,0.0379746835443038,106.0,1.0,14.0,0.009433962264150943,11.0,0.0,0.0,6.0,0.0,0.0,2.0,0.0,0.0,245.0,7.0,0.02857142857142857
01108,的場勇人,1153,20,76,36933,0.017346053772766695,0.06591500433651344,484.0,12.0,47.0,0.024793388429752067,669.0,8.0,29.0,0.01195814648729447,681.0,11.0,0.016152716593245228,367.0,6.0,0.01634877384196185,84.0,3.0,0.03571428571428571,21.0,0.0,0.0
01109,黛弘人,3979,115,484,258465,0.028901734104046242,0.12163860266398592,2092.0,60.0,245.0,0.028680688336520075,1887.0,55.0,239.0,0.029146793852676205,1662.0,39.0,0.023465703971119134,1587.0,47.0,0.029615626969124134,531.0,18.0,0.03389830508474576,199.0,11.0,0.05527638190954774
01111,大下智,67,1,4,1535,0.014925373134328358,0.05970149253731343,27.0,1.0,3.0,0.037037037037037035,40.0,0.0,1.0,0.0,47.0,1.0,0.02127659574468085,17.0,0.0,0.0,2.0,0.0,0.0,1.0,0.0,0.0
01112,荻野琢真,1534,48,172,84957,0.03129074315514994,0.1121251629726206,646.0,22.0,70.0,0.034055727554179564,888.0,26.0,102.0,0.02927927927927928,638.0,18.0,0.02821316614420063,646.0,24.0,0.03715170278637771,185.0,6.0,0.032432432432432434,65.0,0.0,0.0
01113,草野太郎,907,47,171,124758,0.05181918412348401,0.18853362734288864,651.0,36.0,127.0,0.055299539170506916,256.0,11.0,44.0,0.04296875,9.0,0.0,0.0,7.0,0.0,0.0,2.0,0.0,0.0,889.0,47.0,0.052868391451068614
01114,田中健,1778,78,247,123696,0.043869516310461196,0.1389201349831271,672.0,25.0,83.0,0.03720238095238095,1106.0,53.0,164.0,0.04792043399638336,989.0,44.0,0.044489383215369056,596.0,28.0,0.04697986577181208,169.0,6.0,0.03550295857988166,24.0,0.0,0.0
01115,浜中俊,5340,568,1681,1336110,0.10636704119850188,0.3147940074906367,3090.0,315.0,960.0,0.10194174757281553,2250.0,253.0,721.0,0.11244444444444444,1981.0,204.0,0.10297829379101464,2233.0,254.0,0.11374832064487236,891.0,87.0,0.09764309764309764,235.0,23.0,0.09787234042553192
01116,藤岡康太,6401,519,1600,1007306,0.08108108108108109,0.2499609436025621,3458.0,264.0,836.0,0.07634470792365529,2943.0,255.0,764.0,0.08664627930682976,2505.0,218.0,0.08702594810379241,2553.0,189.0,0.07403055229142186,1100.0,94.0,0.08545454545454545,243.0,18.0,0.07407407407407407
01117,丸田恭介,4864,192,708,433345,0.039473684210526314,0.1455592105263158,2427.0,106.0,375.0,0.043675319324268644,2437.0,86.0,333.0,0.03528929011079196,2003.0,77.0,0.038442336495257114,2012.0,77.0,0.03827037773359841,640.0,30.0,0.046875,209.0,8.0,0.03827751196172249
01118,宮崎北斗,1817,56,190,89634,0.030820033021463952,0.10456796917996698,814.0,15.0,72.0,0.018427518427518427,1003.0,41.0,118.0,0.040877367896311065,870.0,27.0,0.03103448275862069,709.0,22.0,0.031029619181946404,191.0,6.0,0.031413612565445025,47.0,1.0,0.02127659574468085
01119,伊藤工真,1294,46,155,76338,0.03554868624420402,0.11978361669242658,559.0,17.0,62.0,0.03041144901610018,735.0,29.0,93.0,0.03945578231292517,557.0,24.0,0.04308797127468582,524.0,13.0,0.02480916030534351,140.0,6.0,0.04285714285714286,73.0,3.0,0.0410958904109589
01120,大江原圭,738,37,143,84554,0.05013550135501355,0.1937669376693767,510.0,21.0,86.0,0.041176470588235294,228.0,16.0,57.0,0.07017543859649122,9.0,0.0,0.0,5.0,0.0,0.0,2.0,0.0,0.0,722.0,37.0,0.05124653739612189
01122,三浦皇成,6963,637,2044,1263330,0.09148355593853225,0.29355163004452106,3514.0,263.0,957.0,0.07484348321001708,3449.0,374.0,1087.0,0.10843722818208176,2405.0,256.0,0.10644490644490645,3256.0,296.0,0.09090909090909091,1016.0,69.0,0.06791338582677166,286.0,16.0,0.055944055944055944
01123,小野寺祐,854,45,161,99953,0.05269320843091335,0.1885245901639344,582.0,36.0,121.0,0.061855670103092786,272.0,9.0,40.0,0.03308823529411765,46.0,0.0,0.0,64.0,1.0,0.015625,18.0,0.0,0.0,726.0,44.0,0.06060606060606061
01124,国分恭介,4186,169,660,363123,0.040372670807453416,0.15766841853798375,1821.0,72.0,254.0,0.039538714991762765,2365.0,97.0,406.0,0.041014799154334036,1867.0,76.0,0.040707016604177824,1671.0,61.0,0.036505086774386596,537.0,26.0,0.048417132216014895,111.0,6.0,0.05405405405405406
01125,国分優作,4109,115,471,263193,0.02798734485276223,0.11462642978826965,1774.0,42.0,186.0,0.02367531003382187,2335.0,73.0,285.0,0.03126338329764454,1910.0,58.0,0.030366492146596858,1591.0,47.0,0.0295411690760528,528.0,8.0,0.015151515151515152,80.0,2.0,0.025
01126,松山弘平,9492,1082,2902,2196033,0.11399072903497683,0.30573114201432783,4880.0,507.0,1402.0,0.10389344262295082,4612.0,575.0,1500.0,0.12467476149176063,3720.0,450.0,0.12096774193548387,3878.0,434.0,0.11191335740072202,1595.0,170.0,0.10658307210031348,299.0,28.0,0.09364548494983277
01127,丸山元気,6204,402,1343,809396,0.06479690522243714,0.21647324306898774,3366.0,213.0,736.0,0.06327985739750445,2838.0,189.0,607.0,0.06659619450317125,2439.0,143.0,0.058630586305863056,2573.0,180.0,0.06995724834823164,904.0,60.0,0.06637168141592921,288.0,19.0,0.06597222222222222
01128,川須栄彦,3865,157,541,330414,0.040620957309184996,0.13997412677878396,1708.0,58.0,197.0,0.03395784543325527,2157.0,99.0,344.0,0.0458970792767733,1977.0,103.0,0.05209914011127972,1343.0,45.0,0.03350707371556218,471.0,8.0,0.016985138004246284,74.0,1.0,0.013513513513513514
01129,菅原隆一,799,17,53,26526,0.02127659574468085,0.06633291614518148,304.0,1.0,13.0,0.003289473684210526,495.0,16.0,40.0,0.03232323232323232,375.0,4.0,0.010666666666666666,335.0,12.0,0.03582089552238806,60.0,0.0,0.0,29.0,1.0,0.034482758620689655
01130,高倉稜,3032,108,354,238760,0.03562005277044855,0.11675461741424802,1389.0,42.0,166.0,0.03023758099352052,1643.0,66.0,188.0,0.04017041996348144,1342.0,51.0,0.038002980625931444,1175.0,36.0,0.030638297872340424,432.0,17.0,0.03935185185185185,83.0,4.0,0.04819277108433735
01131,西村太一,569,15,51,21793,0.026362038664323375,0.08963093145869948,209.0,5.0,16.0,0.023923444976076555,360.0,10.0,35.0,0.027777777777777776,285.0,6.0,0.021052631578947368,210.0,8.0,0.0380952380952381,53.0,1.0,0.018867924528301886,21.0,0.0,0.0
01132,平野優,143,1,10,5295,0.006993006993006993,0.06993006993006994,48.0,0.0,2.0,0.0,95.0,1.0,8.0,0.010526315789473684,69.0,1.0,0.014492753623188406,66.0,0.0,0.0,7.0,0.0,0.0,1.0,0.0,0.0
01133,水口優也,1667,60,221,121973,0.035992801439712056,0.13257348530293941,491.0,9.0,38.0,0.018329938900203666,1176.0,51.0,183.0,0.04336734693877551,836.0,39.0,0.04665071770334928,626.0,20.0,0.03194888178913738,173.0,1.0,0.005780346820809248,32.0,0.0,0.0
01134,嶋田純次,1939,50,222,111634,0.025786487880350695,0.11449200618875709,1078.0,32.0,136.0,0.029684601113172542,861.0,18.0,86.0,0.020905923344947737,1048.0,26.0,0.02480916030534351,617.0,14.0,0.022690437601296597,221.0,9.0,0.04072398190045249,53.0,1.0,0.018867924528301886
01135,杉原誠人,3361,127,421,270083,0.037786373103243086,0.12526033918476645,1872.0,83.0,266.0,0.04433760683760684,1489.0,44.0,155.0,0.029550033579583614,1556.0,67.0,0.043059125964010285,1319.0,45.0,0.03411675511751327,367.0,11.0,0.02997275204359673,119.0,4.0,0.03361344537815126
01137,花田大昂,64,0,2,730,0.0,0.03125,19.0,0.0,1.0,0.0,45.0,0.0,1.0,0.0,34.0,0.0,0.0,27.0,0.0,0.0,3.0,0.0,0.0,0.0,0.0,0.0
01138,藤懸貴志,2852,114,373,228821,0.03997194950911641,0.13078541374474054,1158.0,45.0,135.0,0.038860103626943004,1694.0,69.0,238.0,0.04073199527744982,1330.0,49.0,0.03684210526315789,1071.0,42.0,0.0392156862745098,365.0,20.0,0.0547945205479452,86.0,3.0,0.03488372093023256
01139,森一馬,1080,121,312,290284,0.11203703703703703,0.28888888888888886,668.0,77.0,202.0,0.11526946107784432,412.0,44.0,110.0,0.10679611650485436,164.0,6.0,0.036585365853658534,178.0,5.0,0.028089887640449437,54.0,2.0,0.037037037037037035,684.0,108.0,0.15789473684210525
01140,横山和生,4954,427,1173,918985,0.0861929753734356,0.2367783609204683,2433.0,211.0,561.0,0.08672420879572544,2521.0,216.0,612.0,0.085680285600952,1764.0,120.0,0.06802721088435375,2334.0,227.0,0.0972579263067695,646.0,57.0,0.08823529411764706,210.0,23.0,0.10952380952380952
01141,中井裕二,2344,100,350,187763,0.042662116040955635,0.1493174061433447,927.0,21.0,96.0,0.022653721682847898,1417.0,79.0,254.0,0.05575158786167961,1136.0,54.0,0.04753521126760563,870.0,35.0,0.040229885057471264,286.0,11.0,0.038461538461538464,52.0,0.0,0.0
01142,長岡禎仁,2282,87,273,172444,0.03812445223488168,0.1196319018404908,957.0,25.0,86.0,0.02612330198537095,1325.0,62.0,187.0,0.04679245283018868,1145.0,44.0,0.03842794759825328,805.0,34.0,0.0422360248447205,270.0,7.0,0.025925925925925925,62.0,2.0,0.03225806451612903
01143,原田和真,1799,42,183,85607,0.023346303501945526,0.10172317954419122,833.0,19.0,83.0,0.022809123649459785,966.0,23.0,100.0,0.023809523809523808,764.0,20.0,0.02617801047120419,699.0,16.0,0.022889842632331903,201.0,0.0,0.0,135.0,6.0,0.044444444444444446
01144,菱田裕二,5940,380,1161,762373,0.06397306397306397,0.19545454545454546,3131.0,182.0,600.0,0.05812839348450974,2809.0,198.0,561.0,0.0704877180491278,2481.0,148.0,0.05965336557839581,2343.0,152.0,0.06487409304310712,878.0,63.0,0.07175398633257403,238.0,17.0,0.07142857142857142
01146,和田翼,2402,84,327,152647,0.034970857618651124,0.13613655287260615,1043.0,34.0,133.0,0.032598274209012464,1359.0,50.0,194.0,0.03679175864606328,1063.0,36.0,0.03386641580432737,956.0,38.0,0.0397489539748954,333.0,8.0,0.024024024024024024,50.0,2.0,0.04
01147,城戸義政,2418,73,283,122886,0.030190239867659223,0.11703887510339123,862.0,19.0,81.0,0.022041763341067284,1556.0,54.0,202.0,0.03470437017994859,1208.0,32.0,0.026490066225165563,904.0,36.0,0.03982300884955752,241.0,5.0,0.02074688796680498,65.0,0.0,0.0
01149,伴啓太,1680,66,204,114779,0.039285714285714285,0.12142857142857143,851.0,42.0,125.0,0.04935370152761457,829.0,24.0,79.0,0.028950542822677925,627.0,22.0,0.03508771929824561,469.0,4.0,0.008528784648187633,116.0,1.0,0.008620689655172414,468.0,39.0,0.08333333333333333
01150,石川裕紀,5808,327,1038,666585,0.05630165289256198,0.1787190082644628,2813.0,152.0,494.0,0.0540348382509776,2995.0,175.0,544.0,0.05843071786310518,2083.0,133.0,0.06385021603456553,2678.0,154.0,0.05750560119492158,813.0,37.0,0.04551045510455105,234.0,3.0,0.01282051282051282
01151,井上敏樹,2024,61,210,90931,0.030138339920948616,0.10375494071146245,839.0,20.0,82.0,0.023837902264600714,1185.0,41.0,128.0,0.03459915611814346,895.0,26.0,0.02905027932960894,766.0,24.0,0.031331592689295036,188.0,8.0,0.0425531914893617,175.0,3.0,0.017142857142857144
01152,小崎綾也,2994,119,423,227740,0.03974615898463594,0.14128256513026052,1315.0,51.0,168.0,0.03878326996197719,1679.0,68.0,255.0,0.04050029779630732,1327.0,54.0,0.04069329314242653,1177.0,49.0,0.041631265930331354,406.0,14.0,0.034482758620689655,84.0,2.0,0.023809523809523808
01153,木幡初也,2845,82,314,149160,0.028822495606326888,0.11036906854130053,1238.0,31.0,117.0,0.025040387722132473,1607.0,51.0,197.0,0.031736154324828875,1373.0,46.0,0.033503277494537506,1127.0,28.0,0.024844720496894408,284.0,6.0,0.02112676056338028,61.0,2.0,0.03278688524590164
01154,松若風馬,7101,453,1389,898021,0.06379383185466836,0.19560625264047318,3567.0,223.0,690.0,0.0625175217269414,3534.0,230.0,699.0,0.06508205998868138,3037.0,200.0,0.0658544616397761,2754.0,174.0,0.06318082788671024,1094.0,67.0,0.061243144424131625,216.0,12.0,0.05555555555555555
01155,義英真,1653,46,176,77510,0.027828191167574106,0.10647307924984876,591.0,7.0,35.0,0.011844331641285956,1062.0,39.0,141.0,0.03672316384180791,824.0,27.0,0.032766990291262135,618.0,18.0,0.02912621359223301,187.0,1.0,0.0053475935828877,24.0,0.0,0.0
01156,加藤祥太,2899,122,392,178150,0.04208347706105554,0.13521904104863747,1183.0,35.0,133.0,0.029585798816568046,1716.0,87.0,259.0,0.050699300699300696,1333.0,49.0,0.03675918979744936,1150.0,57.0,0.049565217391304345,332.0,9.0,0.02710843373493976,84.0,7.0,0.08333333333333333
01157,鮫島克駿,7712,597,1896,1186660,0.07741182572614108,0.245850622406639,3895.0,291.0,950.0,0.07471116816431322,3817.0,306.0,946.0,0.08016767094576893,3221.0,267.0,0.08289351133188451,3022.0,226.0,0.07478491065519524,1182.0,84.0,0.07106598984771574,287.0,20.0,0.06968641114982578
01158,野中悠太,4584,113,474,230597,0.024650959860383945,0.10340314136125654,1850.0,39.0,185.0,0.02108108108108108,2734.0,74.0,289.0,0.027066569129480616,1822.0,52.0,0.02854006586169045,2096.0,44.0,0.02099236641221374,518.0,10.0,0.019305019305019305,148.0,7.0,0.0472972972972973
01159,三津谷隼,1091,24,75,35513,0.021998166819431713,0.06874427131072411,434.0,8.0,38.0,0.018433179723502304,657.0,16.0,37.0,0.0243531202435312,472.0,11.0,0.023305084745762712,416.0,5.0,0.01201923076923077,139.0,3.0,0.02158273381294964,64.0,5.0,0.078125
01160,荻野極,4613,288,849,556551,0.06243225666594407,0.18404508996314764,2381.0,149.0,432.0,0.0625787484250315,2232.0,139.0,417.0,0.062275985663082435,1914.0,119.0,0.062173458725182866,1797.0,112.0,0.06232609905397885,734.0,45.0,0.06130790190735695,168.0,12.0,0.07142857142857142
01161,菊沢一樹,4986,180,694,357002,0.036101083032490974,0.13918973124749298,2167.0,72.0,282.0,0.03322565759113982,2819.0,108.0,412.0,0.03831145796381696,2283.0,97.0,0.04248795444590451,1980.0,64.0,0.03232323232323232,564.0,17.0,0.030141843971631204,159.0,2.0,0.012578616352201259
01162,木幡巧也,6072,264,943,478587,0.043478260869565216,0.1553030303030303,2637.0,104.0,365.0,0.03943875616230565,3435.0,160.0,578.0,0.046579330422125184,2330.0,120.0,0.05150214592274678,2781.0,105.0,0.037756202804746494,741.0,28.0,0.037786774628879895,220.0,11.0,0.05
01163,坂井瑠星,5752,626,1689,1276399,0.10883171070931849,0.29363699582753827,2860.0,302.0,818.0,0.1055944055944056,2892.0,324.0,871.0,0.11203319502074689,2161.0,231.0,0.10689495603887089,2438.0,262.0,0.10746513535684987,915.0,112.0,0.12240437158469945,238.0,21.0,0.08823529411764706
01164,藤田菜七,3891,166,524,238227,0.042662554613209974,0.13466975070675918,1790.0,68.0,219.0,0.03798882681564246,2101.0,98.0,305.0,0.046644455021418375,1912.0,103.0,0.05387029288702929,1472.0,44.0,0.029891304347826088,401.0,13.0,0.032418952618453865,106.0,6.0,0.05660377358490566
01165,森裕太朗,1986,81,273,130837,0.04078549848942598,0.13746223564954682,661.0,13.0,59.0,0.019667170953101363,1325.0,68.0,214.0,0.05132075471698113,976.0,41.0,0.042008196721311473,743.0,33.0,0.04441453566621804,232.0,6.0,0.02586206896551724,35.0,1.0,0.02857142857142857
01166,川又賢治,2536,125,414,224539,0.04929022082018927,0.1632492113564669,1200.0,58.0,199.0,0.04833333333333333,1336.0,67.0,215.0,0.050149700598802395,1144.0,58.0,0.050699300699300696,959.0,50.0,0.05213764337851929,323.0,11.0,0.034055727554179564,110.0,6.0,0.05454545454545454
01167,木幡育也,2262,65,242,100607,0.028735632183908046,0.10698496905393456,947.0,25.0,91.0,0.026399155227032733,1315.0,40.0,151.0,0.030418250950570342,1037.0,23.0,0.022179363548698167,944.0,38.0,0.04025423728813559,226.0,3.0,0.01327433628318584,55.0,1.0,0.01818181818181818
01168,富田暁,4150,204,678,376538,0.0491566265060241,0.16337349397590362,1921.0,82.0,297.0,0.04268610098906819,2229.0,122.0,381.0,0.0547330641543293,1713.0,90.0,0.05253940455341506,1650.0,73.0,0.04424242424242424,629.0,34.0,0.05405405405405406,158.0,7.0,0.04430379746835443
01169,武藤雅,4218,205,678,357013,0.048601232811759126,0.16073968705547653,1840.0,79.0,258.0,0.042934782608695654,2378.0,126.0,420.0,0.05298570227081581,1687.0,88.0,0.05216360403082395,1848.0,79.0,0.04274891774891775,517.0,28.0,0.05415860735009671,166.0,10.0,0.060240963855421686
01170,横山武史,6344,765,2022,1505664,0.12058638083228247,0.3187263556116015,3290.0,409.0,1085.0,0.1243161094224924,3054.0,356.0,937.0,0.11656843483955469,2241.0,256.0,0.1142347166443552,2849.0,360.0,0.12636012636012636,946.0,121.0,0.12790697674418605,308.0,28.0,0.09090909090909091
01171,西村淳也,5157,447,1385,895139,0.0866783013379872,0.2685669963156874,2569.0,252.0,733.0,0.09809264305177112,2588.0,195.0,652.0,0.07534775888717156,2049.0,154.0,0.07515861395802831,2075.0,199.0,0.09590361445783133,863.0,76.0,0.0880648899188876,170.0,18.0,0.10588235294117647
01172,服部寿希,679,6,33,15535,0.008836524300441826,0.048600883652430045,240.0,2.0,13.0,0.008333333333333333,439.0,4.0,20.0,0.009111617312072893,341.0,2.0,0.005865102639296188,252.0,3.0,0.011904761904761904,70.0,1.0,0.014285714285714285,16.0,0.0,0.0
01173,山田敬士,1978,40,168,70969,0.020222446916076844,0.08493427704752275,783.0,18.0,55.0,0.022988505747126436,1195.0,22.0,113.0,0.018410041841004185,918.0,19.0,0.020697167755991286,854.0,17.0,0.01990632318501171,160.0,4.0,0.025,46.0,0.0,0.0
01174,岩田望来,5309,601,1653,1143393,0.11320399321906197,0.3113580711998493,2589.0,290.0,838.0,0.11201235998455002,2720.0,311.0,815.0,0.11433823529411764,2055.0,226.0,0.10997566909975669,2178.0,250.0,0.1147842056932966,908.0,111.0,0.1222466960352423,168.0,14.0,0.08333333333333333
01175,大塚海渡,184,3,17,6355,0.016304347826086956,0.09239130434782608,73.0,1.0,8.0,0.0136986301369863,111.0,2.0,9.0,0.018018018018018018,90.0,2.0,0.022222222222222223,68.0,0.0,0.0,23.0,1.0,0.043478260869565216,3.0,0.0,0.0
01176,亀田温心,2874,147,458,253161,0.0511482254697286,0.1593597773138483,1361.0,65.0,216.0,0.04775900073475386,1513.0,82.0,242.0,0.054196959682749506,1311.0,61.0,0.04652936689549962,1137.0,64.0,0.056288478452066845,340.0,21.0,0.061764705882352944,86.0,1.0,0.011627906976744186
01177,小林凌大,1884,54,199,89842,0.028662420382165606,0.10562632696390659,684.0,9.0,48.0,0.013157894736842105,1200.0,45.0,151.0,0.0375,945.0,36.0,0.0380952380952381,755.0,17.0,0.022516556291390728,142.0,1.0,0.007042253521126761,42.0,0.0,0.0
01178,斎藤新,4023,244,753,463076,0.06065125528212777,0.1871737509321402,2071.0,110.0,347.0,0.05311443746982134,1952.0,134.0,406.0,0.06864754098360656,1664.0,100.0,0.06009615384615385,1652.0,109.0,0.06598062953995157,561.0,28.0,0.049910873440285206,146.0,7.0,0.04794520547945205
01179,菅原明良,5091,401,1256,823404,0.07876645059909644,0.24670988018071105,2491.0,206.0,625.0,0.08269771176234444,2600.0,195.0,631.0,0.075,1861.0,167.0,0.08973670069854917,2330.0,161.0,0.06909871244635193,675.0,55.0,0.08148148148148149,225.0,18.0,0.08
01180,団野大成,4692,352,1141,772854,0.07502131287297528,0.24317988064791135,2275.0,158.0,531.0,0.06945054945054945,2417.0,194.0,610.0,0.08026479106330162,1900.0,151.0,0.07947368421052632,1929.0,141.0,0.07309486780715396,709.0,52.0,0.07334273624823695,154.0,8.0,0.05194805194805195
01181,秋山稔樹,2512,107,359,174906,0.04259554140127388,0.1429140127388535,1121.0,38.0,144.0,0.03389830508474576,1391.0,69.0,215.0,0.04960460100647016,1161.0,55.0,0.047372954349698536,1006.0,43.0,0.042743538767395624,282.0,7.0,0.024822695035460994,63.0,2.0,0.031746031746031744
01182,泉谷楓真,2112,101,364,185740,0.047821969696969696,0.17234848484848486,1001.0,42.0,167.0,0.04195804195804196,1111.0,59.0,197.0,0.05310531053105311,920.0,43.0,0.04673913043478261,832.0,42.0,0.05048076923076923,308.0,13.0,0.04220779220779221,52.0,3.0,0.057692307692307696
01183,小林脩斗,1692,46,165,75836,0.027186761229314422,0.0975177304964539,646.0,9.0,49.0,0.01393188854489164,1046.0,37.0,116.0,0.03537284894837476,841.0,35.0,0.041617122473246136,667.0,10.0,0.014992503748125937,148.0,1.0,0.006756756756756757,36.0,0.0,0.0
01184,原優介,3325,105,418,214060,0.031578947368421054,0.12571428571428572,1440.0,33.0,144.0,0.022916666666666665,1885.0,72.0,274.0,0.03819628647214854,1370.0,48.0,0.035036496350364967,1490.0,38.0,0.025503355704697986,358.0,15.0,0.04189944134078212,107.0,4.0,0.037383177570093455
01185,小沢大仁,2836,126,419,222277,0.04442877291960508,0.14774330042313116,1277.0,46.0,160.0,0.036021926389976505,1559.0,80.0,259.0,0.05131494547787043,1202.0,39.0,0.0324459234608985,1150.0,68.0,0.059130434782608696,401.0,15.0,0.03740648379052369,83.0,4.0,0.04819277108433735
01186,角田大和,2365,125,446,214863,0.052854122621564484,0.18858350951374206,1072.0,45.0,183.0,0.04197761194029851,1293.0,80.0,263.0,0.061871616395978345,1006.0,53.0,0.05268389662027833,936.0,43.0,0.045940170940170943,357.0,23.0,0.06442577030812324,66.0,6.0,0.09090909090909091
01187,永島まな,2474,129,362,179554,0.052142279708973324,0.1463217461600647,1138.0,66.0,162.0,0.05799648506151142,1336.0,63.0,200.0,0.04715568862275449,1174.0,57.0,0.048551959114139696,959.0,59.0,0.061522419186652764,292.0,10.0,0.03424657534246575,49.0,3.0,0.061224489795918366
01188,永野猛蔵,2494,111,380,203075,0.04450681635926223,0.15236567762630313,1087.0,43.0,155.0,0.03955841766329347,1407.0,68.0,225.0,0.048329779673063254,965.0,49.0,0.05077720207253886,1105.0,47.0,0.04253393665158371,315.0,10.0,0.031746031746031744,109.0,5.0,0.045871559633027525
01189,西谷凜,244,5,36,11738,0.020491803278688523,0.14754098360655737,66.0,2.0,8.0,0.030303030303030304,178.0,3.0,28.0,0.016853932584269662,102.0,3.0,0.029411764705882353,105.0,2.0,0.01904761904761905,26.0,0.0,0.0,11.0,0.0,0.0
01190,古川奈穂,1144,65,189,96655,0.056818181818181816,0.1652097902097902,451.0,19.0,67.0,0.04212860310421286,693.0,46.0,122.0,0.06637806637806638,542.0,33.0,0.06088560885608856,436.0,25.0,0.05733944954128441,133.0,5.0,0.03759398496240601,33.0,2.0,0.06060606060606061
01191,松本大輝,1743,91,264,144771,0.05220883534136546,0.1514629948364888,793.0,38.0,102.0,0.04791929382093316,950.0,53.0,162.0,0.05578947368421053,841.0,47.0,0.0558858501783591,640.0,29.0,0.0453125,203.0,8.0,0.03940886699507389,59.0,7.0,0.11864406779661017
01192,横山琉人,2083,108,308,159515,0.05184829572731637,0.14786365818530964,927.0,46.0,131.0,0.04962243797195254,1156.0,62.0,177.0,0.05363321799307959,824.0,45.0,0.05461165048543689,939.0,45.0,0.04792332268370607,245.0,14.0,0.05714285714285714,75.0,4.0,0.05333333333333334
01193,今村聖奈,1617,104,310,149119,0.06431663574520717,0.191713048855906,720.0,39.0,122.0,0.05416666666666667,897.0,65.0,188.0,0.07246376811594203,766.0,48.0,0.06266318537859007,611.0,42.0,0.06873977086743044,198.0,9.0,0.045454545454545456,42.0,5.0,0.11904761904761904
01194,大久保友,307,4,18,7969,0.013029315960912053,0.05863192182410423,110.0,0.0,4.0,0.0,197.0,4.0,14.0,0.02030456852791878,155.0,1.0,0.0064516129032258064,119.0,2.0,0.01680672268907563,29.0,1.0,0.034482758620689655,4.0,0.0,0.0
01195,川端海翼,816,19,77,34350,0.023284313725490197,0.09436274509803921,300.0,3.0,21.0,0.01,516.0,16.0,56.0,0.031007751937984496,387.0,8.0,0.020671834625323,310.0,7.0,0.02258064516129032,98.0,2.0,0.02040816326530612,21.0,2.0,0.09523809523809523
01196,小牧加矢,364,51,153,112254,0.1401098901098901,0.42032967032967034,269.0,38.0,113.0,0.1412639405204461,95.0,13.0,40.0,0.1368421052631579,0.0,0.0,0.0,0.0,0.0,0.0,0.0,0.0,0.0,364.0,51.0,0.1401098901098901
01197,佐々木大,2687,235,663,381274,0.08745813174544101,0.24674358020096762,1401.0,135.0,368.0,0.09635974304068523,1286.0,100.0,295.0,0.07776049766718507,1036.0,85.0,0.08204633204633205,1152.0,109.0,0.09461805555555555,377.0,26.0,0.06896551724137931,122.0,15.0,0.12295081967213115
01198,土田真翔,373,1,15,7344,0.002680965147453083,0.040214477211796246,144.0,0.0,5.0,0.0,229.0,1.0,10.0,0.004366812227074236,147.0,1.0,0.006802721088435374,132.0,0.0,0.0,18.0,0.0,0.0,76.0,0.0,0.0
01199,角田大河,1590,90,298,168039,0.05660377358490566,0.18742138364779873,683.0,33.0,122.0,0.048316251830161056,907.0,57.0,176.0,0.06284454244762955,712.0,57.0,0.0800561797752809,625.0,24.0,0.0384,219.0,9.0,0.0410958904109589,34.0,0.0,0.0
01200,西塚洸二,1515,93,259,148387,0.061386138613861385,0.17095709570957096,723.0,43.0,126.0,0.059474412171507604,792.0,50.0,133.0,0.06313131313131314,668.0,38.0,0.05688622754491018,610.0,42.0,0.06885245901639345,197.0,13.0,0.06598984771573604,40.0,0.0,0.0
01201,水沼元輝,726,16,49,23298,0.02203856749311295,0.0674931129476584,326.0,4.0,16.0,0.012269938650306749,400.0,12.0,33.0,0.03,315.0,5.0,0.015873015873015872,244.0,4.0,0.01639344262295082,51.0,2.0,0.0392156862745098,116.0,5.0,0.04310344827586207
01202,鷲頭虎太,923,31,129,56182,0.03358613217768147,0.13976164680390032,417.0,14.0,52.0,0.03357314148681055,506.0,17.0,77.0,0.03359683794466403,430.0,18.0,0.04186046511627907,346.0,9.0,0.02601156069364162,98.0,1.0,0.01020408163265306,49.0,3.0,0.061224489795918366
01203,石田拓郎,722,21,61,31100,0.029085872576177285,0.08448753462603878,292.0,10.0,26.0,0.03424657534246575,430.0,11.0,35.0,0.02558139534883721,333.0,11.0,0.03303303303303303,303.0,10.0,0.033003300330033,67.0,0.0,0.0,19.0,0.0,0.0
01204,河原田菜,976,24,93,38792,0.02459016393442623,0.09528688524590163,428.0,9.0,37.0,0.02102803738317757,548.0,15.0,56.0,0.02737226277372263,487.0,13.0,0.026694045174537988,368.0,7.0,0.019021739130434784,109.0,4.0,0.03669724770642202,12.0,0.0,0.0
01205,小林勝太,942,37,115,60448,0.03927813163481953,0.12208067940552017,390.0,9.0,31.0,0.023076923076923078,552.0,28.0,84.0,0.050724637681159424,391.0,19.0,0.04859335038363171,421.0,15.0,0.035629453681710214,93.0,1.0,0.010752688172043012,37.0,2.0,0.05405405405405406
01206,小林美駒,1005,66,198,87375,0.06567164179104477,0.19701492537313434,443.0,24.0,75.0,0.05417607223476298,562.0,42.0,123.0,0.07473309608540925,492.0,41.0,0.08333333333333333,406.0,23.0,0.05665024630541872,81.0,2.0,0.024691358024691357,26.0,0.0,0.0
01207,佐藤翔馬,605,8,35,15258,0.013223140495867768,0.05785123966942149,247.0,2.0,13.0,0.008097165991902834,358.0,6.0,22.0,0.01675977653631285,313.0,6.0,0.019169329073482427,240.0,2.0,0.008333333333333333,43.0,0.0,0.0,9.0,0.0,0.0
01208,田口貫太,2157,111,400,215110,0.05146036161335188,0.1854427445526194,921.0,38.0,143.0,0.04125950054288816,1236.0,73.0,257.0,0.05906148867313916,909.0,58.0,0.0638063806380638,881.0,39.0,0.04426787741203178,313.0,13.0,0.04153354632587859,54.0,1.0,0.018518518518518517
01209,石神深道,699,22,83,32626,0.031473533619456366,0.11874105865522175,327.0,10.0,42.0,0.03058103975535168,372.0,12.0,41.0,0.03225806451612903,316.0,11.0,0.03481012658227848,288.0,10.0,0.034722222222222224,76.0,0.0,0.0,19.0,1.0,0.05263157894736842
01210,大江原比,196,4,18,6652,0.02040816326530612,0.09183673469387756,87.0,3.0,11.0,0.034482758620689655,109.0,1.0,7.0,0.009174311926605505,86.0,3.0,0.03488372093023256,83.0,0.0,0.0,22.0,0.0,0.0,5.0,1.0,0.2
01211,坂口智康,86,7,21,12451,0.08139534883720931,0.2441860465116279,57.0,5.0,14.0,0.08771929824561403,29.0,2.0,7.0,0.06896551724137931,0.0,0.0,0.0,0.0,0.0,0.0,0.0,0.0,0.0,86.0,7.0,0.08139534883720931
01212,柴田裕一,690,29,88,42606,0.042028985507246375,0.12753623188405797,291.0,10.0,29.0,0.03436426116838488,399.0,19.0,59.0,0.047619047619047616,301.0,18.0,0.059800664451827246,273.0,6.0,0.02197802197802198,93.0,4.0,0.043010752688172046,23.0,1.0,0.043478260869565216
01213,高杉吏麒,1292,122,330,186789,0.09442724458204334,0.25541795665634676,609.0,49.0,138.0,0.08045977011494253,683.0,73.0,192.0,0.10688140556368961,573.0,71.0,0.12390924956369982,514.0,33.0,0.06420233463035019,166.0,17.0,0.10240963855421686,39.0,1.0,0.02564102564102564
01214,長浜鴻緒,932,41,144,64518,0.043991416309012876,0.15450643776824036,352.0,7.0,43.0,0.019886363636363636,580.0,34.0,101.0,0.05862068965517241,376.0,20.0,0.05319148936170213,418.0,17.0,0.04066985645933014,104.0,2.0,0.019230769230769232,34.0,2.0,0.058823529411764705
01215,橋木太希,294,3,24,9379,0.01020408163265306,0.08163265306122448,115.0,1.0,9.0,0.008695652173913044,179.0,2.0,15.0,0.0111731843575419,154.0,1.0,0.006493506493506494,118.0,2.0,0.01694915254237288,19.0,0.0,0.0,3.0,0.0,0.0
01216,吉村誠之,1457,99,298,178661,0.06794783802333562,0.20452985586822237,643.0,44.0,137.0,0.06842923794712286,814.0,55.0,161.0,0.06756756756756757,618.0,48.0,0.07766990291262135,591.0,33.0,0.05583756345177665,215.0,16.0,0.07441860465116279,33.0,2.0,0.06060606060606061
01217,上里直汰,221,10,22,11082,0.04524886877828054,0.09954751131221719,79.0,4.0,7.0,0.05063291139240506,142.0,6.0,15.0,0.04225352112676056,102.0,6.0,0.058823529411764705,94.0,4.0,0.0425531914893617,20.0,0.0,0.0,5.0,0.0,0.0
01218,遠藤汰月,310,5,17,8077,0.016129032258064516,0.054838709677419356,135.0,3.0,8.0,0.022222222222222223,175.0,2.0,9.0,0.011428571428571429,140.0,4.0,0.02857142857142857,136.0,1.0,0.007352941176470588,31.0,0.0,0.0,3.0,0.0,0.0
01219,谷原柚希,66,0,3,1278,0.0,0.045454545454545456,26.0,0.0,0.0,0.0,40.0,0.0,3.0,0.0,44.0,0.0,0.0,16.0,0.0,0.0,6.0,0.0,0.0,0.0,0.0,0.0
01220,田山旺佑,345,16,45,22426,0.0463768115942029,0.13043478260869565,146.0,5.0,15.0,0.03424657534246575,199.0,11.0,30.0,0.05527638190954774,148.0,6.0,0.04054054054054054,138.0,8.0,0.057971014492753624,51.0,2.0,0.0392156862745098,8.0,0.0,0.0
01221,舟山瑠泉,337,19,62,28208,0.05637982195845697,0.18397626112759644,155.0,9.0,27.0,0.05806451612903226,182.0,10.0,35.0,0.054945054945054944,121.0,9.0,0.0743801652892562,159.0,8.0,0.050314465408805034,39.0,2.0,0.05128205128205128,18.0,0.0,0.0
01222,森田誠也,230,6,29,11723,0.02608695652173913,0.12608695652173912,84.0,2.0,7.0,0.023809523809523808,146.0,4.0,22.0,0.0273972602739726,108.0,3.0,0.027777777777777776,90.0,3.0,0.03333333333333333,25.0,0.0,0.0,7.0,0.0,0.0
01223,和田陽希,327,11,38,17362,0.03363914373088685,0.1162079510703364,141.0,3.0,8.0,0.02127659574468085,186.0,8.0,30.0,0.043010752688172046,139.0,8.0,0.05755395683453238,140.0,1.0,0.007142857142857143,36.0,2.0,0.05555555555555555,12.0,0.0,0.0
05053,丸野勝虎,13,0,0,0,0.0,0.0,5.0,0.0,0.0,0.0,8.0,0.0,0.0,0.0,9.0,0.0,0.0,2.0,0.0,0.0,1.0,0.0,0.0,1.0,0.0,0.0
05073,佐々木国,3,0,0,0,0.0,0.0,3.0,0.0,0.0,0.0,0.0,0.0,0.0,0.0,0.0,0.0,0.0,3.0,0.0,0.0,0.0,0.0,0.0,0.0,0.0,0.0
05089,宮崎光行,17,0,0,400,0.0,0.0,13.0,0.0,0.0,0.0,4.0,0.0,0.0,0.0,5.0,0.0,0.0,11.0,0.0,0.0,1.0,0.0,0.0,0.0,0.0,0.0
05091,五十嵐冬,74,3,15,10332,0.04054054054054054,0.20270270270270271,48.0,2.0,10.0,0.041666666666666664,26.0,1.0,5.0,0.038461538461538464,31.0,2.0,0.06451612903225806,29.0,1.0,0.034482758620689655,13.0,0.0,0.0,1.0,0.0,0.0
05098,真島正徳,1,0,0,0,0.0,0.0,1.0,0.0,0.0,0.0,0.0,0.0,0.0,0.0,0.0,0.0,0.0,1.0,0.0,0.0,0.0,0.0,0.0,0.0,0.0,0.0
05099,吉田順治,3,0,0,100,0.0,0.0,3.0,0.0,0.0,0.0,0.0,0.0,0.0,0.0,1.0,0.0,0.0,1.0,0.0,0.0,1.0,0.0,0.0,0.0,0.0,0.0
05115,シュタル,1021,89,276,243976,0.0871694417238002,0.2703232125367287,579.0,60.0,172.0,0.10362694300518134,442.0,29.0,104.0,0.06561085972850679,353.0,25.0,0.0708215297450425,430.0,36.0,0.08372093023255814,188.0,20.0,0.10638297872340426,50.0,8.0,0.16
05135,ホワイト,133,14,45,24812,0.10526315789473684,0.3383458646616541,92.0,10.0,34.0,0.10869565217391304,41.0,4.0,11.0,0.0975609756097561,45.0,6.0,0.13333333333333333,58.0,6.0,0.10344827586206896,30.0,2.0,0.06666666666666667,0.0,0.0,0.0
05161,東川公則,16,0,1,205,0.0,0.0625,5.0,0.0,0.0,0.0,11.0,0.0,1.0,0.0,11.0,0.0,0.0,5.0,0.0,0.0,0.0,0.0,0.0,0.0,0.0,0.0
05171,岡部誠,76,0,4,2312,0.0,0.05263157894736842,42.0,0.0,3.0,0.0,34.0,0.0,1.0,0.0,34.0,0.0,0.0,25.0,0.0,0.0,15.0,0.0,0.0,2.0,0.0,0.0
05199,左海誠二,46,1,2,1210,0.021739130434782608,0.043478260869565216,19.0,1.0,2.0,0.05263157894736842,27.0,0.0,0.0,0.0,21.0,0.0,0.0,19.0,1.0,0.05263157894736842,2.0,0.0,0.0,4.0,0.0,0.0
05203,岩田康誠,7166,649,2063,1532781,0.09056656433156572,0.28788724532514653,3568.0,299.0,1009.0,0.08380044843049328,3598.0,350.0,1054.0,0.09727626459143969,2711.0,229.0,0.08447067502766507,2998.0,274.0,0.0913942628418946,1156.0,119.0,0.10294117647058823,301.0,27.0,0.08970099667774087
05212,Ｍ．デム,6192,977,2471,2256269,0.1577842377260982,0.3990633074935401,3648.0,606.0,1504.0,0.16611842105263158,2544.0,371.0,967.0,0.14583333333333334,2022.0,311.0,0.15380811078140455,2757.0,452.0,0.16394631846209648,1116.0,175.0,0.15681003584229392,297.0,39.0,0.13131313131313133
05217,田中学,41,0,1,602,0.0,0.024390243902439025,16.0,0.0,0.0,0.0,25.0,0.0,1.0,0.0,23.0,0.0,0.0,14.0,0.0,0.0,2.0,0.0,0.0,2.0,0.0,0.0
05229,山口勲,81,0,5,3055,0.0,0.06172839506172839,52.0,0.0,2.0,0.0,29.0,0.0,3.0,0.0,38.0,0.0,0.0,28.0,0.0,0.0,12.0,0.0,0.0,3.0,0.0,0.0
05230,今野忠成,16,0,0,210,0.0,0.0,8.0,0.0,0.0,0.0,8.0,0.0,0.0,0.0,5.0,0.0,0.0,11.0,0.0,0.0,0.0,0.0,0.0,0.0,0.0,0.0
05243,柴山雄一,3937,231,720,426148,0.058674117348234696,0.18288036576073152,1909.0,114.0,376.0,0.059717129387113675,2028.0,117.0,344.0,0.057692307692307696,1465.0,80.0,0.05460750853242321,1719.0,96.0,0.055846422338568937,581.0,40.0,0.06884681583476764,172.0,15.0,0.0872093023255814
05248,加藤和博,2,0,0,0,0.0,0.0,2.0,0.0,0.0,0.0,0.0,0.0,0.0,0.0,2.0,0.0,0.0,0.0,0.0,0.0,0.0,0.0,0.0,0.0,0.0,0.0
05268,佐藤友則,459,9,34,18581,0.0196078431372549,0.07407407407407407,221.0,2.0,12.0,0.00904977375565611,238.0,7.0,22.0,0.029411764705882353,195.0,5.0,0.02564102564102564,177.0,2.0,0.011299435028248588,81.0,2.0,0.024691358024691357,6.0,0.0,0.0
05269,繁田健一,3,0,0,73,0.0,0.0,1.0,0.0,0.0,0.0,2.0,0.0,0.0,0.0,1.0,0.0,0.0,2.0,0.0,0.0,0.0,0.0,0.0,0.0,0.0,0.0
05271,スミヨン,100,19,48,61337,0.19,0.48,72.0,15.0,37.0,0.20833333333333334,28.0,4.0,11.0,0.14285714285714285,21.0,2.0,0.09523809523809523,48.0,12.0,0.25,25.0,4.0,0.16,6.0,1.0,0.16666666666666666
05286,服部茂史,72,0,8,5381,0.0,0.1111111111111111,45.0,0.0,7.0,0.0,27.0,0.0,1.0,0.0,30.0,0.0,0.0,35.0,0.0,0.0,2.0,0.0,0.0,5.0,0.0,0.0
05299,吉原寛人,93,5,15,10555,0.053763440860215055,0.16129032258064516,40.0,2.0,5.0,0.05,53.0,3.0,10.0,0.05660377358490566,41.0,5.0,0.12195121951219512,39.0,0.0,0.0,12.0,0.0,0.0,1.0,0.0,0.0
05306,プレブル,2,0,0,0,0.0,0.0,2.0,0.0,0.0,0.0,0.0,0.0,0.0,0.0,1.0,0.0,0.0,1.0,0.0,0.0,0.0,0.0,0.0,0.0,0.0,0.0
05309,永島太郎,3,0,0,72,0.0,0.0,3.0,0.0,0.0,0.0,0.0,0.0,0.0,0.0,2.0,0.0,0.0,1.0,0.0,0.0,0.0,0.0,0.0,0.0,0.0,0.0
05321,オールプ,181,7,31,16937,0.03867403314917127,0.1712707182320442,99.0,3.0,18.0,0.030303030303030304,82.0,4.0,13.0,0.04878048780487805,69.0,1.0,0.014492753623188406,80.0,5.0,0.0625,22.0,1.0,0.045454545454545456,10.0,0.0,0.0
05328,下原理,32,0,1,355,0.0,0.03125,10.0,0.0,0.0,0.0,22.0,0.0,1.0,0.0,22.0,0.0,0.0,9.0,0.0,0.0,1.0,0.0,0.0,0.0,0.0,0.0
05329,倉富隆一,1,0,0,0,0.0,0.0,1.0,0.0,0.0,0.0,0.0,0.0,0.0,0.0,1.0,0.0,0.0,0.0,0.0,0.0,0.0,0.0,0.0,0.0,0.0,0.0
05336,バルジュ,559,49,139,71388,0.08765652951699464,0.24865831842576028,305.0,28.0,80.0,0.09180327868852459,254.0,21.0,59.0,0.08267716535433071,217.0,20.0,0.09216589861751152,228.0,15.0,0.06578947368421052,93.0,13.0,0.13978494623655913,21.0,1.0,0.047619047619047616
05339,ルメール,7509,1869,4070,4206253,0.24890131841789853,0.5420162471700626,4539.0,1184.0,2567.0,0.2608504075787618,2970.0,685.0,1503.0,0.23063973063973064,2093.0,443.0,0.21165790731008122,3574.0,900.0,0.2518186905428092,1367.0,375.0,0.274323335771763,475.0,151.0,0.3178947368421053
05342,森泰斗,148,9,26,15480,0.060810810810810814,0.17567567567567569,63.0,3.0,9.0,0.047619047619047616,85.0,6.0,17.0,0.07058823529411765,61.0,4.0,0.06557377049180328,67.0,4.0,0.05970149253731343,16.0,1.0,0.0625,4.0,0.0,0.0
05352,石崎駿,1,0,0,0,0.0,0.0,1.0,0.0,0.0,0.0,0.0,0.0,0.0,0.0,0.0,0.0,0.0,0.0,0.0,0.0,1.0,0.0,0.0,0.0,0.0,0.0
05364,大山真吾,9,1,1,750,0.1111111111111111,0.1111111111111111,3.0,0.0,0.0,0.0,6.0,1.0,1.0,0.16666666666666666,4.0,0.0,0.0,4.0,1.0,0.25,1.0,0.0,0.0,0.0,0.0,0.0
05366,ムーア,473,94,214,282714,0.19873150105708245,0.452431289640592,300.0,62.0,135.0,0.20666666666666667,173.0,32.0,79.0,0.18497109826589594,117.0,21.0,0.1794871794871795,217.0,46.0,0.2119815668202765,108.0,21.0,0.19444444444444445,31.0,6.0,0.1935483870967742
05370,大畑雅章,5,0,0,0,0.0,0.0,3.0,0.0,0.0,0.0,2.0,0.0,0.0,0.0,3.0,0.0,0.0,0.0,0.0,0.0,2.0,0.0,0.0,0.0,0.0,0.0
05374,スペンサ,3,0,0,0,0.0,0.0,3.0,0.0,0.0,0.0,0.0,0.0,0.0,0.0,0.0,0.0,0.0,1.0,0.0,0.0,1.0,0.0,0.0,1.0,0.0,0.0
05376,パスキエ,3,0,0,230,0.0,0.0,2.0,0.0,0.0,0.0,1.0,0.0,0.0,0.0,0.0,0.0,0.0,2.0,0.0,0.0,0.0,0.0,0.0,1.0,0.0,0.0
05377,メンディ,9,0,2,502,0.0,0.2222222222222222,7.0,0.0,2.0,0.0,2.0,0.0,0.0,0.0,2.0,0.0,0.0,4.0,0.0,0.0,2.0,0.0,0.0,1.0,0.0,0.0
05380,矢野貴之,17,1,2,844,0.058823529411764705,0.11764705882352941,7.0,0.0,0.0,0.0,10.0,1.0,2.0,0.1,5.0,0.0,0.0,9.0,0.0,0.0,3.0,1.0,0.3333333333333333,0.0,0.0,0.0
05386,戸崎圭太,8713,1364,3457,2792685,0.1565476873637094,0.3967634569034776,4672.0,710.0,1901.0,0.1519691780821918,4041.0,654.0,1556.0,0.16184112843355605,2892.0,467.0,0.16147994467496543,4010.0,632.0,0.15760598503740647,1361.0,203.0,0.14915503306392358,450.0,62.0,0.13777777777777778
05389,岩橋勇二,33,0,4,1815,0.0,0.12121212121212122,28.0,0.0,3.0,0.0,5.0,0.0,1.0,0.0,12.0,0.0,0.0,15.0,0.0,0.0,5.0,0.0,0.0,1.0,0.0,0.0
05390,吉村智洋,117,2,10,5217,0.017094017094017096,0.08547008547008547,61.0,1.0,3.0,0.01639344262295082,56.0,1.0,7.0,0.017857142857142856,58.0,1.0,0.017241379310344827,41.0,1.0,0.024390243902439025,12.0,0.0,0.0,6.0,0.0,0.0
05393,ベハラー,4,0,2,980,0.0,0.5,3.0,0.0,2.0,0.0,1.0,0.0,0.0,0.0,1.0,0.0,0.0,2.0,0.0,0.0,1.0,0.0,0.0,0.0,0.0,0.0
05399,和田譲治,1,0,0,0,0.0,0.0,0.0,0.0,0.0,0.0,1.0,0.0,0.0,0.0,1.0,0.0,0.0,0.0,0.0,0.0,0.0,0.0,0.0,0.0,0.0,0.0
05404,御神本訓,27,0,1,200,0.0,0.037037037037037035,14.0,0.0,0.0,0.0,13.0,0.0,1.0,0.0,7.0,0.0,0.0,16.0,0.0,0.0,4.0,0.0,0.0,0.0,0.0,0.0
05408,筒井勇介,27,0,2,860,0.0,0.07407407407407407,12.0,0.0,0.0,0.0,15.0,0.0,2.0,0.0,15.0,0.0,0.0,9.0,0.0,0.0,3.0,0.0,0.0,0.0,0.0,0.0
05411,桑村真明,96,1,6,4341,0.010416666666666666,0.0625,61.0,0.0,0.0,0.0,35.0,1.0,6.0,0.02857142857142857,37.0,1.0,0.02702702702702703,50.0,0.0,0.0,7.0,0.0,0.0,2.0,0.0,0.0
05414,伊藤千尋,1,0,0,0,0.0,0.0,1.0,0.0,0.0,0.0,0.0,0.0,0.0,0.0,1.0,0.0,0.0,0.0,0.0,0.0,0.0,0.0,0.0,0.0,0.0,0.0
05416,ウィリア,45,3,11,6619,0.06666666666666667,0.24444444444444444,34.0,2.0,7.0,0.058823529411764705,11.0,1.0,4.0,0.09090909090909091,8.0,0.0,0.0,22.0,1.0,0.045454545454545456,10.0,1.0,0.1,5.0,1.0,0.2
05420,真島大輔,31,0,1,1560,0.0,0.03225806451612903,9.0,0.0,0.0,0.0,22.0,0.0,1.0,0.0,13.0,0.0,0.0,16.0,0.0,0.0,2.0,0.0,0.0,0.0,0.0,0.0
05427,ルパルー,7,0,1,600,0.0,0.14285714285714285,4.0,0.0,1.0,0.0,3.0,0.0,0.0,0.0,3.0,0.0,0.0,3.0,0.0,0.0,1.0,0.0,0.0,0.0,0.0,0.0
05429,岡田祥嗣,1051,35,132,71760,0.03330161750713606,0.12559467174119887,354.0,11.0,31.0,0.031073446327683617,697.0,24.0,101.0,0.03443328550932568,465.0,16.0,0.034408602150537634,446.0,17.0,0.03811659192825112,122.0,2.0,0.01639344262295082,18.0,0.0,0.0
05435,柿原翔,23,0,1,230,0.0,0.043478260869565216,10.0,0.0,0.0,0.0,13.0,0.0,1.0,0.0,14.0,0.0,0.0,6.0,0.0,0.0,3.0,0.0,0.0,0.0,0.0,0.0
05438,菅原俊吏,5,0,0,0,0.0,0.0,4.0,0.0,0.0,0.0,1.0,0.0,0.0,0.0,3.0,0.0,0.0,2.0,0.0,0.0,0.0,0.0,0.0,0.0,0.0,0.0
05443,本田正重,39,1,3,2235,0.02564102564102564,0.07692307692307693,22.0,0.0,1.0,0.0,17.0,1.0,2.0,0.058823529411764705,12.0,0.0,0.0,18.0,1.0,0.05555555555555555,8.0,0.0,0.0,1.0,0.0,0.0
05444,川島正太,1,0,0,0,0.0,0.0,1.0,0.0,0.0,0.0,0.0,0.0,0.0,0.0,1.0,0.0,0.0,0.0,0.0,0.0,0.0,0.0,0.0,0.0,0.0,0.0
05445,山本聡哉,20,0,0,420,0.0,0.0,9.0,0.0,0.0,0.0,11.0,0.0,0.0,0.0,11.0,0.0,0.0,5.0,0.0,0.0,1.0,0.0,0.0,3.0,0.0,0.0
05446,ザーラ,1,0,0,0,0.0,0.0,1.0,0.0,0.0,0.0,0.0,0.0,0.0,0.0,0.0,0.0,0.0,1.0,0.0,0.0,0.0,0.0,0.0,0.0,0.0,0.0
05447,クラスト,7,0,2,1020,0.0,0.2857142857142857,5.0,0.0,2.0,0.0,2.0,0.0,0.0,0.0,1.0,0.0,0.0,4.0,0.0,0.0,2.0,0.0,0.0,0.0,0.0,0.0
05451,吉井友彦,50,0,1,473,0.0,0.02,20.0,0.0,0.0,0.0,30.0,0.0,1.0,0.0,22.0,0.0,0.0,23.0,0.0,0.0,4.0,0.0,0.0,1.0,0.0,0.0
05454,パートン,63,10,22,23043,0.15873015873015872,0.3492063492063492,41.0,9.0,17.0,0.21951219512195122,22.0,1.0,5.0,0.045454545454545456,23.0,4.0,0.17391304347826086,27.0,3.0,0.1111111111111111,13.0,3.0,0.23076923076923078,0.0,0.0,0.0
05455,町田直希,6,0,0,0,0.0,0.0,3.0,0.0,0.0,0.0,3.0,0.0,0.0,0.0,4.0,0.0,0.0,2.0,0.0,0.0,0.0,0.0,0.0,0.0,0.0,0.0
05456,田中純,1,0,1,350,0.0,1.0,1.0,0.0,1.0,0.0,0.0,0.0,0.0,0.0,1.0,0.0,0.0,0.0,0.0,0.0,0.0,0.0,0.0,0.0,0.0,0.0
05460,デュプレ,116,5,12,7122,0.04310344827586207,0.10344827586206896,65.0,4.0,9.0,0.06153846153846154,51.0,1.0,3.0,0.0196078431372549,42.0,0.0,0.0,48.0,2.0,0.041666666666666664,23.0,3.0,0.13043478260869565,3.0,0.0,0.0
05464,ギュイヨ,10,2,2,1470,0.2,0.2,8.0,2.0,2.0,0.25,2.0,0.0,0.0,0.0,2.0,0.0,0.0,4.0,1.0,0.25,2.0,0.0,0.0,2.0,1.0,0.5
05469,ブロンデ,62,2,7,5165,0.03225806451612903,0.11290322580645161,33.0,0.0,4.0,0.0,29.0,2.0,3.0,0.06896551724137931,19.0,2.0,0.10526315789473684,28.0,0.0,0.0,10.0,0.0,0.0,5.0,0.0,0.0
05470,オドノヒ,49,6,18,14610,0.12244897959183673,0.3673469387755102,27.0,3.0,11.0,0.1111111111111111,22.0,3.0,7.0,0.13636363636363635,17.0,2.0,0.11764705882352941,20.0,3.0,0.15,9.0,0.0,0.0,3.0,1.0,0.3333333333333333
05471,ベリー,218,32,64,52121,0.14678899082568808,0.29357798165137616,100.0,17.0,35.0,0.17,118.0,15.0,29.0,0.1271186440677966,62.0,8.0,0.12903225806451613,98.0,16.0,0.16326530612244897,47.0,6.0,0.1276595744680851,11.0,2.0,0.18181818181818182
05472,リスポリ,14,0,3,900,0.0,0.21428571428571427,6.0,0.0,1.0,0.0,8.0,0.0,2.0,0.0,4.0,0.0,0.0,8.0,0.0,0.0,2.0,0.0,0.0,0.0,0.0,0.0
05473,Ｃ．デム,1043,198,477,500378,0.18983700862895495,0.4573346116970278,577.0,105.0,274.0,0.18197573656845753,466.0,93.0,203.0,0.19957081545064378,355.0,58.0,0.16338028169014085,447.0,91.0,0.203579418344519,192.0,42.0,0.21875,49.0,7.0,0.14285714285714285
05478,石川慎将,6,0,0,0,0.0,0.0,6.0,0.0,0.0,0.0,0.0,0.0,0.0,0.0,6.0,0.0,0.0,0.0,0.0,0.0,0.0,0.0,0.0,0.0,0.0,0.0
05487,クウィリ,6,0,0,0,0.0,0.0,5.0,0.0,0.0,0.0,1.0,0.0,0.0,0.0,1.0,0.0,0.0,3.0,0.0,0.0,2.0,0.0,0.0,0.0,0.0,0.0
05488,本橋孝太,2,0,0,0,0.0,0.0,2.0,0.0,0.0,0.0,0.0,0.0,0.0,0.0,0.0,0.0,0.0,2.0,0.0,0.0,0.0,0.0,0.0,0.0,0.0,0.0
05489,今井貴大,2,0,1,120,0.0,0.5,1.0,0.0,0.0,0.0,1.0,0.0,1.0,0.0,1.0,0.0,0.0,1.0,0.0,0.0,0.0,0.0,0.0,0.0,0.0,0.0
05491,田中直人,1,0,0,0,0.0,0.0,1.0,0.0,0.0,0.0,0.0,0.0,0.0,0.0,1.0,0.0,0.0,0.0,0.0,0.0,0.0,0.0,0.0,0.0,0.0,0.0
05492,阿部龍,30,1,2,1550,0.03333333333333333,0.06666666666666667,25.0,0.0,0.0,0.0,5.0,1.0,2.0,0.2,14.0,1.0,0.07142857142857142,15.0,0.0,0.0,1.0,0.0,0.0,0.0,0.0,0.0
05495,ビュイッ,170,32,71,99096,0.18823529411764706,0.4176470588235294,110.0,19.0,45.0,0.17272727272727273,60.0,13.0,26.0,0.21666666666666667,39.0,7.0,0.1794871794871795,91.0,17.0,0.18681318681318682,25.0,5.0,0.2,15.0,3.0,0.2
05497,マクドノ,43,1,3,2547,0.023255813953488372,0.06976744186046512,18.0,0.0,1.0,0.0,25.0,1.0,2.0,0.04,22.0,0.0,0.0,14.0,1.0,0.07142857142857142,5.0,0.0,0.0,2.0,0.0,0.0
05498,ブノワ,62,4,14,6454,0.06451612903225806,0.22580645161290322,28.0,2.0,5.0,0.07142857142857142,34.0,2.0,9.0,0.058823529411764705,15.0,0.0,0.0,34.0,4.0,0.11764705882352941,10.0,0.0,0.0,3.0,0.0,0.0
05501,山下裕貴,1,0,0,0,0.0,0.0,1.0,0.0,0.0,0.0,0.0,0.0,0.0,0.0,1.0,0.0,0.0,0.0,0.0,0.0,0.0,0.0,0.0,0.0,0.0,0.0
05502,松井伸也,7,0,0,0,0.0,0.0,7.0,0.0,0.0,0.0,0.0,0.0,0.0,0.0,3.0,0.0,0.0,3.0,0.0,0.0,1.0,0.0,0.0,0.0,0.0,0.0
05503,藤田弘治,9,1,1,1050,0.1111111111111111,0.1111111111111111,8.0,1.0,1.0,0.125,1.0,0.0,0.0,0.0,3.0,0.0,0.0,2.0,0.0,0.0,3.0,0.0,0.0,1.0,1.0,1.0
05504,バルザロ,117,13,32,75047,0.1111111111111111,0.27350427350427353,67.0,8.0,21.0,0.11940298507462686,50.0,5.0,11.0,0.1,43.0,4.0,0.09302325581395349,54.0,5.0,0.09259259259259259,15.0,2.0,0.13333333333333333,5.0,2.0,0.4
05509,モレイラ,750,227,447,477111,0.30266666666666664,0.596,463.0,142.0,280.0,0.30669546436285094,287.0,85.0,167.0,0.2961672473867596,189.0,57.0,0.30158730158730157,369.0,108.0,0.2926829268292683,135.0,44.0,0.32592592592592595,57.0,18.0,0.3157894736842105
05512,阪野学,6,0,0,110,0.0,0.0,5.0,0.0,0.0,0.0,1.0,0.0,0.0,0.0,3.0,0.0,0.0,3.0,0.0,0.0,0.0,0.0,0.0,0.0,0.0,0.0
05514,ブドー,1,0,0,0,0.0,0.0,1.0,0.0,0.0,0.0,0.0,0.0,0.0,0.0,0.0,0.0,0.0,0.0,0.0,0.0,0.0,0.0,0.0,1.0,0.0,0.0
05516,ダシルヴ,5,1,2,1960,0.2,0.4,3.0,1.0,2.0,0.3333333333333333,2.0,0.0,0.0,0.0,1.0,0.0,0.0,3.0,1.0,0.3333333333333333,1.0,0.0,0.0,0.0,0.0,0.0
05517,ミナリク,495,29,83,53935,0.05858585858585859,0.16767676767676767,214.0,10.0,30.0,0.04672897196261682,281.0,19.0,53.0,0.06761565836298933,161.0,11.0,0.06832298136645963,233.0,11.0,0.04721030042918455,76.0,5.0,0.06578947368421052,25.0,2.0,0.08
05519,コントレ,50,2,10,4832,0.04,0.2,23.0,2.0,6.0,0.08695652173913043,27.0,0.0,4.0,0.0,16.0,1.0,0.0625,25.0,1.0,0.04,8.0,0.0,0.0,1.0,0.0,0.0
05520,マクドナ,4,1,2,18804,0.25,0.5,3.0,1.0,2.0,0.3333333333333333,1.0,0.0,0.0,0.0,2.0,0.0,0.0,1.0,1.0,1.0,1.0,0.0,0.0,0.0,0.0,0.0
05521,藤原幹生,9,0,0,0,0.0,0.0,7.0,0.0,0.0,0.0,2.0,0.0,0.0,0.0,4.0,0.0,0.0,5.0,0.0,0.0,0.0,0.0,0.0,0.0,0.0,0.0
05522,井上幹太,5,0,2,760,0.0,0.4,5.0,0.0,2.0,0.0,0.0,0.0,0.0,0.0,1.0,0.0,0.0,3.0,0.0,0.0,1.0,0.0,0.0,0.0,0.0,0.0
05523,池田敏樹,1,0,0,0,0.0,0.0,1.0,0.0,0.0,0.0,0.0,0.0,0.0,0.0,1.0,0.0,0.0,0.0,0.0,0.0,0.0,0.0,0.0,0.0,0.0,0.0
05524,笹川翼,82,3,9,5232,0.036585365853658534,0.10975609756097561,39.0,1.0,2.0,0.02564102564102564,43.0,2.0,7.0,0.046511627906976744,39.0,0.0,0.0,37.0,3.0,0.08108108108108109,4.0,0.0,0.0,2.0,0.0,0.0
05525,藤井勘一,1175,42,152,90050,0.03574468085106383,0.12936170212765957,516.0,19.0,60.0,0.03682170542635659,659.0,23.0,92.0,0.03490136570561457,483.0,16.0,0.033126293995859216,471.0,20.0,0.04246284501061571,192.0,4.0,0.020833333333333332,29.0,2.0,0.06896551724137931
05526,ターナー,4,1,1,1500,0.25,0.25,4.0,1.0,1.0,0.25,0.0,0.0,0.0,0.0,1.0,0.0,0.0,1.0,1.0,1.0,1.0,0.0,0.0,1.0,0.0,0.0
05527,アッゼニ,202,16,49,34314,0.07920792079207921,0.24257425742574257,118.0,8.0,26.0,0.06779661016949153,84.0,8.0,23.0,0.09523809523809523,74.0,4.0,0.05405405405405406,87.0,9.0,0.10344827586206896,35.0,2.0,0.05714285714285714,6.0,1.0,0.16666666666666666
05528,ベリー,195,23,61,37881,0.11794871794871795,0.3128205128205128,101.0,8.0,27.0,0.07920792079207921,94.0,15.0,34.0,0.1595744680851064,65.0,9.0,0.13846153846153847,88.0,9.0,0.10227272727272728,29.0,4.0,0.13793103448275862,13.0,1.0,0.07692307692307693
05529,ボウマン,183,23,63,108358,0.12568306010928962,0.3442622950819672,99.0,14.0,41.0,0.1414141414141414,84.0,9.0,22.0,0.10714285714285714,56.0,5.0,0.08928571428571429,74.0,9.0,0.12162162162162163,31.0,7.0,0.22580645161290322,22.0,2.0,0.09090909090909091
05530,杉浦健太,6,0,0,0,0.0,0.0,4.0,0.0,0.0,0.0,2.0,0.0,0.0,0.0,3.0,0.0,0.0,2.0,0.0,0.0,1.0,0.0,0.0,0.0,0.0,0.0
05531,フォーリ,361,20,87,48946,0.055401662049861494,0.2409972299168975,184.0,12.0,44.0,0.06521739130434782,177.0,8.0,43.0,0.04519774011299435,117.0,8.0,0.06837606837606838,156.0,7.0,0.04487179487179487,64.0,3.0,0.046875,24.0,2.0,0.08333333333333333
05532,ヴェロン,218,16,55,31356,0.07339449541284404,0.25229357798165136,101.0,6.0,25.0,0.0594059405940594,117.0,10.0,30.0,0.08547008547008547,87.0,9.0,0.10344827586206896,86.0,5.0,0.05813953488372093,39.0,2.0,0.05128205128205128,6.0,0.0,0.0
05533,ティータ,117,10,20,18796,0.08547008547008547,0.17094017094017094,80.0,8.0,13.0,0.1,37.0,2.0,7.0,0.05405405405405406,33.0,2.0,0.06060606060606061,55.0,5.0,0.09090909090909091,18.0,3.0,0.16666666666666666,11.0,0.0,0.0
05534,石川倭,91,5,12,11375,0.054945054945054944,0.13186813186813187,52.0,2.0,6.0,0.038461538461538464,39.0,3.0,6.0,0.07692307692307693,20.0,2.0,0.1,59.0,3.0,0.05084745762711865,6.0,0.0,0.0,6.0,0.0,0.0
05535,ウィルソ,4,0,1,380,0.0,0.25,4.0,0.0,1.0,0.0,0.0,0.0,0.0,0.0,1.0,0.0,0.0,1.0,0.0,0.0,1.0,0.0,0.0,1.0,0.0,0.0
05536,永森大智,8,1,1,1810,0.125,0.125,5.0,1.0,1.0,0.2,3.0,0.0,0.0,0.0,1.0,0.0,0.0,4.0,1.0,0.25,1.0,0.0,0.0,2.0,0.0,0.0
05537,ファーガ,1,0,0,0,0.0,0.0,1.0,0.0,0.0,0.0,0.0,0.0,0.0,0.0,0.0,0.0,0.0,0.0,0.0,0.0,0.0,0.0,0.0,1.0,0.0,0.0
05538,シュミノ,238,23,61,49567,0.09663865546218488,0.25630252100840334,141.0,15.0,43.0,0.10638297872340426,97.0,8.0,18.0,0.08247422680412371,68.0,6.0,0.08823529411764706,113.0,13.0,0.11504424778761062,45.0,3.0,0.06666666666666667,12.0,1.0,0.08333333333333333
05539,早田功駿,3,0,0,0,0.0,0.0,0.0,0.0,0.0,0.0,3.0,0.0,0.0,0.0,1.0,0.0,0.0,2.0,0.0,0.0,0.0,0.0,0.0,0.0,0.0,0.0
05540,達城龍次,4,0,0,0,0.0,0.0,1.0,0.0,0.0,0.0,3.0,0.0,0.0,0.0,1.0,0.0,0.0,1.0,0.0,0.0,2.0,0.0,0.0,0.0,0.0,0.0
05541,中野省吾,20,0,3,1345,0.0,0.15,11.0,0.0,2.0,0.0,9.0,0.0,1.0,0.0,7.0,0.0,0.0,9.0,0.0,0.0,3.0,0.0,0.0,1.0,0.0,0.0
05542,高松亮,5,0,0,0,0.0,0.0,4.0,0.0,0.0,0.0,1.0,0.0,0.0,0.0,2.0,0.0,0.0,2.0,0.0,0.0,1.0,0.0,0.0,0.0,0.0,0.0
05543,山田祥雄,2,0,0,0,0.0,0.0,1.0,0.0,0.0,0.0,1.0,0.0,0.0,0.0,1.0,0.0,0.0,1.0,0.0,0.0,0.0,0.0,0.0,0.0,0.0,0.0
05544,田野豊三,1,0,0,0,0.0,0.0,1.0,0.0,0.0,0.0,0.0,0.0,0.0,0.0,0.0,0.0,0.0,1.0,0.0,0.0,0.0,0.0,0.0,0.0,0.0,0.0
05545,山本咲希,16,0,0,345,0.0,0.0,9.0,0.0,0.0,0.0,7.0,0.0,0.0,0.0,8.0,0.0,0.0,6.0,0.0,0.0,2.0,0.0,0.0,0.0,0.0,0.0
05546,マリヨン,5,0,1,730,0.0,0.2,3.0,0.0,1.0,0.0,2.0,0.0,0.0,0.0,1.0,0.0,0.0,3.0,0.0,0.0,1.0,0.0,0.0,0.0,0.0,0.0
05547,マカヴォ,9,1,1,1182,0.1111111111111111,0.1111111111111111,5.0,0.0,0.0,0.0,4.0,1.0,1.0,0.25,1.0,0.0,0.0,5.0,1.0,0.2,1.0,0.0,0.0,2.0,0.0,0.0
05548,竹吉徹,3,0,0,0,0.0,0.0,2.0,0.0,0.0,0.0,1.0,0.0,0.0,0.0,2.0,0.0,0.0,1.0,0.0,0.0,0.0,0.0,0.0,0.0,0.0,0.0
05549,張田昂,5,0,1,280,0.0,0.2,3.0,0.0,0.0,0.0,2.0,0.0,1.0,0.0,1.0,0.0,0.0,4.0,0.0,0.0,0.0,0.0,0.0,0.0,0.0,0.0
05550,ポルク,1,0,0,0,0.0,0.0,1.0,0.0,0.0,0.0,0.0,0.0,0.0,0.0,0.0,0.0,0.0,0.0,0.0,0.0,0.0,0.0,0.0,1.0,0.0,0.0
05551,パリッシ,1,0,0,0,0.0,0.0,1.0,0.0,0.0,0.0,0.0,0.0,0.0,0.0,0.0,0.0,0.0,0.0,0.0,0.0,0.0,0.0,0.0,1.0,0.0,0.0
05552,鈴木祐,4,0,0,160,0.0,0.0,3.0,0.0,0.0,0.0,1.0,0.0,0.0,0.0,2.0,0.0,0.0,1.0,0.0,0.0,1.0,0.0,0.0,0.0,0.0,0.0
05553,保園翔也,2,0,0,0,0.0,0.0,1.0,0.0,0.0,0.0,1.0,0.0,0.0,0.0,0.0,0.0,0.0,1.0,0.0,0.0,1.0,0.0,0.0,0.0,0.0,0.0
05554,臼井健太,2,0,0,230,0.0,0.0,1.0,0.0,0.0,0.0,1.0,0.0,0.0,0.0,0.0,0.0,0.0,1.0,0.0,0.0,1.0,0.0,0.0,0.0,0.0,0.0
05555,中越琉世,4,1,2,2040,0.25,0.5,2.0,0.0,0.0,0.0,2.0,1.0,2.0,0.5,0.0,0.0,0.0,2.0,1.0,0.5,2.0,0.0,0.0,0.0,0.0,0.0
05556,栗原大河,2,0,0,0,0.0,0.0,1.0,0.0,0.0,0.0,1.0,0.0,0.0,0.0,0.0,0.0,0.0,1.0,0.0,0.0,1.0,0.0,0.0,0.0,0.0,0.0
05557,加藤聡一,12,0,0,0,0.0,0.0,7.0,0.0,0.0,0.0,5.0,0.0,0.0,0.0,3.0,0.0,0.0,6.0,0.0,0.0,3.0,0.0,0.0,0.0,0.0,0.0
05558,渡辺竜也,41,1,7,3334,0.024390243902439025,0.17073170731707318,19.0,0.0,3.0,0.0,22.0,1.0,4.0,0.045454545454545456,16.0,0.0,0.0,14.0,0.0,0.0,11.0,1.0,0.09090909090909091,0.0,0.0,0.0
05562,岡村健司,2,0,0,0,0.0,0.0,1.0,0.0,0.0,0.0,1.0,0.0,0.0,0.0,2.0,0.0,0.0,0.0,0.0,0.0,0.0,0.0,0.0,0.0,0.0,0.0
05563,桜井光輔,5,0,0,0,0.0,0.0,2.0,0.0,0.0,0.0,3.0,0.0,0.0,0.0,1.0,0.0,0.0,2.0,0.0,0.0,2.0,0.0,0.0,0.0,0.0,0.0
05566,クリッパ,2,0,0,0,0.0,0.0,1.0,0.0,0.0,0.0,1.0,0.0,0.0,0.0,0.0,0.0,0.0,2.0,0.0,0.0,0.0,0.0,0.0,0.0,0.0,0.0
05567,大柿一真,3,0,0,0,0.0,0.0,2.0,0.0,0.0,0.0,1.0,0.0,0.0,0.0,1.0,0.0,0.0,2.0,0.0,0.0,0.0,0.0,0.0,0.0,0.0,0.0
05568,アヴドゥ,172,22,60,38989,0.12790697674418605,0.3488372093023256,111.0,16.0,45.0,0.14414414414414414,61.0,6.0,15.0,0.09836065573770492,53.0,9.0,0.16981132075471697,77.0,9.0,0.11688311688311688,29.0,3.0,0.10344827586206896,13.0,1.0,0.07692307692307693
05569,コレット,4,0,0,150,0.0,0.0,3.0,0.0,0.0,0.0,1.0,0.0,0.0,0.0,1.0,0.0,0.0,2.0,0.0,0.0,1.0,0.0,0.0,0.0,0.0,0.0
05570,スコフィ,9,0,0,730,0.0,0.0,7.0,0.0,0.0,0.0,2.0,0.0,0.0,0.0,1.0,0.0,0.0,5.0,0.0,0.0,3.0,0.0,0.0,0.0,0.0,0.0
05571,菅原辰徳,4,0,0,0,0.0,0.0,2.0,0.0,0.0,0.0,2.0,0.0,0.0,0.0,2.0,0.0,0.0,1.0,0.0,0.0,1.0,0.0,0.0,0.0,0.0,0.0
05572,佐原秀泰,1,0,0,0,0.0,0.0,0.0,0.0,0.0,0.0,1.0,0.0,0.0,0.0,0.0,0.0,0.0,1.0,0.0,0.0,0.0,0.0,0.0,0.0,0.0,0.0
05573,瀧川寿希,18,0,3,590,0.0,0.16666666666666666,8.0,0.0,2.0,0.0,10.0,0.0,1.0,0.0,4.0,0.0,0.0,12.0,0.0,0.0,2.0,0.0,0.0,0.0,0.0,0.0
05574,グティエ,6,0,0,50,0.0,0.0,2.0,0.0,0.0,0.0,4.0,0.0,0.0,0.0,2.0,0.0,0.0,3.0,0.0,0.0,1.0,0.0,0.0,0.0,0.0,0.0
05575,マーフィ,343,68,161,146526,0.19825072886297376,0.46938775510204084,173.0,34.0,82.0,0.19653179190751446,170.0,34.0,79.0,0.2,101.0,20.0,0.19801980198019803,165.0,36.0,0.21818181818181817,57.0,8.0,0.14035087719298245,20.0,4.0,0.2
05576,石堂響,3,0,0,0,0.0,0.0,2.0,0.0,0.0,0.0,1.0,0.0,0.0,0.0,0.0,0.0,0.0,1.0,0.0,0.0,2.0,0.0,0.0,0.0,0.0,0.0
05577,岩本怜,2,1,1,1050,0.5,0.5,1.0,1.0,1.0,1.0,1.0,0.0,0.0,0.0,0.0,0.0,0.0,1.0,0.0,0.0,1.0,1.0,1.0,0.0,0.0,0.0
05578,落合玄太,57,1,5,2925,0.017543859649122806,0.08771929824561403,32.0,1.0,3.0,0.03125,25.0,0.0,2.0,0.0,19.0,1.0,0.05263157894736842,32.0,0.0,0.0,4.0,0.0,0.0,2.0,0.0,0.0
05579,出水拓人,3,0,0,0,0.0,0.0,2.0,0.0,0.0,0.0,1.0,0.0,0.0,0.0,1.0,0.0,0.0,2.0,0.0,0.0,0.0,0.0,0.0,0.0,0.0,0.0
05580,長谷部駿,6,0,1,705,0.0,0.16666666666666666,3.0,0.0,0.0,0.0,3.0,0.0,1.0,0.0,2.0,0.0,0.0,2.0,0.0,0.0,2.0,0.0,0.0,0.0,0.0,0.0
05581,松木大地,6,1,2,1920,0.16666666666666666,0.3333333333333333,3.0,0.0,1.0,0.0,3.0,1.0,1.0,0.3333333333333333,2.0,0.0,0.0,2.0,1.0,0.5,2.0,0.0,0.0,0.0,0.0,0.0
05583,吉井章,5,1,2,1260,0.2,0.4,2.0,1.0,1.0,0.5,3.0,0.0,1.0,0.0,0.0,0.0,0.0,4.0,1.0,0.25,1.0,0.0,0.0,0.0,0.0,0.0
05584,山田雄大,1,0,0,0,0.0,0.0,1.0,0.0,0.0,0.0,0.0,0.0,0.0,0.0,0.0,0.0,0.0,0.0,0.0,0.0,1.0,0.0,0.0,0.0,0.0,0.0
05585,レーン,794,186,398,507318,0.23425692695214106,0.5012594458438288,472.0,118.0,248.0,0.25,322.0,68.0,150.0,0.2111801242236025,224.0,56.0,0.25,347.0,85.0,0.24495677233429394,138.0,26.0,0.18840579710144928,85.0,19.0,0.2235294117647059
05586,ミシェル,6,1,1,1920,0.16666666666666666,0.16666666666666666,5.0,0.0,0.0,0.0,1.0,1.0,1.0,1.0,2.0,0.0,0.0,3.0,1.0,0.3333333333333333,1.0,0.0,0.0,0.0,0.0,0.0
05587,小松丈二,2,0,0,0,0.0,0.0,2.0,0.0,0.0,0.0,0.0,0.0,0.0,0.0,2.0,0.0,0.0,0.0,0.0,0.0,0.0,0.0,0.0,0.0,0.0,0.0
05588,山下雅之,1,0,0,0,0.0,0.0,1.0,0.0,0.0,0.0,0.0,0.0,0.0,0.0,0.0,0.0,0.0,1.0,0.0,0.0,0.0,0.0,0.0,0.0,0.0,0.0
05589,木本直,2,0,0,0,0.0,0.0,1.0,0.0,0.0,0.0,1.0,0.0,0.0,0.0,0.0,0.0,0.0,1.0,0.0,0.0,1.0,0.0,0.0,0.0,0.0,0.0
05592,小野楓馬,6,0,0,0,0.0,0.0,4.0,0.0,0.0,0.0,2.0,0.0,0.0,0.0,3.0,0.0,0.0,2.0,0.0,0.0,0.0,0.0,0.0,1.0,0.0,0.0
05593,大木天翔,4,0,1,270,0.0,0.25,2.0,0.0,1.0,0.0,2.0,0.0,0.0,0.0,1.0,0.0,0.0,1.0,0.0,0.0,2.0,0.0,0.0,0.0,0.0,0.0
05594,仲原大生,2,0,0,0,0.0,0.0,1.0,0.0,0.0,0.0,1.0,0.0,0.0,0.0,0.0,0.0,0.0,2.0,0.0,0.0,0.0,0.0,0.0,0.0,0.0,0.0
05595,福原杏,5,0,0,0,0.0,0.0,2.0,0.0,0.0,0.0,3.0,0.0,0.0,0.0,0.0,0.0,0.0,5.0,0.0,0.0,0.0,0.0,0.0,0.0,0.0,0.0
05596,ヒューイ,150,19,50,44806,0.12666666666666668,0.3333333333333333,71.0,7.0,25.0,0.09859154929577464,79.0,12.0,25.0,0.1518987341772152,44.0,2.0,0.045454545454545456,70.0,10.0,0.14285714285714285,25.0,3.0,0.12,11.0,4.0,0.36363636363636365
05597,鴨宮祥行,5,0,0,0,0.0,0.0,4.0,0.0,0.0,0.0,1.0,0.0,0.0,0.0,3.0,0.0,0.0,2.0,0.0,0.0,0.0,0.0,0.0,0.0,0.0,0.0
05598,山中悠希,4,0,0,0,0.0,0.0,4.0,0.0,0.0,0.0,0.0,0.0,0.0,0.0,1.0,0.0,0.0,1.0,0.0,0.0,2.0,0.0,0.0,0.0,0.0,0.0
05599,池谷匠翔,2,0,1,270,0.0,0.5,1.0,0.0,1.0,0.0,1.0,0.0,0.0,0.0,0.0,0.0,0.0,2.0,0.0,0.0,0.0,0.0,0.0,0.0,0.0,0.0
05600,塚本雄大,2,0,2,800,0.0,1.0,1.0,0.0,1.0,0.0,1.0,0.0,1.0,0.0,0.0,0.0,0.0,2.0,0.0,0.0,0.0,0.0,0.0,0.0,0.0,0.0
05601,金山昇馬,5,0,0,230,0.0,0.0,3.0,0.0,0.0,0.0,2.0,0.0,0.0,0.0,2.0,0.0,0.0,2.0,0.0,0.0,1.0,0.0,0.0,0.0,0.0,0.0
05602,細川智史,2,0,0,160,0.0,0.0,1.0,0.0,0.0,0.0,1.0,0.0,0.0,0.0,0.0,0.0,0.0,2.0,0.0,0.0,0.0,0.0,0.0,0.0,0.0,0.0
05604,魚住謙心,2,1,2,1660,0.5,1.0,1.0,1.0,1.0,1.0,1.0,0.0,1.0,0.0,0.0,0.0,0.0,1.0,0.0,0.0,1.0,1.0,1.0,0.0,0.0,0.0
05605,篠谷葵,1,0,0,0,0.0,0.0,0.0,0.0,0.0,0.0,1.0,0.0,0.0,0.0,0.0,0.0,0.0,1.0,0.0,0.0,0.0,0.0,0.0,0.0,0.0,0.0
05607,木間塚龍,4,0,0,230,0.0,0.0,2.0,0.0,0.0,0.0,2.0,0.0,0.0,0.0,1.0,0.0,0.0,1.0,0.0,0.0,2.0,0.0,0.0,0.0,0.0,0.0
05608,若杉朝飛,2,0,0,0,0.0,0.0,1.0,0.0,0.0,0.0,1.0,0.0,0.0,0.0,0.0,0.0,0.0,1.0,0.0,0.0,1.0,0.0,0.0,0.0,0.0,0.0
05609,飛田愛斗,14,1,2,1873,0.07142857142857142,0.14285714285714285,11.0,0.0,1.0,0.0,3.0,1.0,1.0,0.3333333333333333,7.0,0.0,0.0,5.0,1.0,0.2,1.0,0.0,0.0,1.0,0.0,0.0
05610,岡遼太郎,3,0,0,55,0.0,0.0,1.0,0.0,0.0,0.0,2.0,0.0,0.0,0.0,0.0,0.0,0.0,2.0,0.0,0.0,1.0,0.0,0.0,0.0,0.0,0.0
05611,七夕裕次,2,0,1,380,0.0,0.5,1.0,0.0,0.0,0.0,1.0,0.0,1.0,0.0,0.0,0.0,0.0,1.0,0.0,0.0,1.0,0.0,0.0,0.0,0.0,0.0
05612,菅原涼太,2,0,0,0,0.0,0.0,1.0,0.0,0.0,0.0,1.0,0.0,0.0,0.0,0.0,0.0,0.0,1.0,0.0,0.0,1.0,0.0,0.0,0.0,0.0,0.0
05613,神尾香澄,2,0,0,0,0.0,0.0,1.0,0.0,0.0,0.0,1.0,0.0,0.0,0.0,1.0,0.0,0.0,0.0,0.0,0.0,1.0,0.0,0.0,0.0,0.0,0.0
05617,浜尚美,2,0,0,0,0.0,0.0,1.0,0.0,0.0,0.0,1.0,0.0,0.0,0.0,0.0,0.0,0.0,1.0,0.0,0.0,1.0,0.0,0.0,0.0,0.0,0.0
05618,仲野光馬,1,0,0,0,0.0,0.0,1.0,0.0,0.0,0.0,0.0,0.0,0.0,0.0,0.0,0.0,0.0,0.0,0.0,0.0,1.0,0.0,0.0,0.0,0.0,0.0
05619,ホー,90,7,19,15741,0.07777777777777778,0.2111111111111111,58.0,5.0,11.0,0.08620689655172414,32.0,2.0,8.0,0.0625,34.0,2.0,0.058823529411764705,39.0,4.0,0.10256410256410256,15.0,1.0,0.06666666666666667,2.0,0.0,0.0
05620,イーガン,129,19,49,38916,0.14728682170542637,0.3798449612403101,71.0,14.0,27.0,0.19718309859154928,58.0,5.0,22.0,0.08620689655172414,39.0,5.0,0.1282051282051282,49.0,5.0,0.10204081632653061,38.0,8.0,0.21052631578947367,3.0,1.0,0.3333333333333333
05621,バシュロ,107,11,41,27923,0.102803738317757,0.38317757009345793,48.0,4.0,19.0,0.08333333333333333,59.0,7.0,22.0,0.11864406779661017,24.0,3.0,0.125,56.0,5.0,0.08928571428571429,22.0,3.0,0.13636363636363635,5.0,0.0,0.0
05622,グラハム,4,0,0,184,0.0,0.0,3.0,0.0,0.0,0.0,1.0,0.0,0.0,0.0,1.0,0.0,0.0,2.0,0.0,0.0,1.0,0.0,0.0,0.0,0.0,0.0
05623,パコー,9,0,1,281,0.0,0.1111111111111111,6.0,0.0,1.0,0.0,3.0,0.0,0.0,0.0,3.0,0.0,0.0,3.0,0.0,0.0,2.0,0.0,0.0,1.0,0.0,0.0
05624,吉本隆記,1,0,0,0,0.0,0.0,1.0,0.0,0.0,0.0,0.0,0.0,0.0,0.0,1.0,0.0,0.0,0.0,0.0,0.0,0.0,0.0,0.0,0.0,0.0,0.0
05625,ドイル,318,20,64,40539,0.06289308176100629,0.20125786163522014,169.0,10.0,32.0,0.05917159763313609,149.0,10.0,32.0,0.06711409395973154,103.0,6.0,0.05825242718446602,146.0,11.0,0.07534246575342465,51.0,3.0,0.058823529411764705,18.0,0.0,0.0
05626,マーカン,516,69,186,128062,0.13372093023255813,0.36046511627906974,275.0,35.0,102.0,0.12727272727272726,241.0,34.0,84.0,0.14107883817427386,147.0,19.0,0.1292517006802721,253.0,36.0,0.1422924901185771,78.0,10.0,0.1282051282051282,38.0,4.0,0.10526315789473684
05627,ムルザバ,394,51,132,103974,0.12944162436548223,0.3350253807106599,193.0,23.0,64.0,0.11917098445595854,201.0,28.0,68.0,0.13930348258706468,132.0,16.0,0.12121212121212122,165.0,21.0,0.12727272727272726,78.0,13.0,0.16666666666666666,19.0,1.0,0.05263157894736842
05628,小谷周平,1,0,0,0,0.0,0.0,1.0,0.0,0.0,0.0,0.0,0.0,0.0,0.0,1.0,0.0,0.0,0.0,0.0,0.0,0.0,0.0,0.0,0.0,0.0,0.0
05629,及川烈,7,0,0,0,0.0,0.0,4.0,0.0,0.0,0.0,3.0,0.0,0.0,0.0,3.0,0.0,0.0,2.0,0.0,0.0,2.0,0.0,0.0,0.0,0.0,0.0
05630,野畑凌,4,1,1,1110,0.25,0.25,2.0,1.0,1.0,0.5,2.0,0.0,0.0,0.0,1.0,0.0,0.0,1.0,0.0,0.0,2.0,1.0,0.5,0.0,0.0,0.0
05631,大山龍太,2,0,1,600,0.0,0.5,1.0,0.0,0.0,0.0,1.0,0.0,1.0,0.0,1.0,0.0,0.0,0.0,0.0,0.0,1.0,0.0,0.0,0.0,0.0,0.0
05632,浅野皓大,2,0,0,160,0.0,0.0,1.0,0.0,0.0,0.0,1.0,0.0,0.0,0.0,1.0,0.0,0.0,0.0,0.0,0.0,1.0,0.0,0.0,0.0,0.0,0.0
05633,加茂飛翔,2,0,0,0,0.0,0.0,1.0,0.0,0.0,0.0,1.0,0.0,0.0,0.0,1.0,0.0,0.0,0.0,0.0,0.0,1.0,0.0,0.0,0.0,0.0,0.0
05635,長江慶悟,2,0,0,0,0.0,0.0,1.0,0.0,0.0,0.0,1.0,0.0,0.0,0.0,1.0,0.0,0.0,0.0,0.0,0.0,1.0,0.0,0.0,0.0,0.0,0.0
05636,長尾翼玖,2,0,1,501,0.0,0.5,1.0,0.0,0.0,0.0,1.0,0.0,1.0,0.0,0.0,0.0,0.0,1.0,0.0,0.0,1.0,0.0,0.0,0.0,0.0,0.0
05639,広瀬航,10,0,1,580,0.0,0.1,6.0,0.0,0.0,0.0,4.0,0.0,1.0,0.0,5.0,0.0,0.0,3.0,0.0,0.0,2.0,0.0,0.0,0.0,0.0,0.0
05640,宮川実,9,0,0,275,0.0,0.0,6.0,0.0,0.0,0.0,3.0,0.0,0.0,0.0,3.0,0.0,0.0,4.0,0.0,0.0,1.0,0.0,0.0,1.0,0.0,0.0
05641,モリス,79,1,11,3814,0.012658227848101266,0.13924050632911392,48.0,1.0,8.0,0.020833333333333332,31.0,0.0,3.0,0.0,21.0,0.0,0.0,32.0,0.0,0.0,22.0,1.0,0.045454545454545456,4.0,0.0,0.0
05642,ヴェロン,7,1,1,1550,0.14285714285714285,0.14285714285714285,6.0,0.0,0.0,0.0,1.0,1.0,1.0,1.0,2.0,0.0,0.0,2.0,1.0,0.5,2.0,0.0,0.0,1.0,0.0,0.0
05643,キング,343,45,110,104482,0.13119533527696792,0.3206997084548105,178.0,26.0,65.0,0.14606741573033707,165.0,19.0,45.0,0.11515151515151516,92.0,11.0,0.11956521739130435,176.0,28.0,0.1590909090909091,57.0,5.0,0.08771929824561403,18.0,1.0,0.05555555555555555
05644,バデル,76,13,24,19196,0.17105263157894737,0.3157894736842105,46.0,8.0,16.0,0.17391304347826086,30.0,5.0,8.0,0.16666666666666666,24.0,2.0,0.08333333333333333,33.0,7.0,0.21212121212121213,17.0,4.0,0.23529411764705882,2.0,0.0,0.0
05645,川島拓,1,0,0,0,0.0,0.0,1.0,0.0,0.0,0.0,0.0,0.0,0.0,0.0,1.0,0.0,0.0,0.0,0.0,0.0,0.0,0.0,0.0,0.0,0.0,0.0
05646,笹田知宏,3,0,0,0,0.0,0.0,2.0,0.0,0.0,0.0,1.0,0.0,0.0,0.0,0.0,0.0,0.0,2.0,0.0,0.0,1.0,0.0,0.0,0.0,0.0,0.0
05647,新原周馬,2,0,2,900,0.0,1.0,1.0,0.0,1.0,0.0,1.0,0.0,1.0,0.0,0.0,0.0,0.0,1.0,0.0,0.0,1.0,0.0,0.0,0.0,0.0,0.0
05648,大畑慧悟,2,0,0,0,0.0,0.0,1.0,0.0,0.0,0.0,1.0,0.0,0.0,0.0,0.0,0.0,0.0,1.0,0.0,0.0,1.0,0.0,0.0,0.0,0.0,0.0
05650,谷内貫太,4,0,0,0,0.0,0.0,2.0,0.0,0.0,0.0,2.0,0.0,0.0,0.0,2.0,0.0,0.0,0.0,0.0,0.0,2.0,0.0,0.0,0.0,0.0,0.0
05651,室陽一朗,2,1,1,1110,0.5,0.5,1.0,1.0,1.0,1.0,1.0,0.0,0.0,0.0,1.0,0.0,0.0,0.0,0.0,0.0,1.0,1.0,1.0,0.0,0.0,0.0
05654,山田義貴,1,0,0,0,0.0,0.0,1.0,0.0,0.0,0.0,0.0,0.0,0.0,0.0,1.0,0.0,0.0,0.0,0.0,0.0,0.0,0.0,0.0,0.0,0.0,0.0
05655,加藤翔馬,2,0,0,111,0.0,0.0,1.0,0.0,0.0,0.0,1.0,0.0,0.0,0.0,1.0,0.0,0.0,0.0,0.0,0.0,1.0,0.0,0.0,0.0,0.0,0.0
05658,青海大樹,2,0,0,0,0.0,0.0,1.0,0.0,0.0,0.0,1.0,0.0,0.0,0.0,1.0,0.0,0.0,0.0,0.0,0.0,1.0,0.0,0.0,0.0,0.0,0.0
05659,ルメート,241,20,62,38204,0.08298755186721991,0.2572614107883817,101.0,8.0,26.0,0.07920792079207921,140.0,12.0,36.0,0.08571428571428572,89.0,7.0,0.07865168539325842,96.0,11.0,0.11458333333333333,47.0,2.0,0.0425531914893617,9.0,0.0,0.0
05660,キングス,71,5,19,9844,0.07042253521126761,0.2676056338028169,36.0,4.0,12.0,0.1111111111111111,35.0,1.0,7.0,0.02857142857142857,14.0,1.0,0.07142857142857142,43.0,2.0,0.046511627906976744,10.0,1.0,0.1,4.0,1.0,0.25
05661,ピーヒュ,86,4,17,11133,0.046511627906976744,0.19767441860465115,44.0,3.0,8.0,0.06818181818181818,42.0,1.0,9.0,0.023809523809523808,20.0,0.0,0.0,39.0,3.0,0.07692307692307693,21.0,1.0,0.047619047619047616,6.0,0.0,0.0
05662,リョン,7,0,2,4675,0.0,0.2857142857142857,4.0,0.0,1.0,0.0,3.0,0.0,1.0,0.0,4.0,0.0,0.0,1.0,0.0,0.0,2.0,0.0,0.0,0.0,0.0,0.0
05663,オシェア,134,6,20,12669,0.04477611940298507,0.14925373134328357,62.0,2.0,8.0,0.03225806451612903,72.0,4.0,12.0,0.05555555555555555,36.0,2.0,0.05555555555555555,68.0,2.0,0.029411764705882353,24.0,1.0,0.041666666666666664,6.0,1.0,0.16666666666666666
05664,サンチア,8,0,0,184,0.0,0.0,5.0,0.0,0.0,0.0,3.0,0.0,0.0,0.0,2.0,0.0,0.0,4.0,0.0,0.0,1.0,0.0,0.0,1.0,0.0,0.0
05665,鷹見陸,2,0,0,0,0.0,0.0,1.0,0.0,0.0,0.0,1.0,0.0,0.0,0.0,1.0,0.0,0.0,0.0,0.0,0.0,1.0,0.0,0.0,0.0,0.0,0.0
05666,望月洵輝,2,1,2,1990,0.5,1.0,1.0,0.0,1.0,0.0,1.0,1.0,1.0,1.0,1.0,1.0,1.0,0.0,0.0,0.0,1.0,0.0,0.0,0.0,0.0,0.0
05667,土方颯太,4,0,0,0,0.0,0.0,2.0,0.0,0.0,0.0,2.0,0.0,0.0,0.0,2.0,0.0,0.0,0.0,0.0,0.0,2.0,0.0,0.0,0.0,0.0,0.0
05669,塩津璃菜,2,1,1,1550,0.5,0.5,1.0,0.0,0.0,0.0,1.0,1.0,1.0,1.0,1.0,1.0,1.0,0.0,0.0,0.0,1.0,0.0,0.0,0.0,0.0,0.0
05673,山林堂信,4,0,0,0,0.0,0.0,1.0,0.0,0.0,0.0,3.0,0.0,0.0,0.0,2.0,0.0,0.0,2.0,0.0,0.0,0.0,0.0,0.0,0.0,0.0,0.0
05674,ディー,128,5,25,23847,0.0390625,0.1953125,64.0,4.0,16.0,0.0625,64.0,1.0,9.0,0.015625,35.0,2.0,0.05714285714285714,58.0,1.0,0.017241379310344827,23.0,1.0,0.043478260869565216,12.0,1.0,0.08333333333333333
05675,ゴンサル,9,1,3,1500,0.1111111111111111,0.3333333333333333,4.0,0.0,1.0,0.0,5.0,1.0,2.0,0.2,2.0,0.0,0.0,5.0,1.0,0.2,1.0,0.0,0.0,1.0,0.0,0.0
05676,ハマーハ,5,2,2,3704,0.4,0.4,4.0,1.0,1.0,0.25,1.0,1.0,1.0,1.0,1.0,0.0,0.0,3.0,1.0,0.3333333333333333,1.0,1.0,1.0,0.0,0.0,0.0
05677,トーレス,4,0,0,0,0.0,0.0,3.0,0.0,0.0,0.0,1.0,0.0,0.0,0.0,1.0,0.0,0.0,2.0,0.0,0.0,1.0,0.0,0.0,0.0,0.0,0.0
05678,プーシャ,120,16,40,25811,0.13333333333333333,0.3333333333333333,74.0,8.0,22.0,0.10810810810810811,46.0,8.0,18.0,0.17391304347826086,31.0,4.0,0.12903225806451613,62.0,10.0,0.16129032258064516,23.0,2.0,0.08695652173913043,4.0,0.0,0.0
05679,松戸政也,1,0,0,0,0.0,0.0,1.0,0.0,0.0,0.0,0.0,0.0,0.0,0.0,0.0,0.0,0.0,1.0,0.0,0.0,0.0,0.0,0.0,0.0,0.0,0.0
05680,ジェルー,59,2,16,6182,0.03389830508474576,0.2711864406779661,32.0,1.0,8.0,0.03125,27.0,1.0,8.0,0.037037037037037035,25.0,1.0,0.04,28.0,1.0,0.03571428571428571,6.0,0.0,0.0,0.0,0.0,0.0
05681,永井孝典,1,0,0,0,0.0,0.0,0.0,0.0,0.0,0.0,1.0,0.0,0.0,0.0,1.0,0.0,0.0,0.0,0.0,0.0,0.0,0.0,0.0,0.0,0.0,0.0
05682,山本大翔,2,0,0,0,0.0,0.0,1.0,0.0,0.0,0.0,1.0,0.0,0.0,0.0,1.0,0.0,0.0,0.0,0.0,0.0,1.0,0.0,0.0,0.0,0.0,0.0
05683,佐野遥久,2,0,1,440,0.0,0.5,1.0,0.0,1.0,0.0,1.0,0.0,0.0,0.0,1.0,0.0,0.0,0.0,0.0,0.0,1.0,0.0,0.0,0.0,0.0,0.0
05684,松本一心,2,0,0,111,0.0,0.0,1.0,0.0,0.0,0.0,1.0,0.0,0.0,0.0,1.0,0.0,0.0,0.0,0.0,0.0,1.0,0.0,0.0,0.0,0.0,0.0
