trainer_code,del_flag,del_date,trainer_name,trainer_kana,trainer_short,area_code,area_name,birthday,first_year,trainer_comment,comment_date,year_leading,year_flat_1,year_flat_2,year_flat_3,year_flat_out,year_obs_1,year_obs_2,year_obs_3,year_obs_out,year_special_win,year_graded_win,last_leading,last_flat_1,last_flat_2,last_flat_3,last_flat_out,total_flat_1,total_flat_2,total_flat_3,total_flat_out,data_date
10323,0,00000000,高市圭二,タカイチ　ケイジ,高市圭,1,美浦,19550818,1996.0,元騎手。最近の調教師らしく乗込量は豊富,,63.0,1.0,0.0,3.0,30.0,0.0,0.0,0.0,0.0,0.0,0.0,26.0,16.0,10.0,14.0,206.0,288,348,360,3855,20200222
10259,0,20200303,山内研二,ヤマウチ　ケンジ,山内研,2,栗東,19490630,1987.0,新馬での勝ち上がりは驚異的,20020815,37.0,4.0,9.0,7.0,55.0,0.0,1.0,1.0,1.0,0.0,0.0,57.0,16.0,21.0,16.0,248.0,841,790,736,6694,20200301
10318,0,20200303,作田誠二,サクタ　セイジ,作田誠,2,栗東,19490307,1995.0,,,76.0,2.0,2.0,4.0,37.0,0.0,0.0,0.0,2.0,1.0,0.0,91.0,3.0,7.0,4.0,155.0,270,245,265,3547,20200301
10343,0,00000000,高橋義博,タカハシ　ヨシヒロ,高橋博,1,美浦,19510207,1998.0,,,88.0,3.0,1.0,1.0,61.0,0.0,0.0,0.0,3.0,2.0,0.0,91.0,3.0,4.0,10.0,118.0,120,149,170,3262,20200822
30681,0,20200815,渡辺博文,ワタナベ　ヒロフミ,渡辺博,3,佐賀,19660704,2020.0,,,,0.0,0.0,0.0,1.0,0.0,0.0,0.0,0.0,0.0,0.0,,,,,,0,0,0,1,20200822
30013,0,20200320,井上孝彦,イノウエ　タカヒコ,井上孝,3,笠松,19610109,2020.0,,,,0.0,0.0,0.0,6.0,0.0,0.0,0.0,0.0,0.0,0.0,,,,,,1,6,3,134,20200905
30616,0,20200829,石川浩文,イシカワ　ヒロフミ,石川浩,3,佐賀,19630118,2020.0,,,,0.0,0.0,0.0,1.0,0.0,0.0,0.0,0.0,0.0,0.0,,,,,,0,0,0,2,20200905
30280,0,20200906,林和弘,ハヤシ　カズヒロ,林和弘,3,北海,19640429,2020.0,,,,0.0,0.0,0.0,3.0,0.0,0.0,0.0,0.0,0.0,0.0,,0.0,0.0,0.0,2.0,1,3,6,59,20200912
70227,0,20201203,Ａ．マルチア,Ａ．マルチアリス,マルチ,3,仏国,19830523,2020.0,,,,0.0,0.0,0.0,1.0,0.0,0.0,0.0,0.0,0.0,0.0,,,,,,0,0,0,1,20201205
30683,0,20201212,稲益貴弘,イナマス　タカヒロ,稲益貴,3,船橋,19800502,2020.0,,,,0.0,0.0,0.0,1.0,0.0,0.0,0.0,0.0,0.0,0.0,,,,,,0,0,0,1,20201219
30622,0,20210117,林隆之,ハヤシ　タカユキ,林隆之,3,川崎,19730201,2021.0,,,,0.0,0.0,0.0,1.0,0.0,0.0,0.0,0.0,0.0,0.0,,,,,,0,0,0,2,20210123
10308,0,20210228,西橋豊治,ニシハシ　トヨジ,西橋豊,2,栗東,19500318,1994.0,,,72.0,2.0,0.0,3.0,36.0,0.0,0.0,0.0,0.0,1.0,0.0,86.0,9.0,3.0,8.0,188.0,209,271,272,4482,20210227
30366,0,20210221,山崎尋美,ヤマザキ　ヒロミ,山崎尋,3,川崎,19570203,2021.0,,,,0.0,0.0,0.0,2.0,0.0,0.0,0.0,0.0,0.0,0.0,,,,,,0,0,0,32,20210227
30656,0,20210221,坂本和也,サカモト　カズヤ,坂本和,3,園田,19731018,2021.0,,,,0.0,0.0,0.0,2.0,0.0,0.0,0.0,0.0,0.0,0.0,,0.0,0.0,0.0,2.0,0,0,0,6,20210227
30682,0,20201024,佐野謙二,サノ　ケンジ,佐野謙,3,大井,19640530,2020.0,,,,,,,,,,,,,,,0.0,0.0,0.0,1.0,0,0,0,1,20210227
30678,0,20200307,須田和伸,スダ　カズノブ,須田和,3,大井,19710808,2020.0,,,,,,,,,,,,,,,0.0,0.0,0.0,1.0,0,0,0,1,20210228
10319,1,20210228,田所秀孝,タドコロ　ヒデタカ,田所秀,2,栗東,19501031,1995.0,,,88.0,0.0,5.0,1.0,46.0,0.0,0.0,0.0,2.0,0.0,0.0,79.0,12.0,9.0,10.0,239.0,350,371,366,5115,20210306
10320,1,20210228,松田国英,マツダ　クニヒデ,松田国,2,栗東,19500928,1995.0,強弱はっきりした調教を課す。,20020815,21.0,5.0,4.0,5.0,27.0,0.0,0.0,1.0,1.0,1.0,0.0,29.0,26.0,25.0,25.0,138.0,619,530,468,3542,20210306
10327,1,20210228,西浦勝一,ニシウラ　カツイチ,西浦勝,2,栗東,19510207,1996.0,素質馬はじっくり使うタイプ。,20020815,33.0,4.0,5.0,5.0,38.0,0.0,0.0,0.0,1.0,2.0,1.0,61.0,16.0,18.0,17.0,220.0,448,428,442,4034,20210306
10335,1,20210228,星野忍,ホシノ　シノブ,星野忍,1,美浦,19501229,1997.0,,,75.0,1.0,0.0,0.0,27.0,0.0,1.0,0.0,7.0,0.0,0.0,88.0,5.0,2.0,8.0,158.0,120,136,156,3183,20210306
10337,1,20210228,石坂正,イシザカ　セイ,石坂正,2,栗東,19501224,1997.0,橋口流継承の傾向,20020815,34.0,4.0,5.0,3.0,37.0,0.0,0.0,0.0,0.0,2.0,0.0,18.0,30.0,27.0,22.0,217.0,689,591,534,3986,20210306
10362,1,20210228,角居勝彦,スミイ　カツヒコ,角居勝,2,栗東,19640328,2000.0,,,78.0,1.0,5.0,3.0,24.0,0.0,0.0,0.0,1.0,0.0,0.0,26.0,27.0,25.0,22.0,183.0,743,595,476,3599,20210306
10366,1,20210228,湯窪幸雄,ユクボ　サチオ,湯窪幸,2,栗東,19501109,2000.0,,,61.0,3.0,2.0,0.0,36.0,0.0,0.0,0.0,3.0,0.0,0.0,83.0,9.0,12.0,13.0,171.0,249,242,296,3546,20210306
30685,0,20210306,野口寛仁,ノグチ　ヒロヒト,野口寛,3,浦和,19870509,2021.0,,,,0.0,0.0,0.0,1.0,0.0,0.0,0.0,0.0,0.0,0.0,,,,,,0,0,0,1,20210313
30629,0,20210530,菅原勲,スガワラ　イサオ,菅原勲,3,岩手,19630725,2021.0,,,,0.0,0.0,0.0,1.0,0.0,0.0,0.0,0.0,0.0,0.0,,0.0,0.0,0.0,2.0,0,0,0,7,20210605
30266,0,20210905,堂山芳則,ドウヤマ　ヨシノリ,堂山芳,3,北海,19510116,2021.0,,,,0.0,0.0,0.0,1.0,0.0,0.0,0.0,0.0,0.0,0.0,,,,,,14,12,17,179,20210911
30631,0,20210911,板垣吉則,イタガキ　ヨシノリ,板垣吉,3,岩手,19720903,2021.0,,,,0.0,0.0,0.0,1.0,0.0,0.0,0.0,0.0,0.0,0.0,,,,,,0,1,1,3,20210918
30686,0,20211121,大山寿文,オオヤマ　トシフミ,大山寿,3,西脇,19720307,2021.0,,,,0.0,0.0,0.0,1.0,0.0,0.0,0.0,0.0,0.0,0.0,,,,,,0,0,0,1,20211127
30684,0,20210904,櫻井拓章,サクライ　ヒロアキ,櫻井拓,3,北海,19730217,2021.0,,,,0.0,0.0,0.0,3.0,0.0,0.0,0.0,0.0,0.0,0.0,,0.0,0.0,0.0,1.0,0,0,0,4,20211204
30593,0,20211205,山中尊徳,ヤマナカ　タカノリ,山中尊,3,船橋,19680803,2021.0,,,,0.0,1.0,0.0,0.0,0.0,0.0,0.0,0.0,0.0,0.0,,0.0,0.0,0.0,1.0,0,1,0,6,20211211
10303,1,20211220,藤原辰雄,フジワラ　タツオ,藤原辰,1,美浦,19520125,1994.0,,,85.0,4.0,9.0,11.0,142.0,0.0,0.0,1.0,5.0,1.0,0.0,83.0,6.0,5.0,11.0,183.0,328,360,344,3739,20211225
30652,0,20220123,渋谷信博,シブヤ　ノブヒロ,渋谷博,3,船橋,19700101,2022.0,,,,0.0,0.0,0.0,1.0,0.0,0.0,0.0,0.0,0.0,0.0,,,,,,0,0,0,2,20220129
30664,0,20220130,福永敏,フクナガ　サトシ,福永敏,3,大井,19670908,2022.0,,,,0.0,0.0,0.0,1.0,0.0,0.0,0.0,0.0,0.0,0.0,,0.0,0.0,0.0,2.0,0,0,0,5,20220205
30556,0,20220220,矢野義幸,ヤノ　ヨシユキ,矢野義,3,船橋,19510205,2022.0,,,,0.0,0.0,0.0,1.0,0.0,0.0,0.0,0.0,0.0,0.0,,0.0,0.0,0.0,1.0,0,0,0,15,20220226
10227,1,20220228,高橋祥泰,タカハシ　ヨシヤス,高橋祥,1,美浦,19520131,1983.0,休み明けは走る。使い込むと妙味なし。,20020815,44.0,2.0,2.0,7.0,26.0,0.0,1.0,0.0,0.0,1.0,0.0,40.0,15.0,24.0,12.0,157.0,608,656,600,5746,20220227
10249,1,20220228,柄崎孝,ツカザキ　タカシ,柄崎孝,1,美浦,19511124,1986.0,,,74.0,1.0,0.0,0.0,30.0,0.0,0.0,0.0,0.0,0.0,0.0,96.0,2.0,4.0,4.0,125.0,266,313,319,4655,20220227
10256,1,20220228,藤沢和雄,フジサワ　カズオ,藤沢和,1,美浦,19510922,1987.0,休み明けの人気馬危険！叩き２走目が狙い。,20020815,1.0,9.0,8.0,3.0,35.0,2.0,0.0,2.0,6.0,0.0,0.0,4.0,32.0,42.0,22.0,167.0,1526,1128,904,5233,20220227
10262,1,20220228,古賀史生,コガ　フミオ,古賀史,1,美浦,19511004,1988.0,,,69.0,1.0,0.0,5.0,32.0,0.0,0.0,0.0,0.0,0.0,0.0,81.0,5.0,11.0,11.0,154.0,511,490,438,4505,20220227
10277,1,20220228,田中清隆,タナカ　キヨタカ,田中清,1,美浦,19511216,1990.0,派手さはないが、堅実に走るタイプが多い。,20020815,56.0,1.0,0.0,0.0,32.0,1.0,0.0,0.0,1.0,0.0,0.0,89.0,2.0,7.0,7.0,175.0,486,492,505,4878,20220227
10284,1,20220228,浅見秀一,アサミ　ヒデカズ,浅見秀,2,栗東,19510511,1991.0,メジロの活躍が浮沈の鍵,20020815,58.0,3.0,2.0,3.0,46.0,0.0,0.0,0.0,5.0,0.0,0.0,33.0,21.0,18.0,9.0,258.0,608,621,622,5495,20220227
10304,1,20220228,堀井雅広,ホリイ　マサヒロ,堀井雅,1,美浦,19511204,1994.0,リーディング騎手の起用目立つ。,20020815,30.0,3.0,2.0,2.0,43.0,0.0,1.0,0.0,1.0,1.0,0.0,37.0,16.0,18.0,28.0,244.0,418,470,534,6260,20220227
30688,0,20220501,永島太郎,ナガシマ　タロウ,永島太,3,西脇,19740128,2022.0,,,,0.0,0.0,0.0,1.0,0.0,0.0,0.0,0.0,0.0,0.0,,,,,,0,0,0,1,20220507
30324,0,20220528,塚田隆男,ツカダ　タカオ,塚田隆,3,名古,19510730,2022.0,,,,0.0,0.0,0.0,1.0,0.0,0.0,0.0,0.0,0.0,0.0,,,,,,0,0,0,11,20220604
30690,0,20220717,雑賀伸一郎,サイカ　シンイチロウ,雑賀伸,3,園田,19770709,2022.0,,,,0.0,0.0,0.0,1.0,0.0,0.0,0.0,0.0,0.0,0.0,,,,,,0,0,0,1,20220723
70205,1,20101222,Ｔ．ドゥーメ,Ｔ．ドゥーメン,ドゥー,3,仏国,19790426,2010.0,,,,,,,,,,,,,,,,,,,0,0,0,1,20220807
30368,0,20220827,矢野久美,ヤノ　ヒサミ,矢野久,3,佐賀,19520715,2022.0,,,,0.0,0.0,0.0,1.0,0.0,0.0,0.0,0.0,0.0,0.0,,,,,,0,0,0,3,20220903
30692,0,20220827,井樋明正,イビ　アキマサ,井樋明,3,佐賀,19600101,2022.0,,,,0.0,0.0,0.0,1.0,0.0,0.0,0.0,0.0,0.0,0.0,,,,,,0,0,0,1,20220903
30661,0,20220904,川島雅人,カワシマ　マサト,川島雅,3,北海,19730225,2022.0,,,,0.0,0.0,0.0,1.0,0.0,0.0,0.0,0.0,0.0,0.0,,,,,,0,0,0,2,20220910
30502,0,20220910,上杉昌宏,ウエスギ　マサヒロ,上杉昌,3,大井,19670307,2022.0,,,,0.0,0.0,0.0,2.0,0.0,0.0,0.0,0.0,0.0,0.0,,,,,,0,1,0,21,20220917
70229,0,20221202,Ｊ．ハリント,Ｊ．ハリントン,ハリン,3,愛国,19470225,2022.0,,,,0.0,0.0,0.0,1.0,0.0,0.0,0.0,0.0,0.0,0.0,,,,,,0,0,0,1,20221119
70109,1,20221202,Ｐ．シールゲ,Ｐ．シールゲン,シール,3,独国,19650323,2022.0,,,,0.0,0.0,0.0,1.0,0.0,0.0,0.0,0.0,0.0,0.0,,,,,,0,0,0,5,20221203
70228,0,20221202,Ｇ．ビエトリ,Ｇ．ビエトリーニ,ビエト,3,仏国,19680320,2022.0,,,,0.0,0.0,0.0,1.0,0.0,0.0,0.0,0.0,0.0,0.0,,0.0,0.0,0.0,1.0,0,0,0,2,20221203
70230,0,00000000,Ｆ．シャペ,Ｆ．シャペ,シャペ,3,仏国,19631126,2022.0,,,,0.0,0.0,0.0,1.0,0.0,0.0,0.0,0.0,0.0,0.0,,,,,,0,0,0,0,20221203
70231,0,00000000,Ｓ．ワッテル,Ｓ．ワッテル,ワッテ,3,仏国,19640501,2022.0,,,,0.0,0.0,0.0,1.0,0.0,0.0,0.0,0.0,0.0,0.0,,,,,,0,0,0,0,20221203
30639,0,20221204,嶋田幸晴,シマダ　ユキハル,嶋田幸,3,大井,19650423,2022.0,,,,0.0,0.0,0.0,2.0,0.0,0.0,0.0,0.0,0.0,0.0,,,,,,0,0,0,4,20221210
30640,0,20221211,土屋洋之,ツチヤ　ヒロユキ,土屋洋,3,園田,19731216,2022.0,,,,0.0,0.0,0.0,2.0,0.0,0.0,0.0,0.0,0.0,0.0,,,,,,0,0,1,2,20221217
30490,0,20221218,今津博之,イマヅ　ヒロユキ,今津博,3,名古,19700201,2022.0,,,,0.0,0.0,0.0,8.0,0.0,0.0,0.0,0.0,0.0,0.0,,,,,,0,0,0,25,20221218
30580,0,20220123,堀千亜樹,ホリ　チアキ,堀千亜,3,大井,19610108,2022.0,,,,,,,,,,,,,,,,,,,0,0,0,12,20230115
30605,0,20230211,石井勝男,イシイ　カツオ,石井勝,3,船橋,19720120,2023.0,,,,0.0,0.0,0.0,1.0,0.0,0.0,0.0,0.0,0.0,0.0,,,,,,0,0,0,5,20230218
70029,1,20230224,Ｒ．アトフィ,Ｒ．アトフィールド,アトフ,3,加国,19391128,2023.0,,,,0.0,0.0,0.0,1.0,0.0,0.0,0.0,0.0,0.0,0.0,,,,,,0,0,0,3,20230225
10234,0,20230228,橋田満,ハシダ　ミツル,橋田満,2,栗東,19520915,1983.0,スズカ・アドマイヤの良血多し。,20020815,73.0,2.0,4.0,1.0,36.0,0.0,0.0,0.0,4.0,0.0,0.0,76.0,8.0,7.0,6.0,137.0,685,617,622,4899,20230304
10296,0,20230228,五十嵐忠男,イガラシ　タダオ,五十嵐,2,栗東,19521109,1993.0,北海道開催で狙い撃ち,20020815,51.0,3.0,4.0,3.0,34.0,0.0,2.0,1.0,6.0,0.0,0.0,54.0,12.0,12.0,12.0,141.0,378,404,418,4331,20230304
10321,0,20230228,大江原哲,オオエハラ　サトシ,大江原,1,美浦,19530213,1996.0,マリンブルーのシャドーロールが目印。,20020815,79.0,1.0,0.0,1.0,46.0,0.0,0.0,0.0,0.0,1.0,0.0,69.0,8.0,7.0,10.0,212.0,281,299,328,4231,20230304
10336,0,20230228,池添兼雄,イケゾエ　カネオ,池添兼,2,栗東,19521022,1997.0,,,90.0,0.0,2.0,4.0,49.0,0.0,0.0,0.0,0.0,0.0,0.0,63.0,14.0,18.0,26.0,213.0,409,432,459,4696,20230304
10358,0,20230228,南井克巳,ミナイ　カツミ,南井克,2,栗東,19530117,1999.0,,,60.0,3.0,3.0,1.0,46.0,0.0,0.0,0.0,2.0,1.0,0.0,62.0,15.0,16.0,28.0,214.0,414,436,406,4347,20230304
30264,0,20230225,手島勝利,テシマ　カツトシ,手島勝,3,佐賀,19600610,2023.0,,,,0.0,0.0,0.0,1.0,0.0,0.0,0.0,0.0,0.0,0.0,,,,,,1,0,2,47,20230304
30628,0,20230312,新井清重,アライ　キヨシゲ,新井清,3,船橋,19691028,2023.0,,,,0.0,0.0,0.0,1.0,0.0,0.0,0.0,0.0,0.0,0.0,,,,,,0,0,0,3,20230318
30689,0,20230311,南弘樹,ミナミ　ヒロキ,南弘樹,3,園田,19720613,2023.0,,,,0.0,0.0,0.0,1.0,0.0,0.0,0.0,0.0,0.0,0.0,,0.0,0.0,0.0,3.0,0,0,0,4,20230318
30548,0,20230325,森沢友貴,モリサワ　トモタカ,森沢友,3,園田,19730829,2023.0,,,,0.0,0.0,0.0,1.0,0.0,0.0,0.0,0.0,0.0,0.0,,,,,,0,0,0,10,20230401
30581,0,20230325,小久保智,コクボ　サトシ,小久智,3,浦和,19711017,2023.0,,,,0.0,0.0,1.0,0.0,0.0,0.0,0.0,0.0,0.0,0.0,,,,,,0,1,2,44,20230401
30697,0,20230326,松平幸秀,マツヒラ　ユキヒデ,松平幸,3,園田,19690331,2023.0,,,,0.0,0.0,0.0,1.0,0.0,0.0,0.0,0.0,0.0,0.0,,,,,,0,0,0,1,20230401
10349,0,00000000,服部利之,ハットリ　トシユキ,服部利,2,栗東,19580612,1998.0,,,89.0,3.0,3.0,6.0,107.0,1.0,0.0,2.0,6.0,1.0,1.0,91.0,1.0,2.0,5.0,157.0,198,191,244,3666,20230729
30634,0,20230730,安田武広,ヤスダ　タケヒロ,安田武,3,北海,19730813,2023.0,,,,0.0,0.0,0.0,1.0,0.0,0.0,0.0,0.0,0.0,0.0,,,,,,0,0,0,2,20230805
30699,0,20230806,福田真広,フクダ　マサヒロ,福田真,3,大井,19830109,2023.0,,,,0.0,0.0,0.0,1.0,0.0,0.0,0.0,0.0,0.0,0.0,,,,,,0,0,0,1,20230812
30216,0,20230813,九日俊光,クニチ　トシミツ,九日俊,3,佐賀,19600202,2023.0,,,,0.0,0.0,0.0,1.0,0.0,0.0,0.0,0.0,0.0,0.0,,,,,,0,1,0,22,20230819
30463,0,20230813,川田孝好,カワダ　タカヨシ,川田孝,3,佐賀,19561015,2023.0,,,,0.0,0.0,0.0,1.0,0.0,0.0,0.0,0.0,0.0,0.0,,,,,,0,0,0,13,20230819
30220,0,20230826,古賀光範,コガ　ミツノリ,古賀光,3,佐賀,19521208,2023.0,,,,0.0,0.0,0.0,2.0,0.0,0.0,0.0,0.0,0.0,0.0,,0.0,0.0,0.0,1.0,0,0,0,16,20230902
30702,0,20230827,高野毅,タカノ　ツヨシ,高野毅,3,大井,19830628,2023.0,,,,0.0,0.0,0.0,1.0,0.0,0.0,0.0,0.0,0.0,0.0,,,,,,0,0,0,1,20230902
30259,0,20230902,田中正二,タナカ　ショウジ,田中正,3,北海,19511201,2023.0,,,,0.0,1.0,0.0,1.0,0.0,0.0,0.0,0.0,0.0,0.0,,0.0,0.0,0.0,1.0,0,3,0,81,20230909
30703,0,20230909,市村誠,イチムラ　マコト,市村誠,3,大井,19701110,2023.0,,,,0.0,0.0,0.0,1.0,0.0,0.0,0.0,0.0,0.0,0.0,,,,,,0,0,0,1,20230916
10292,0,00000000,浅野洋一郎,アサノ　ヨウイチロウ,浅野洋,1,美浦,19561126,1993.0,関西ローカルに積極的に参戦,20020815,92.0,2.0,2.0,1.0,142.0,0.0,0.0,1.0,9.0,0.0,0.0,100.0,0.0,3.0,6.0,146.0,226,239,243,4108,20230923
30704,0,20231009,保利良平,ホリ　リョウヘイ,保利平,3,園田,19780627,2023.0,,,,0.0,0.0,0.0,1.0,0.0,0.0,0.0,0.0,0.0,0.0,,,,,,0,0,0,1,20231014
30483,0,20231126,田口輝彦,タグチ　テルヒコ,田口輝,3,笠松,19650526,2023.0,,,,0.0,0.0,0.0,1.0,0.0,0.0,0.0,0.0,0.0,0.0,,,,,,1,0,0,16,20231202
30679,0,20231126,渡瀬寛彰,ワタセ　ヒロアキ,渡瀬寛,3,西脇,19810130,2023.0,,,,0.0,0.0,0.0,1.0,0.0,0.0,0.0,0.0,0.0,0.0,,,,,,0,0,0,3,20231202
70232,0,20231201,Ｊ．ゴーヴァ,Ｊ．ゴーヴァン,ゴーヴ,3,仏国,19630518,2023.0,,,,0.0,0.0,0.0,1.0,0.0,0.0,0.0,0.0,0.0,0.0,,,,,,0,0,0,1,20231202
30706,0,20231209,吉見真幸,ヨシミ　マサユキ,吉見真,3,園田,19820413,2023.0,,,,0.0,0.0,0.0,1.0,0.0,0.0,0.0,0.0,0.0,0.0,,,,,,0,0,0,1,20231210
30636,0,20240218,新子雅司,アタラシ　マサシ,新子雅,3,園田,19780301,2024.0,,,,0.0,0.0,0.0,1.0,0.0,0.0,0.0,0.0,0.0,0.0,,,,,,0,0,0,6,20240224
30586,0,20240225,佐久間雅貴,サクマ　マサタカ,佐久雅,3,北海,19721031,2024.0,,,,0.0,0.0,0.0,1.0,0.0,0.0,0.0,0.0,0.0,0.0,,0.0,0.0,0.0,3.0,0,0,0,17,20240302
10282,0,00000000,高橋裕,タカハシ　ユタカ,高橋裕,1,美浦,19530519,1991.0,素質馬多く、条件戦は連勝するケース多い。,20020815,56.0,2.0,2.0,4.0,41.0,0.0,0.0,0.0,0.0,0.0,0.0,63.0,11.0,7.0,15.0,167.0,462,501,495,5362,20240309
10297,0,00000000,加用正,カヨウ　タダシ,加用正,2,栗東,19530517,1993.0,,,40.0,4.0,7.0,2.0,34.0,0.0,0.0,0.0,5.0,1.0,0.0,53.0,17.0,20.0,15.0,163.0,592,538,558,5353,20240309
10309,0,00000000,安田隆行,ヤスダ　タカユキ,安田隆,2,栗東,19530305,1994.0,680勝騎手。調教も自らつける元気ぶり,20021225,27.0,5.0,9.0,4.0,62.0,0.0,2.0,1.0,2.0,2.0,1.0,21.0,28.0,31.0,33.0,273.0,937,867,717,5574,20240309
10312,0,00000000,小桧山悟,コビヤマ　サトル,小桧山,1,美浦,19540120,1995.0,積極的に地方騎手を起用。,20020815,92.0,0.0,0.0,1.0,42.0,0.0,0.0,0.0,5.0,0.0,0.0,81.0,6.0,3.0,6.0,286.0,205,283,361,6131,20240309
10315,0,00000000,中野栄治,ナカノ　エイジ,中野栄,1,美浦,19530331,1995.0,,,8.0,6.0,11.0,6.0,47.0,1.0,0.0,1.0,0.0,2.0,1.0,54.0,12.0,25.0,19.0,234.0,284,302,303,5520,20240309
10359,0,00000000,飯田雄三,イイダ　ユウゾウ,飯田雄,2,栗東,19530731,2000.0,,,83.0,1.0,2.0,3.0,30.0,0.0,0.0,0.0,2.0,0.0,0.0,88.0,6.0,12.0,15.0,157.0,316,325,326,3749,20240309
10393,0,00000000,松永昌博,マツナガ　マサヒロ,松永昌,2,栗東,19531217,2005.0,,,89.0,0.0,1.0,3.0,36.0,0.0,2.0,1.0,2.0,0.0,0.0,58.0,15.0,17.0,10.0,179.0,354,378,332,3276,20240309
30687,0,20240406,山下貴之,ヤマシタ　タカユキ,山下貴,3,船橋,19850511,2024.0,,,,0.0,0.0,0.0,4.0,0.0,0.0,0.0,0.0,0.0,0.0,,,,,,0,0,0,5,20240413
30696,0,20240406,藤原智行,フジハラ　トモユキ,藤原智,3,浦和,19760311,2024.0,,,,0.0,0.0,0.0,2.0,0.0,0.0,0.0,0.0,0.0,0.0,,0.0,0.0,0.0,1.0,0,0,0,3,20240413
30707,0,20240413,飯田弘道,イイダ　ヒロミチ,飯田弘,3,岩手,19750609,2024.0,,,,0.0,0.0,0.0,1.0,0.0,0.0,0.0,0.0,0.0,0.0,,0.0,0.0,0.0,1.0,0,0,0,2,20240420
30708,0,20240413,長谷川忍,ハセガワ　シノブ,長谷忍,3,浦和,19770902,2024.0,,,,0.0,0.0,0.0,2.0,0.0,0.0,0.0,0.0,0.0,0.0,,0.0,0.0,0.0,1.0,0,0,0,3,20240505
70203,0,20240603,Ｐ．イウ,Ｐ．イウ,イ　ウ,3,香港,19570712,2024.0,,,,0.0,0.0,0.0,1.0,0.0,0.0,0.0,0.0,0.0,0.0,,,,,,1,0,0,3,20240608
30341,0,20230507,内田勝義,ウチダ　カツヨシ,内田勝,3,川崎,19550223,2023.0,,,,,,,,,,,,,,,0.0,0.0,0.0,2.0,0,0,0,27,20240616
30590,0,20240720,中川竜馬,ナカガワ　リユウマ,中川竜,3,佐賀,19720702,2024.0,,,,0.0,0.0,0.0,1.0,0.0,0.0,0.0,0.0,0.0,0.0,,,,,,0,0,0,5,20240727
30671,0,20240720,平山宏秀,ヒラヤマ　ヒロヒデ,平山宏,3,佐賀,19750106,2024.0,,,,0.0,0.0,0.0,1.0,0.0,0.0,0.0,0.0,0.0,0.0,,0.0,0.0,0.0,1.0,0,0,0,4,20240727
30701,0,20240720,鮫島克也,サメシマ　カツヤ,鮫島克,3,佐賀,19630130,2024.0,,,,0.0,0.0,0.0,1.0,0.0,0.0,0.0,0.0,0.0,0.0,,0.0,0.0,0.0,1.0,0,0,0,2,20240727
30709,0,20240804,宇野木博徳,ウノキ　ヒロノリ,宇野木,3,浦和,19730821,2024.0,,,,0.0,0.0,0.0,1.0,0.0,0.0,0.0,0.0,0.0,0.0,,,,,,0,0,0,1,20240810
10317,0,00000000,川村禎彦,カワムラ　ヨシヒコ,川村禎,2,栗東,19580524,1995.0,軽い調教でも結果残す。,20020815,87.0,4.0,7.0,15.0,134.0,1.0,1.0,0.0,8.0,1.0,0.0,62.0,14.0,18.0,9.0,220.0,401,474,466,5733,20240817
30340,0,20240818,村上正和,ムラカミ　マサカズ,村上正,3,北海,19620224,2024.0,,,,0.0,0.0,1.0,1.0,0.0,0.0,0.0,0.0,0.0,0.0,,0.0,0.0,0.0,1.0,1,0,3,56,20240824
70210,1,20240930,Ｃ．シャム,Ｃ．シャム,シャム,3,香港,19600627,2024.0,,,,1.0,0.0,1.0,1.0,0.0,0.0,0.0,0.0,1.0,1.0,,,,,,1,0,1,2,20241005
70233,0,20240930,Ｐ．ン,Ｐ．ン,ン,3,香港,19830802,2024.0,,,,0.0,0.0,0.0,1.0,0.0,0.0,0.0,0.0,0.0,0.0,,,,,,0,0,0,1,20241005
70213,1,20241123,Ｒ．ヴェリア,Ｒ．ヴェリアン,ヴェリ,3,英国,19790314,2024.0,,,,0.0,0.0,0.0,1.0,0.0,0.0,0.0,0.0,0.0,0.0,,,,,,0,0,0,2,20241123
70168,1,20241125,Ａ．オブライ,Ａ．オブライエン,オブラ,3,愛国,19691016,2024.0,,,,0.0,0.0,0.0,1.0,0.0,0.0,0.0,0.0,0.0,0.0,,,,,,0,0,0,7,20241130
70234,0,20241126,Ｓ．シュタイ,Ｓ．シュタインベルク,シュタ,3,独国,19880129,2024.0,,,,0.0,0.0,0.0,1.0,0.0,0.0,0.0,0.0,0.0,0.0,,,,,,0,0,0,1,20241130
30620,0,20241201,渡辺和雄,ワタナベ　カズオ,渡辺和,3,大井,19720121,2024.0,,,,0.0,0.0,0.0,2.0,0.0,0.0,0.0,0.0,0.0,0.0,,,,,,0,0,0,4,20241207
30705,0,20241130,石橋満,イシバシ　ミツル,石橋満,3,西脇,19810831,2024.0,,,,0.0,0.0,0.0,1.0,0.0,0.0,0.0,0.0,0.0,0.0,,0.0,0.0,0.0,4.0,0,0,0,5,20241207
30588,0,20241208,宗形竹見,ムナカタ　タケミ,宗形竹,3,大井,19760814,2024.0,,,,0.0,0.0,0.0,1.0,0.0,0.0,0.0,0.0,0.0,0.0,,0.0,0.0,0.0,1.0,0,0,0,5,20241214
30680,0,20241207,佐宗応和,サソウ　タカカズ,佐宗応,3,大井,19690124,2024.0,,,,0.0,0.0,0.0,1.0,0.0,0.0,0.0,0.0,0.0,0.0,,,,,,0,0,0,2,20241214
70235,0,20241211,Ｊ．リー,Ｊ．リー,リー,3,米国,19620311,2024.0,,,,0.0,0.0,0.0,1.0,0.0,0.0,0.0,0.0,0.0,0.0,,,,,,0,0,0,1,20241214
30649,0,20161217,的場直之,マトバ　ナオユキ,的場直,3,大井,19770627,2016.0,,,,,,,,,,,,,,,,,,,0,0,0,1,20250210
30514,0,20250208,久保秀男,クボ　ヒデオ,久保秀,3,川崎,19630313,2025.0,,,,0.0,0.0,0.0,1.0,0.0,0.0,0.0,0.0,0.0,0.0,,,,,,0,0,0,3,20250215
30413,0,20250215,佐々木仁,ササキ　ヒトシ,佐々仁,3,川崎,19631209,2025.0,,,,0.0,0.0,0.0,1.0,0.0,0.0,0.0,0.0,0.0,0.0,,,,,,0,0,0,15,20250222
30711,0,20250223,工藤真司,クドウ　シンジ,工藤真,3,高知,19820705,2025.0,,,,0.0,0.0,0.0,1.0,0.0,0.0,0.0,0.0,0.0,0.0,,,,,,0,0,0,1,20250301
10289,0,20250304,宗像義忠,ムナカタ　ヨシタダ,宗像義,1,美浦,19540726,1992.0,徐々に藤沢イズム発揮。今後注目。,20020815,83.0,0.0,3.0,3.0,46.0,0.0,0.0,0.0,5.0,0.0,0.0,64.0,9.0,7.0,15.0,210.0,655,630,591,5933,20250308
10299,0,20250304,石毛善彦,イシゲ　ヨシヒコ,石毛彦,1,美浦,19541109,1994.0,,,92.0,0.0,0.0,0.0,28.0,0.0,0.0,0.0,0.0,0.0,0.0,77.0,6.0,2.0,1.0,143.0,241,250,257,4466,20250308
10316,0,20250304,音無秀孝,オトナシ　ヒデタカ,音無秀,2,栗東,19540610,1995.0,グリーンウッド使用で急上昇。,20020815,43.0,4.0,4.0,4.0,55.0,0.0,1.0,2.0,3.0,3.0,1.0,29.0,21.0,27.0,30.0,259.0,972,825,795,5942,20250308
10346,0,20250304,木原一良,キハラ　カズヨシ,木原一,2,栗東,19540425,1998.0,,,72.0,2.0,2.0,2.0,44.0,0.0,1.0,1.0,2.0,0.0,0.0,80.0,8.0,9.0,9.0,167.0,342,341,386,4414,20250308
10350,0,20250304,藤沢則雄,フジサワ　ノリオ,藤沢則,2,栗東,19540819,1998.0,,,82.0,1.0,1.0,1.0,38.0,1.0,0.0,0.0,3.0,0.0,0.0,88.0,5.0,4.0,14.0,175.0,280,272,322,4245,20250308
10357,0,20250304,鮫島一歩,サメシマ　イッポ,鮫島一,2,栗東,19540412,1999.0,ユウキャラットで牝馬戦線賑わす,20021225,85.0,1.0,6.0,6.0,51.0,0.0,0.0,0.0,2.0,0.0,0.0,67.0,14.0,19.0,17.0,240.0,583,540,570,5414,20250308
10382,0,20250304,河内洋,カワチ　ヒロシ,河内洋,2,栗東,19550222,2003.0,,,26.0,5.0,5.0,4.0,38.0,0.0,0.0,0.0,0.0,2.0,1.0,76.0,10.0,9.0,15.0,174.0,385,398,392,3647,20250308
10416,0,20250304,村山明,ムラヤマ　アキラ,村山明,2,栗東,19710818,2008.0,,,83.0,1.0,1.0,0.0,40.0,1.0,0.0,0.0,2.0,0.0,0.0,60.0,15.0,8.0,9.0,186.0,300,282,316,3468,20250308
30566,0,20250302,長倉功,ナガクラ　イサオ,長倉功,3,園田,19720115,2025.0,,,,0.0,0.0,0.0,1.0,0.0,0.0,0.0,0.0,0.0,0.0,,,,,,0,0,0,4,20250308
30604,0,20250420,川島正一,カワシマ　マサカズ,川島一,3,船橋,19690328,2025.0,,,,0.0,0.0,0.0,1.0,0.0,0.0,0.0,0.0,0.0,0.0,,,,,,0,0,0,3,20250426
30675,0,20250511,長南和宏,チョウナン　カズヒロ,長南和,3,西脇,19701129,2025.0,,,,0.0,0.0,0.0,1.0,0.0,0.0,0.0,0.0,0.0,0.0,,,,,,0,0,1,6,20250517
30651,0,20250608,山田信大,ヤマダ　ノブヒロ,山田信,3,船橋,19740308,2025.0,,,,0.0,0.0,0.0,1.0,0.0,0.0,0.0,0.0,0.0,0.0,,,,,,0,0,0,8,20250614
30676,0,20250719,池田忠好,イケダ　タダヨシ,池田忠,3,佐賀,19741125,2025.0,,,,0.0,0.0,0.0,1.0,0.0,0.0,0.0,0.0,0.0,0.0,,,,,,0,0,0,7,20250726
30700,0,20250719,北村欣也,キタムラ　キンヤ,北村欣,3,佐賀,19640905,2025.0,,,,0.0,0.0,0.0,1.0,0.0,0.0,0.0,0.0,0.0,0.0,,,,,,0,0,0,2,20250726
30660,0,20211120,伊藤滋規,イトウ　シゲノリ,伊藤滋,3,船橋,19740510,2021.0,,,,,,,,,,,,,,,,,,,0,0,0,5,20250810
30677,0,20250809,米谷康秀,ヨネヤ　ヤスヒデ,米谷康,3,船橋,19830507,2025.0,,,,0.0,0.0,0.0,1.0,0.0,0.0,0.0,0.0,0.0,0.0,,,,,,0,0,0,3,20250816
30698,0,20250810,田中一巧,タナカ　イッコオ,田中一,3,園田,19811124,2025.0,,,,0.0,0.0,0.0,5.0,0.0,0.0,0.0,0.0,0.0,0.0,,,,,,0,0,0,8,20250816
30027,0,20000903,佐々木国広,ササキ　クニヒロ,佐々国,3,川崎,19390315,2000.0,,,,,,,,,,,,,,,,,,,0,0,0,5,20250823
30615,0,20250816,斉藤正弘,サイトウ　マサヒロ,斉藤正,3,北海,19720203,2025.0,,,,0.0,0.0,0.0,1.0,0.0,0.0,0.0,0.0,0.0,0.0,,0.0,0.0,0.0,1.0,2,0,0,23,20250823
30691,0,20250823,小国博行,オグニ　ヒロユキ,小国博,3,北海,19661227,2025.0,,,,0.0,0.0,0.0,1.0,0.0,0.0,0.0,0.0,0.0,0.0,,0.0,0.0,0.0,1.0,0,0,0,5,20250830
30011,0,20250831,伊藤強一,イトウ　キョウイチ,伊藤強,3,笠松,19581110,2025.0,,,,0.0,0.0,0.0,3.0,0.0,0.0,0.0,0.0,0.0,0.0,,0.0,0.0,0.0,2.0,1,0,3,102,20250906
30285,0,20250831,桧森邦夫,ヒモリ　クニオ,桧森邦,3,北海,19570402,2025.0,,,,0.0,0.0,0.0,1.0,0.0,0.0,0.0,0.0,0.0,0.0,,0.0,0.0,0.0,1.0,1,2,4,23,20250906
30350,0,20250830,角川秀樹,カクガワ　ヒデキ,角川秀,3,北海,19591212,2025.0,,,,0.0,0.0,0.0,2.0,0.0,0.0,0.0,0.0,0.0,0.0,,,,,,2,3,2,118,20250906
30464,0,20250830,松本隆宏,マツモト　タカヒロ,松本隆,3,北海,19600918,2025.0,,,,0.0,0.0,0.0,2.0,0.0,0.0,0.0,0.0,0.0,0.0,,,,,,1,3,0,32,20250906
30508,0,20250830,米川昇,ヨネカワ　ノボル,米川昇,3,北海,19600327,2025.0,,,,1.0,0.0,0.0,0.0,0.0,0.0,0.0,0.0,1.0,0.0,,0.0,0.0,0.0,3.0,3,2,5,38,20250906
30672,0,20250906,佐々木国明,ササキ　クニアキ,佐々国,3,北海,19780322,2025.0,,,,0.0,1.0,0.0,1.0,0.0,0.0,0.0,0.0,0.0,0.0,,,,,,0,1,0,2,20250913
30674,0,20250927,斎藤雄一,サイトウ　ユウイチ,斎藤雄,3,岩手,19840915,2025.0,,,,0.0,0.0,0.0,1.0,0.0,0.0,0.0,0.0,0.0,0.0,,,,,,0,0,0,2,20251004
70236,0,20250929,Ｋ．マン,Ｋ．マン,マ　ン,3,香港,19570718,2025.0,,,,0.0,0.0,0.0,1.0,0.0,0.0,0.0,0.0,0.0,0.0,,,,,,0,0,0,1,20251004
30230,0,20251018,佐々木由則,ササキ　ヨシノリ,佐々由,3,水沢,19551219,2025.0,,,,0.0,0.0,0.0,1.0,0.0,0.0,0.0,0.0,0.0,0.0,,,,,,0,0,0,4,20251025
30657,0,20251115,佐藤裕太,サトウ　ユウタ,佐藤裕,3,船橋,19750706,2025.0,,,,0.0,0.0,0.0,1.0,0.0,0.0,0.0,0.0,0.0,0.0,,0.0,0.0,0.0,3.0,0,0,0,8,20251122
30595,0,20250906,田中淳司,タナカ　ジユンジ,田中淳,3,北海,19720316,2025.0,,,,0.0,2.0,1.0,7.0,0.0,0.0,0.0,0.0,0.0,0.0,,0.0,0.0,1.0,8.0,4,6,8,108,20251124
70237,0,20251126,Ｈ．ユースタ,Ｈ．ユースタス,ユース,3,英国,19880512,2025.0,,,,0.0,0.0,0.0,1.0,0.0,0.0,0.0,0.0,0.0,0.0,,,,,,0,0,0,1,20251129
30693,0,20251130,松浦聡志,マツウラ　サトシ,松浦聡,3,西脇,19780220,2025.0,,,,0.0,0.0,0.0,1.0,0.0,0.0,0.0,0.0,0.0,0.0,,,,,,0,0,0,2,20251206
30710,0,20251130,井樋一也,イビ　カズヤ,井樋一,3,金沢,19640318,2025.0,,,,0.0,0.0,0.0,1.0,0.0,0.0,0.0,0.0,0.0,0.0,,0.0,0.0,0.0,1.0,0,0,0,2,20251206
70222,1,20251203,Ｆ．グラファ,Ｆ．グラファール,グラフ,3,仏国,19770427,2025.0,,,,1.0,0.0,0.0,0.0,0.0,0.0,0.0,0.0,1.0,1.0,,0.0,0.0,0.0,2.0,1,0,0,4,20251206
30669,0,20251206,橋本忠明,ハシモト　タダアキ,橋本忠,3,西脇,19760724,2025.0,,,,0.0,0.0,0.0,1.0,0.0,0.0,0.0,0.0,0.0,0.0,,,,,,0,0,0,4,20251213
30694,0,20251207,千葉幸喜,チバ　コウキ,千葉幸,3,岩手,19660124,2025.0,,,,0.0,0.0,0.0,1.0,0.0,0.0,0.0,0.0,0.0,0.0,,,,,,0,0,0,2,20251213
30627,0,20251214,笹野博司,ササノ　ヒロシ,笹野博,3,笠松,19740110,2025.0,,,,0.0,0.0,0.0,3.0,0.0,0.0,0.0,0.0,0.0,0.0,,,,,,0,0,0,43,20251214
30633,0,20251214,小野望,オノ　ノゾミ,小野望,3,北海,19720309,2025.0,,,,0.0,0.0,0.0,3.0,0.0,0.0,0.0,0.0,0.0,0.0,,0.0,0.0,0.0,2.0,0,0,0,12,20251214
30712,0,20251220,水野貴史,ミズノ　タカシ,水野史,3,浦和,19721102,2025.0,,,,0.0,0.0,0.0,1.0,0.0,0.0,0.0,0.0,0.0,0.0,,,,,,0,0,0,1,20251227
30641,0,20260124,盛本信春,モリモト　ノブハル,盛本信,3,園田,19740802,2026.0,,,,0.0,0.0,0.0,1.0,0.0,0.0,0.0,0.0,0.0,0.0,,,,,,0,0,0,10,20260131
30591,0,20260201,荒山勝徳,アラヤマ　カツノリ,荒山勝,3,大井,19681228,2026.0,,,,0.0,0.0,0.0,2.0,0.0,0.0,0.0,0.0,0.0,0.0,,0.0,0.0,0.0,1.0,0,1,1,26,20260207
30665,0,20260201,藤田輝信,フジタ　テルノブ,藤田輝,3,大井,19760601,2026.0,,,,0.0,0.0,0.0,1.0,0.0,0.0,0.0,0.0,0.0,0.0,,,,,,0,0,0,2,20260207
30713,0,20260131,酒井一則,サカイ　カズノリ,酒井一,3,浦和,19671030,2026.0,,,,0.0,0.0,0.0,1.0,0.0,0.0,0.0,0.0,0.0,0.0,,,,,,0,0,0,1,20260207
10268,0,20260303,国枝栄,クニエダ　サカエ,国枝栄,1,美浦,19550414,1989.0,馬具変更の得意な厩舎。,20020815,23.0,4.0,3.0,2.0,46.0,0.0,0.0,0.0,4.0,1.0,0.0,9.0,26.0,28.0,19.0,214.0,1099,973,803,6479,20260307
10276,0,20260303,小西一男,コニシ　カズオ,小西一,1,美浦,19550930,1990.0,,,72.0,1.0,1.0,1.0,38.0,0.0,0.0,0.0,1.0,0.0,0.0,56.0,12.0,9.0,9.0,160.0,524,522,524,5817,20260307
10287,0,20260303,土田稔,ツチダ　ミノル,土田稔,1,美浦,19550623,1992.0,芝で活躍する馬は少なく、ダート馬多い。,20020815,73.0,0.0,0.0,1.0,41.0,1.0,1.0,0.0,1.0,0.0,0.0,86.0,4.0,5.0,11.0,163.0,355,400,412,5201,20260307
10305,0,20260303,南田美知雄,ミナミダ　ミチオ,南田美,1,美浦,19550930,1994.0,,,86.0,0.0,1.0,4.0,45.0,0.0,0.0,0.0,0.0,0.0,0.0,83.0,5.0,7.0,10.0,222.0,197,231,248,5365,20260307
10306,0,20260303,佐々木晶三,ササキ　ショウゾウ,佐々晶,2,栗東,19560115,1994.0,コメントは強気が多い。,20020815,43.0,4.0,3.0,1.0,33.0,0.0,0.0,0.0,0.0,3.0,0.0,44.0,17.0,10.0,15.0,161.0,653,638,637,5517,20260307
10334,0,20260303,根本康広,ネモト　ヤスヒロ,根本康,1,美浦,19560131,1997.0,,,64.0,1.0,3.0,0.0,42.0,0.0,0.0,0.0,1.0,0.0,0.0,87.0,5.0,5.0,9.0,241.0,207,262,368,5298,20260307
10339,0,20260303,西園正都,ニシゾノ　マサト,西園正,2,栗東,19551229,1997.0,,,64.0,2.0,3.0,5.0,52.0,0.0,0.0,0.0,5.0,2.0,1.0,25.0,25.0,22.0,17.0,249.0,733,705,698,6556,20260307
30047,0,20260301,真島元徳,マシマ　モトノリ,真島元,3,佐賀,19600128,2026.0,,,,0.0,0.0,0.0,1.0,0.0,0.0,0.0,0.0,0.0,0.0,,,,,,2,0,1,87,20260307
30452,0,20260308,河津裕昭,カワヅ　ヒロアキ,河津裕,3,川崎,19660806,2026.0,,,,0.0,0.0,0.0,2.0,0.0,0.0,0.0,0.0,0.0,0.0,,0.0,0.0,0.0,1.0,2,1,1,57,20260314
30049,0,20260315,八木正喜,ヤギ　マサヨシ,八木喜,3,川崎,19630708,2026.0,,,,0.0,0.0,0.0,1.0,0.0,0.0,0.0,0.0,0.0,0.0,,,,,,0,0,0,8,20260321
30695,0,20260315,加藤誠一,カトウ　セイイチ,加藤誠,3,川崎,19700825,2026.0,,,,0.0,0.0,0.0,1.0,0.0,0.0,0.0,0.0,0.0,0.0,,,,,,0,0,0,5,20260321
30038,0,20260322,角田輝也,ツノダ　テルヤ,角田輝,3,名古,19631021,2026.0,,,,0.0,0.0,0.0,2.0,0.0,0.0,0.0,0.0,0.0,0.0,,0.0,0.0,0.0,3.0,0,1,1,152,20260328
10293,0,00000000,上原博之,ウエハラ　ヒロユキ,上原博,1,美浦,19570125,1993.0,,,59.0,2.0,4.0,5.0,50.0,0.0,0.0,0.0,2.0,0.0,0.0,42.0,15.0,14.0,25.0,199.0,501,517,552,5720,20260329
10298,0,00000000,森秀行,モリ　ヒデユキ,森秀行,2,栗東,19590312,1993.0,強気なコメントは結果に繋がる。,20020815,29.0,7.0,3.0,4.0,52.0,0.0,0.0,0.0,1.0,2.0,0.0,23.0,27.0,39.0,17.0,198.0,844,814,688,6741,20260329
10307,0,00000000,谷潔,タニ　キヨシ,谷　潔,2,栗東,19570111,1994.0,,,78.0,1.0,3.0,1.0,50.0,1.0,1.0,0.0,3.0,0.0,0.0,88.0,6.0,12.0,9.0,195.0,383,478,500,5402,20260329
10314,0,00000000,杉浦宏昭,スギウラ　ヒロアキ,杉浦宏,1,美浦,19600803,1995.0,,,56.0,3.0,0.0,1.0,53.0,0.0,0.0,0.0,2.0,0.0,0.0,74.0,7.0,8.0,18.0,231.0,423,482,549,5942,20260329
10324,0,00000000,萩原清,ハギワラ　キヨシ,萩原清,1,美浦,19590303,1996.0,,,23.0,5.0,2.0,4.0,32.0,0.0,1.0,1.0,1.0,2.0,1.0,10.0,27.0,18.0,13.0,114.0,725,584,503,4101,20260329
10328,0,00000000,宮徹,ミヤ　トオル,宮　徹,2,栗東,19600711,1996.0,,,33.0,6.0,6.0,0.0,51.0,0.0,2.0,2.0,1.0,4.0,2.0,45.0,17.0,22.0,31.0,196.0,484,578,577,5729,20260329
10329,0,00000000,相沢郁,アイザワ　イクオ,相沢郁,1,美浦,19590619,1997.0,,,47.0,3.0,4.0,4.0,62.0,0.0,0.0,2.0,0.0,2.0,0.0,25.0,20.0,21.0,14.0,215.0,524,540,588,6113,20260329
10330,0,00000000,伊藤圭三,イトウ　ケイゾウ,伊藤圭,1,美浦,19630328,1997.0,,,11.0,7.0,4.0,3.0,76.0,2.0,1.0,0.0,2.0,1.0,0.0,16.0,25.0,30.0,35.0,277.0,579,606,594,6105,20260329
10331,0,00000000,萱野浩二,カヤノ　コウジ,萱野浩,1,美浦,19600228,1997.0,,,72.0,1.0,3.0,2.0,48.0,0.0,0.0,0.0,2.0,0.0,0.0,75.0,7.0,7.0,14.0,196.0,333,332,379,5282,20260329
10332,0,00000000,鈴木伸尋,スズキ　ノブヒロ,鈴木伸,1,美浦,19591026,1997.0,,,22.0,5.0,4.0,2.0,50.0,0.0,0.0,0.0,0.0,0.0,0.0,36.0,17.0,24.0,13.0,194.0,438,438,449,4932,20260329
10333,0,00000000,田村康仁,タムラ　ヤスヒト,田村康,1,美浦,19630330,1997.0,,,46.0,3.0,5.0,2.0,50.0,0.0,0.0,0.0,4.0,1.0,0.0,20.0,23.0,14.0,17.0,212.0,636,669,585,6117,20260329
10340,0,00000000,伊藤伸一,イトウ　シンイチ,伊藤伸,1,美浦,19590717,1998.0,,,89.0,0.0,3.0,1.0,57.0,0.0,0.0,0.0,0.0,0.0,0.0,92.0,3.0,2.0,1.0,189.0,240,296,325,4952,20260329
10342,0,00000000,佐藤吉勝,サトウ　ヨシカツ,佐藤吉,1,美浦,19571104,1998.0,,,84.0,1.0,0.0,2.0,53.0,0.0,0.0,0.0,0.0,0.0,0.0,93.0,1.0,5.0,12.0,206.0,179,240,286,4765,20260329
10344,0,00000000,手塚貴久,テヅカ　タカヒサ,手塚貴,1,美浦,19640920,1998.0,,,1.0,13.0,6.0,9.0,55.0,0.0,0.0,0.0,1.0,6.0,3.0,5.0,32.0,31.0,30.0,220.0,722,666,645,5286,20260329
10345,0,00000000,大根田裕之,オオネダ　ヒロユキ,大根田,2,栗東,19590731,1998.0,穴傾向強い,20020815,48.0,4.0,3.0,3.0,43.0,1.0,0.0,0.0,2.0,1.0,0.0,73.0,13.0,10.0,14.0,173.0,304,323,340,4407,20260329
10348,0,00000000,中竹和也,ナカタケ　カズヤ,中竹和,2,栗東,19641126,1998.0,,,54.0,3.0,6.0,5.0,70.0,1.0,0.0,1.0,5.0,1.0,0.0,69.0,14.0,24.0,22.0,234.0,653,636,597,5775,20260329
10351,0,00000000,石栗龍彦,イシクリ　タツヒコ,石栗龍,1,美浦,19580415,1999.0,,,98.0,0.0,0.0,0.0,31.0,0.0,0.0,0.0,6.0,0.0,0.0,76.0,6.0,1.0,6.0,151.0,127,147,203,3957,20260329
10353,0,00000000,勢司和浩,セイシ　カズヒロ,勢司和,1,美浦,19620214,1999.0,スマイルトゥモローでオークス制覇,20021225,74.0,1.0,2.0,3.0,48.0,0.0,0.0,0.0,0.0,0.0,0.0,85.0,5.0,7.0,4.0,170.0,358,343,377,3991,20260329
10354,0,00000000,畠山吉宏,ハタケヤマ　ヨシヒロ,畠山吉,1,美浦,19620902,1999.0,,,24.0,5.0,3.0,3.0,51.0,0.0,0.0,0.0,1.0,1.0,0.0,60.0,11.0,11.0,23.0,192.0,389,398,436,4916,20260329
10355,0,00000000,安達昭夫,アダチ　アキオ,安達昭,2,栗東,19591027,1999.0,,,56.0,4.0,5.0,1.0,46.0,0.0,0.0,0.0,2.0,1.0,0.0,83.0,8.0,9.0,15.0,174.0,337,324,359,4213,20260329
10356,0,00000000,昆貢,コン　ミツグ,昆　貢,2,栗東,19580614,1999.0,,,93.0,0.0,2.0,0.0,38.0,0.0,0.0,1.0,4.0,0.0,0.0,61.0,15.0,7.0,8.0,137.0,480,502,430,3875,20260329
10360,0,00000000,岩戸孝樹,イワト　タカキ,岩戸孝,1,美浦,19660723,2000.0,,,15.0,7.0,3.0,6.0,50.0,0.0,1.0,0.0,0.0,1.0,0.0,52.0,10.0,15.0,18.0,204.0,328,383,394,5077,20260329
10361,0,00000000,菊川正達,キクカワ　マサタツ,菊川正,1,美浦,19621117,2000.0,,,51.0,2.0,2.0,3.0,52.0,1.0,0.0,0.0,3.0,0.0,0.0,46.0,13.0,17.0,16.0,227.0,322,347,428,5303,20260329
10363,0,00000000,戸田博文,トダ　ヒロフミ,戸田博,1,美浦,19631001,2000.0,2002年14勝。今後も勝ち鞍伸ばす可能,20021225,79.0,0.0,0.0,2.0,43.0,1.0,1.0,1.0,3.0,0.0,0.0,58.0,11.0,17.0,9.0,168.0,508,543,513,5307,20260329
10364,0,00000000,藤原英昭,フジワラ　ヒデアキ,藤原英,2,栗東,19650629,2000.0,運動量たっぷり。今後注目の調教師,20021225,4.0,15.0,13.0,10.0,54.0,0.0,0.0,0.0,0.0,7.0,0.0,7.0,40.0,30.0,26.0,224.0,940,728,611,4102,20260329
10365,0,00000000,本間忍,ホンマ　シノブ,本間忍,1,美浦,19570728,2000.0,,,68.0,2.0,1.0,1.0,36.0,0.0,0.0,0.0,3.0,1.0,0.0,69.0,8.0,14.0,15.0,182.0,196,263,263,4193,20260329
10368,0,00000000,大久保龍志,オオクボ　リュウジ,大久龍,2,栗東,19660106,2001.0,,,8.0,11.0,7.0,7.0,41.0,0.0,0.0,0.0,1.0,4.0,1.0,8.0,37.0,25.0,26.0,174.0,659,626,569,4108,20260329
10369,0,00000000,加藤征弘,カトウ　ユキヒロ,加藤征,1,美浦,19650914,2001.0,森、藤沢の転厩馬預かり、結果出している,20021225,19.0,6.0,4.0,7.0,46.0,0.0,0.0,0.0,0.0,1.0,0.0,19.0,23.0,24.0,18.0,203.0,708,610,561,4364,20260329
10371,0,00000000,友道康夫,トモミチ　ヤスオ,友道康,2,栗東,19630811,2001.0,開業してすぐに勝ち馬出す,20021225,19.0,8.0,6.0,7.0,47.0,0.0,0.0,0.0,0.0,3.0,3.0,5.0,45.0,39.0,33.0,195.0,804,614,545,3509,20260329
10372,0,00000000,藤岡健一,フジオカ　ケンイチ,藤岡健,2,栗東,19610101,2001.0,,,69.0,3.0,4.0,7.0,50.0,0.0,0.0,0.0,1.0,1.0,0.0,46.0,20.0,22.0,32.0,205.0,633,565,488,4338,20260329
10373,0,00000000,的場均,マトバ　ヒトシ,的場均,1,美浦,19570325,2001.0,,,99.0,0.0,0.0,0.0,32.0,0.0,0.0,0.0,7.0,0.0,0.0,94.0,1.0,0.0,1.0,186.0,194,207,211,3865,20260329
10374,0,00000000,武藤善則,ムトウ　ヨシノリ,武藤善,1,美浦,19670321,2001.0,,,32.0,4.0,4.0,2.0,48.0,0.0,0.0,0.0,1.0,2.0,1.0,45.0,14.0,18.0,16.0,214.0,363,380,379,4844,20260329
10375,0,00000000,大橋勇樹,オオハシ　ユウキ,大橋勇,2,栗東,19610525,2002.0,,,21.0,8.0,3.0,6.0,57.0,0.0,0.0,0.0,2.0,1.0,0.0,51.0,19.0,25.0,26.0,201.0,359,382,390,4619,20260329
10376,0,00000000,岡田稲男,オカダ　イナオ,岡田稲,2,栗東,19601103,2002.0,,,64.0,3.0,7.0,8.0,51.0,0.0,0.0,0.0,3.0,0.0,0.0,77.0,12.0,8.0,16.0,192.0,465,480,485,4509,20260329
10377,0,00000000,久保田貴士,クボタ　タカシ,久保田,1,美浦,19670917,2002.0,,,39.0,3.0,7.0,3.0,36.0,0.0,0.0,1.0,4.0,0.0,0.0,22.0,20.0,15.0,22.0,178.0,530,471,493,3880,20260329
10378,0,00000000,小島茂之,コジマ　シゲユキ,小島茂,1,美浦,19680215,2002.0,,,36.0,4.0,2.0,1.0,40.0,0.0,0.0,0.0,4.0,0.0,0.0,65.0,10.0,9.0,15.0,199.0,367,365,320,4011,20260329
10379,0,00000000,中尾秀正,ナカオ　ヒデマサ,中尾秀,2,栗東,19661206,2002.0,,,47.0,4.0,3.0,4.0,51.0,1.0,0.0,0.0,1.0,1.0,0.0,90.0,5.0,16.0,16.0,221.0,388,392,352,3642,20260329
10380,0,00000000,堀宣行,ホリ　ノリユキ,堀宣行,1,美浦,19671109,2002.0,,,12.0,8.0,9.0,4.0,33.0,0.0,0.0,0.0,0.0,2.0,1.0,3.0,37.0,22.0,13.0,130.0,845,557,488,3281,20260329
10381,0,00000000,池江泰寿,イケエ　ヤストシ,池江寿,2,栗東,19690113,2003.0,,,1.0,17.0,10.0,8.0,52.0,0.0,0.0,0.0,2.0,4.0,0.0,13.0,32.0,41.0,33.0,206.0,904,747,617,4090,20260329
10383,0,00000000,宮本博,ミヤモト　ヒロシ,宮本博,2,栗東,19630327,2003.0,,,89.0,0.0,4.0,2.0,53.0,1.0,1.0,0.0,6.0,0.0,0.0,71.0,12.0,17.0,14.0,182.0,401,452,448,4038,20260329
10384,0,00000000,奥平雅士,オクヒラ　マサシ,奥平雅,1,美浦,19720622,2004.0,,,44.0,3.0,5.0,3.0,43.0,0.0,0.0,0.0,1.0,1.0,0.0,73.0,7.0,9.0,10.0,190.0,315,347,340,4029,20260329
10385,0,00000000,矢作芳人,ヤハギ　ヨシト,矢作芳,2,栗東,19610320,2004.0,,,3.0,13.0,14.0,11.0,89.0,2.0,0.0,0.0,0.0,7.0,0.0,4.0,45.0,40.0,28.0,400.0,941,850,768,7023,20260329
10386,0,00000000,小笠倫弘,オガサ　ミチヒロ,小笠倫,1,美浦,19710719,2005.0,,,26.0,5.0,2.0,3.0,41.0,0.0,0.0,1.0,1.0,0.0,0.0,35.0,16.0,11.0,13.0,169.0,282,268,302,3814,20260329
10387,0,00000000,加藤和宏,カトウ　カズヒロ,加藤和,1,美浦,19560304,2005.0,,,92.0,0.0,1.0,1.0,38.0,0.0,0.0,1.0,2.0,0.0,0.0,91.0,2.0,1.0,4.0,211.0,94,162,185,3672,20260329
10388,0,00000000,北出成人,キタデ　ヨシヒト,北出成,2,栗東,19640111,2005.0,,,38.0,6.0,2.0,5.0,63.0,0.0,0.0,0.0,0.0,2.0,0.0,32.0,22.0,24.0,24.0,245.0,322,358,361,4232,20260329
10389,0,00000000,古賀慎明,コガ　マサアキ,古賀慎,1,美浦,19650611,2005.0,,,62.0,2.0,2.0,7.0,37.0,0.0,0.0,1.0,5.0,0.0,0.0,47.0,13.0,17.0,17.0,172.0,362,417,366,3623,20260329
10390,0,00000000,清水英克,シミズ　ヒデカツ,清水英,1,美浦,19650924,2005.0,,,93.0,0.0,1.0,1.0,48.0,0.0,0.0,0.0,2.0,0.0,0.0,61.0,11.0,10.0,20.0,195.0,250,255,277,3831,20260329
10391,0,00000000,中川公成,ナカガワ　タダシゲ,中川公,1,美浦,19620525,2005.0,,,71.0,1.0,4.0,5.0,39.0,0.0,0.0,0.0,0.0,0.0,0.0,71.0,9.0,10.0,15.0,172.0,272,270,300,3483,20260329
10392,0,00000000,平田修,ヒラタ　オサム,平田修,2,栗東,19600529,2005.0,,,84.0,2.0,2.0,6.0,61.0,0.0,0.0,0.0,2.0,0.0,0.0,53.0,18.0,23.0,21.0,205.0,421,406,359,3731,20260329
10394,0,00000000,梅田智之,ウメダ　トモユキ,梅田智,2,栗東,19690420,2006.0,,,18.0,8.0,6.0,8.0,61.0,0.0,0.0,0.0,0.0,1.0,1.0,91.0,5.0,13.0,24.0,244.0,323,352,405,3938,20260329
10395,0,00000000,小崎憲,コザキ　ケン,小崎憲,2,栗東,19710330,2006.0,,,53.0,4.0,6.0,7.0,50.0,0.0,0.0,0.0,1.0,0.0,0.0,60.0,17.0,9.0,20.0,199.0,313,303,332,3555,20260329
10396,0,00000000,斎藤誠,サイトウ　マコト,斎藤誠,1,美浦,19710407,2006.0,,,6.0,10.0,8.0,8.0,79.0,0.0,0.0,0.0,0.0,1.0,0.0,2.0,38.0,35.0,33.0,311.0,558,567,501,4892,20260329
10397,0,00000000,庄野靖志,ショウノ　ヤスシ,庄野靖,2,栗東,19700302,2006.0,,,26.0,6.0,5.0,4.0,41.0,1.0,0.0,0.0,1.0,0.0,0.0,48.0,20.0,20.0,14.0,189.0,334,299,316,3132,20260329
10398,0,00000000,高木登,タカギ　ノボル,高木登,1,美浦,19650525,2006.0,,,16.0,6.0,9.0,7.0,62.0,0.0,0.0,0.0,0.0,1.0,0.0,17.0,25.0,22.0,20.0,210.0,405,394,416,3936,20260329
10399,0,00000000,武市康男,タケイチ　ヤスオ,武市康,1,美浦,19710709,2006.0,,,75.0,1.0,2.0,2.0,66.0,0.0,0.0,0.0,1.0,0.0,0.0,53.0,12.0,14.0,12.0,228.0,238,305,304,4503,20260329
10400,0,00000000,天間昭一,テンマ　ショウイチ,天間昭,1,美浦,19650226,2006.0,,,55.0,3.0,0.0,0.0,45.0,0.0,0.0,1.0,9.0,0.0,0.0,89.0,4.0,5.0,5.0,200.0,139,176,183,3852,20260329
10401,0,00000000,羽月友彦,ハツキ　トモヒコ,羽月友,2,栗東,19700729,2006.0,,,80.0,2.0,3.0,4.0,64.0,0.0,0.0,0.0,0.0,1.0,0.0,82.0,9.0,10.0,4.0,222.0,258,263,289,3667,20260329
10402,0,00000000,松永幹夫,マツナガ　ミキオ,松永幹,2,栗東,19670410,2006.0,,,9.0,10.0,4.0,6.0,57.0,1.0,1.0,1.0,3.0,3.0,0.0,10.0,32.0,22.0,28.0,237.0,547,455,481,3859,20260329
10403,0,00000000,松永康利,マツナガ　ヤストシ,松永康,1,美浦,19650215,2006.0,,,91.0,0.0,1.0,4.0,48.0,0.0,0.0,0.0,3.0,0.0,0.0,78.0,4.0,9.0,15.0,190.0,106,152,178,3168,20260329
10404,0,00000000,水野貴広,ミズノ　タカヒロ,水野貴,1,美浦,19721102,2006.0,,,67.0,2.0,1.0,8.0,57.0,0.0,0.0,0.0,4.0,1.0,0.0,59.0,9.0,16.0,12.0,229.0,265,339,352,4592,20260329
10405,0,00000000,本田優,ホンダ　マサル,本田優,2,栗東,19590104,2007.0,,,92.0,0.0,6.0,8.0,60.0,0.0,0.0,0.0,4.0,0.0,0.0,36.0,21.0,18.0,16.0,240.0,407,395,439,4501,20260329
10406,0,00000000,荒川義之,アラカワ　ヨシユキ,荒川義,2,栗東,19680521,2007.0,,,58.0,4.0,3.0,4.0,70.0,0.0,0.0,0.0,0.0,2.0,0.0,74.0,12.0,18.0,18.0,232.0,326,416,375,4326,20260329
10407,0,00000000,粕谷昌央,カスヤ　マサオ,粕谷昌,1,美浦,19650904,2007.0,,,43.0,3.0,5.0,2.0,37.0,0.0,0.0,2.0,11.0,0.0,0.0,82.0,5.0,6.0,6.0,181.0,131,155,172,3309,20260329
10408,0,00000000,鹿戸雄一,シカト　ユウイチ,鹿戸雄,1,美浦,19620523,2007.0,,,2.0,12.0,11.0,8.0,47.0,0.0,0.0,0.0,0.0,4.0,2.0,6.0,30.0,35.0,24.0,226.0,506,520,438,3754,20260329
10409,0,00000000,野中賢二,ノナカ　ケンジ,野中賢,2,栗東,19650929,2007.0,,,23.0,7.0,8.0,2.0,54.0,0.0,0.0,0.0,0.0,3.0,1.0,67.0,16.0,14.0,24.0,186.0,390,329,307,2958,20260329
10410,0,00000000,松山将樹,マツヤマ　マサキ,松山将,1,美浦,19700602,2007.0,,,88.0,0.0,3.0,1.0,53.0,0.0,0.0,0.0,0.0,0.0,0.0,66.0,10.0,9.0,11.0,200.0,143,176,229,3288,20260329
10411,0,00000000,大竹正博,オオタケ　マサヒロ,大竹正,1,美浦,19691230,2008.0,,,4.0,11.0,6.0,6.0,39.0,0.0,0.0,0.0,0.0,3.0,0.0,12.0,26.0,25.0,23.0,184.0,401,322,307,3091,20260329
10412,0,00000000,尾関知人,オゼキ　トモヒト,尾関知,1,美浦,19711217,2008.0,,,65.0,2.0,2.0,2.0,48.0,0.0,0.0,0.0,4.0,0.0,0.0,57.0,11.0,5.0,14.0,208.0,373,283,302,3420,20260329
10413,0,00000000,笹田和秀,ササダ　カズヒデ,笹田和,2,栗東,19560929,2008.0,,,61.0,4.0,2.0,3.0,40.0,0.0,0.0,0.0,1.0,1.0,0.0,57.0,17.0,14.0,13.0,166.0,288,266,270,2713,20260329
10414,0,00000000,須貝尚介,スガイ　ナオスケ,須貝尚,2,栗東,19660603,2008.0,,,39.0,5.0,12.0,9.0,62.0,0.0,0.0,0.0,0.0,2.0,1.0,21.0,28.0,32.0,35.0,223.0,603,565,537,3573,20260329
10415,0,00000000,牧光二,マキ　コウジ,牧光二,1,美浦,19730210,2008.0,,,17.0,6.0,8.0,5.0,65.0,0.0,0.0,0.0,0.0,1.0,0.0,51.0,13.0,22.0,16.0,305.0,377,424,402,4221,20260329
10417,0,00000000,矢野英一,ヤノ　エイイチ,矢野英,1,美浦,19700224,2008.0,,,33.0,3.0,3.0,3.0,44.0,1.0,0.0,0.0,1.0,0.0,0.0,68.0,8.0,18.0,23.0,186.0,291,301,344,3433,20260329
10418,0,00000000,伊藤大士,イトウ　ダイシ,伊藤大,1,美浦,19721129,2009.0,,,45.0,3.0,5.0,2.0,53.0,0.0,0.0,0.0,0.0,0.0,0.0,44.0,15.0,19.0,23.0,227.0,219,283,298,3907,20260329
10419,0,00000000,清水久詞,シミズ　ヒサシ,清水久,2,栗東,19720704,2009.0,,,52.0,4.0,9.0,5.0,92.0,0.0,0.0,0.0,5.0,1.0,0.0,12.0,29.0,43.0,30.0,336.0,450,424,459,4517,20260329
10420,0,00000000,鈴木孝志,スズキ　タカシ,鈴木孝,2,栗東,19710420,2009.0,,,83.0,1.0,2.0,11.0,55.0,1.0,0.0,0.0,2.0,0.0,0.0,70.0,13.0,19.0,17.0,201.0,279,323,314,3224,20260329
10421,0,00000000,田島俊明,タジマ　トシアキ,田島俊,1,美浦,19740116,2009.0,,,20.0,5.0,3.0,4.0,52.0,1.0,0.0,1.0,3.0,2.0,0.0,23.0,21.0,17.0,19.0,217.0,228,245,271,3622,20260329
10422,0,00000000,牧浦充徳,マキウラ　ミツノリ,牧浦充,2,栗東,19740817,2009.0,,,45.0,5.0,7.0,6.0,53.0,0.0,0.0,0.0,0.0,1.0,0.0,37.0,22.0,16.0,12.0,189.0,299,293,294,3295,20260329
10423,0,00000000,和田正一郎,ワダ　ショウイチロウ,和田一,1,美浦,19741003,2009.0,,,53.0,3.0,0.0,3.0,38.0,0.0,0.0,2.0,3.0,0.0,0.0,49.0,13.0,8.0,13.0,173.0,212,207,233,2923,20260329
10424,0,00000000,菊沢隆徳,キクザワ　タカノリ,菊沢隆,1,美浦,19700210,2010.0,,,41.0,3.0,4.0,8.0,44.0,0.0,1.0,0.0,0.0,0.0,0.0,43.0,16.0,12.0,18.0,201.0,297,280,275,2817,20260329
10425,0,00000000,新開幸一,シンカイ　コウイチ,新開幸,1,美浦,19661021,2010.0,,,77.0,1.0,1.0,2.0,42.0,0.0,0.0,1.0,1.0,0.0,0.0,50.0,13.0,5.0,6.0,144.0,187,233,215,2559,20260329
10426,0,00000000,高野友和,タカノ　トモカズ,高野友,2,栗東,19760204,2010.0,,,10.0,9.0,8.0,8.0,55.0,1.0,0.0,1.0,0.0,1.0,0.0,18.0,30.0,35.0,23.0,190.0,433,404,365,2840,20260329
10427,0,00000000,高柳瑞樹,タカヤナギ　ミズキ,高柳瑞,1,美浦,19750801,2010.0,,,63.0,2.0,2.0,4.0,51.0,0.0,0.0,0.0,2.0,0.0,0.0,21.0,21.0,16.0,19.0,174.0,254,239,236,2516,20260329
10428,0,00000000,田中剛,タナカ　ツヨシ,田中剛,1,美浦,19610213,2010.0,,,70.0,1.0,5.0,0.0,41.0,0.0,0.0,1.0,2.0,0.0,0.0,64.0,10.0,17.0,10.0,144.0,149,205,178,2505,20260329
10429,0,00000000,千田輝彦,チダ　テルヒコ,千田輝,2,栗東,19690823,2010.0,,,70.0,3.0,4.0,5.0,55.0,0.0,0.0,0.0,0.0,1.0,0.0,42.0,21.0,21.0,24.0,219.0,227,234,243,2950,20260329
10430,0,00000000,角田晃一,ツノダ　コウイチ,角田晃,2,栗東,19701118,2010.0,,,49.0,5.0,2.0,5.0,48.0,0.0,0.0,0.0,2.0,1.0,0.0,33.0,20.0,21.0,18.0,195.0,313,335,322,2839,20260329
10432,0,00000000,牧田和弥,マキタ　カズヤ,牧田和,2,栗東,19720304,2010.0,,,86.0,1.0,2.0,0.0,64.0,1.0,0.0,1.0,4.0,1.0,0.0,38.0,22.0,11.0,14.0,204.0,215,245,239,3203,20260329
10433,0,00000000,大和田成,オオワダ　ナル,大和田,1,美浦,19760428,2011.0,,,54.0,2.0,0.0,3.0,51.0,1.0,0.0,0.0,2.0,0.0,0.0,63.0,10.0,7.0,13.0,206.0,194,199,215,2751,20260329
10434,0,00000000,小野次郎,オノ　ジロウ,小野次,1,美浦,19700801,2011.0,,,64.0,2.0,2.0,3.0,46.0,0.0,0.0,0.0,3.0,1.0,0.0,62.0,9.0,9.0,14.0,174.0,153,166,194,3018,20260329
10435,0,00000000,木村哲也,キムラ　テツヤ,木村哲,1,美浦,19721116,2011.0,,,48.0,3.0,4.0,4.0,30.0,0.0,0.0,1.0,0.0,2.0,2.0,1.0,43.0,33.0,11.0,101.0,448,328,302,1958,20260329
10436,0,00000000,栗田徹,クリタ　トオル,栗田徹,1,美浦,19780316,2011.0,,,9.0,9.0,9.0,11.0,58.0,0.0,0.0,0.0,2.0,1.0,0.0,13.0,26.0,29.0,31.0,226.0,312,301,324,2983,20260329
10437,0,00000000,今野貞一,コンノ　テイイチ,今野貞,2,栗東,19770424,2011.0,,,66.0,3.0,6.0,7.0,46.0,0.0,0.0,0.0,0.0,1.0,0.0,56.0,18.0,15.0,18.0,191.0,248,240,215,2486,20260329
10438,0,00000000,高橋義忠,タカハシ　ヨシタダ,高橋忠,2,栗東,19690503,2011.0,,,36.0,5.0,4.0,3.0,43.0,1.0,1.0,0.0,5.0,0.0,0.0,52.0,17.0,20.0,17.0,194.0,285,245,265,2721,20260329
10439,0,00000000,吉村圭司,ヨシムラ　ケイジ,吉村圭,2,栗東,19720531,2011.0,,,50.0,5.0,2.0,4.0,58.0,0.0,0.0,0.0,0.0,0.0,0.0,66.0,16.0,19.0,11.0,222.0,306,278,268,2610,20260329
10440,0,00000000,蛯名利弘,エビナ　トシヒロ,蛯名利,1,美浦,19610310,2012.0,,,35.0,3.0,3.0,0.0,44.0,1.0,0.0,1.0,5.0,1.0,0.0,84.0,4.0,6.0,7.0,209.0,96,112,132,3020,20260329
10441,0,00000000,金成貴史,カナリ　タカシ,金成貴,1,美浦,19691005,2012.0,,,80.0,1.0,1.0,3.0,63.0,0.0,0.0,0.0,4.0,0.0,0.0,54.0,13.0,12.0,20.0,201.0,230,216,268,2750,20260329
10442,0,00000000,黒岩陽一,クロイワ　ヨウイチ,黒岩陽,1,美浦,19801222,2012.0,,,18.0,6.0,6.0,4.0,57.0,0.0,0.0,0.0,0.0,1.0,0.0,8.0,30.0,12.0,18.0,159.0,211,179,220,2521,20260329
10443,0,00000000,高橋文雅,タカハシ　フミマサ,高橋文,1,美浦,19720428,2012.0,,,78.0,1.0,1.0,3.0,43.0,0.0,0.0,0.0,1.0,0.0,0.0,72.0,8.0,10.0,10.0,212.0,156,188,199,2437,20260329
10444,0,00000000,高橋康之,タカハシ　ヤスユキ,高橋康,2,栗東,19721210,2012.0,,,87.0,2.0,0.0,3.0,65.0,0.0,0.0,0.0,0.0,0.0,0.0,81.0,10.0,7.0,20.0,255.0,129,140,157,2458,20260329
10445,0,00000000,高橋亮,タカハシ　リョウ,高橋亮,2,栗東,19780106,2012.0,,,55.0,4.0,5.0,3.0,47.0,0.0,0.0,0.0,0.0,0.0,0.0,35.0,19.0,22.0,25.0,182.0,236,214,260,2256,20260329
10446,0,00000000,中内田充正,ナカウチダ　ミツマサ,中内田,2,栗東,19781218,2012.0,,,25.0,7.0,5.0,7.0,34.0,0.0,0.0,0.0,1.0,4.0,1.0,3.0,49.0,34.0,25.0,129.0,474,333,276,1625,20260329
10447,0,00000000,浜田多実雄,ハマダ　タミオ,浜田多,2,栗東,19720821,2012.0,,,46.0,5.0,7.0,4.0,59.0,0.0,0.0,0.0,0.0,2.0,0.0,49.0,20.0,20.0,12.0,209.0,210,207,220,2488,20260329
10448,0,00000000,飯田祐史,イイダ　ユウジ,飯田祐,2,栗東,19741118,2013.0,,,62.0,4.0,2.0,3.0,48.0,0.0,0.0,0.0,1.0,0.0,0.0,76.0,12.0,17.0,13.0,184.0,153,176,167,2181,20260329
10449,0,00000000,石橋守,イシバシ　マモル,石橋守,2,栗東,19661023,2013.0,,,63.0,3.0,7.0,10.0,44.0,0.0,0.0,0.0,0.0,2.0,0.0,65.0,16.0,19.0,24.0,194.0,181,181,211,2301,20260329
10450,0,00000000,尾形和幸,オガタ　カズユキ,尾形和,1,美浦,19760504,2013.0,,,49.0,3.0,3.0,3.0,57.0,0.0,1.0,0.0,2.0,0.0,0.0,39.0,14.0,14.0,18.0,215.0,159,156,178,2576,20260329
10451,0,00000000,森田直行,モリタ　ナオユキ,森田直,2,栗東,19611201,2013.0,,,82.0,2.0,3.0,2.0,59.0,0.0,0.0,0.0,2.0,1.0,0.0,85.0,7.0,14.0,11.0,205.0,146,202,189,2613,20260329
10452,0,00000000,和田雄二,ワダ　ユウジ,和田雄,1,美浦,19690814,2013.0,,,85.0,1.0,0.0,0.0,50.0,0.0,0.0,0.0,6.0,0.0,0.0,90.0,3.0,7.0,7.0,220.0,114,122,141,2814,20260329
10453,0,00000000,池添学,イケゾエ　マナブ,池添学,2,栗東,19800902,2014.0,,,37.0,6.0,4.0,6.0,51.0,0.0,0.0,0.0,0.0,2.0,0.0,40.0,21.0,23.0,26.0,210.0,311,257,247,1985,20260329
10454,0,00000000,奥村武,オクムラ　タケシ,奥村武,1,美浦,19760710,2014.0,,,58.0,2.0,3.0,6.0,44.0,0.0,1.0,0.0,2.0,1.0,1.0,34.0,18.0,15.0,17.0,173.0,225,192,196,2115,20260329
10455,0,00000000,奥村豊,オクムラ　ユタカ,奥村豊,2,栗東,19770826,2014.0,,,14.0,8.0,7.0,8.0,58.0,0.0,1.0,0.0,1.0,3.0,0.0,26.0,26.0,20.0,31.0,216.0,241,230,240,2303,20260329
10456,0,00000000,武井亮,タケイ　リョウ,武井亮,1,美浦,19801225,2014.0,,,37.0,4.0,1.0,9.0,55.0,0.0,0.0,0.0,1.0,1.0,0.0,18.0,24.0,25.0,19.0,207.0,249,251,239,2282,20260329
10457,0,00000000,西村真幸,ニシムラ　マサユキ,西村真,2,栗東,19760111,2014.0,,,72.0,3.0,4.0,3.0,67.0,0.0,0.0,0.0,0.0,0.0,0.0,58.0,17.0,14.0,28.0,253.0,272,289,236,2474,20260329
10458,0,00000000,松下武士,マツシタ　タケシ,松下武,2,栗東,19801214,2014.0,,,15.0,8.0,7.0,7.0,52.0,0.0,0.0,0.0,0.0,2.0,1.0,55.0,18.0,15.0,27.0,210.0,223,204,224,2432,20260329
10459,0,00000000,池上昌和,イケガミ　マサカズ,池上和,1,美浦,19741006,2015.0,,,29.0,4.0,8.0,0.0,40.0,0.0,0.0,1.0,3.0,2.0,0.0,48.0,14.0,10.0,17.0,188.0,161,187,176,1957,20260329
10460,0,00000000,斉藤崇史,サイトウ　タカシ,斉藤崇,2,栗東,19820829,2015.0,,,42.0,5.0,7.0,13.0,56.0,0.0,1.0,0.0,4.0,2.0,1.0,2.0,50.0,34.0,20.0,214.0,303,235,224,1834,20260329
10461,0,00000000,竹内正洋,タケウチ　マサヒロ,竹内正,1,美浦,19790111,2015.0,,,40.0,3.0,6.0,5.0,47.0,0.0,0.0,0.0,0.0,0.0,0.0,41.0,15.0,17.0,12.0,197.0,151,181,165,2123,20260329
10462,0,00000000,中舘英二,ナカダテ　エイジ,中舘英,1,美浦,19650722,2015.0,,,10.0,9.0,7.0,5.0,52.0,0.0,0.0,0.0,1.0,2.0,0.0,28.0,19.0,24.0,21.0,195.0,234,236,171,2129,20260329
10463,0,00000000,橋口慎介,ハシグチ　シンスケ,橋口慎,2,栗東,19750331,2015.0,,,24.0,7.0,6.0,8.0,48.0,0.0,0.0,0.0,0.0,1.0,0.0,47.0,20.0,22.0,24.0,183.0,227,218,210,1785,20260329
10464,0,00000000,渡辺薫彦,ワタナベ　クニヒコ,渡辺薫,2,栗東,19750405,2015.0,,,35.0,6.0,7.0,5.0,57.0,0.0,0.0,0.0,1.0,1.0,0.0,50.0,20.0,14.0,15.0,223.0,164,210,196,2052,20260329
10465,0,00000000,青木孝文,アオキ　タカフミ,青木孝,1,美浦,19810923,2016.0,,,86.0,0.0,6.0,0.0,77.0,0.0,0.0,0.0,0.0,0.0,0.0,30.0,17.0,20.0,19.0,239.0,93,133,138,2028,20260329
10466,0,00000000,杉山晴紀,スギヤマ　ハルキ,杉山晴,2,栗東,19811224,2016.0,,,2.0,16.0,15.0,6.0,59.0,0.0,0.0,0.0,0.0,5.0,1.0,1.0,61.0,37.0,39.0,270.0,372,325,261,2224,20260329
10467,0,00000000,寺島良,テラシマ　リョウ,寺島良,2,栗東,19810627,2016.0,,,6.0,11.0,12.0,10.0,57.0,1.0,0.0,0.0,1.0,3.0,0.0,28.0,23.0,23.0,22.0,227.0,252,246,244,2274,20260329
10468,0,00000000,高柳大輔,タカヤナギ　ダイスケ,高柳大,2,栗東,19770607,2017.0,,,22.0,7.0,8.0,5.0,47.0,0.0,1.0,0.0,0.0,1.0,0.0,22.0,26.0,28.0,17.0,168.0,180,180,175,1430,20260329
10469,0,00000000,武幸四郎,タケ　コウシロウ,武幸四,2,栗東,19781103,2017.0,,,7.0,11.0,8.0,6.0,43.0,0.0,0.0,0.0,1.0,6.0,2.0,31.0,23.0,31.0,19.0,171.0,210,203,198,1392,20260329
10470,0,00000000,武英智,タケ　ヒデノリ,武英智,2,栗東,19801231,2017.0,,,13.0,7.0,9.0,9.0,57.0,1.0,1.0,0.0,1.0,4.0,1.0,17.0,27.0,35.0,29.0,237.0,193,219,200,1819,20260329
10471,0,00000000,田中博康,タナカ　ヒロヤス,田中博,1,美浦,19851205,2017.0,,,7.0,10.0,7.0,12.0,27.0,0.0,0.0,0.0,0.0,3.0,1.0,4.0,35.0,34.0,19.0,120.0,232,178,162,1080,20260329
10472,0,00000000,林徹,ハヤシ　トオル,林　徹,1,美浦,19790404,2017.0,,,21.0,5.0,9.0,7.0,37.0,0.0,0.0,0.0,0.0,0.0,0.0,14.0,26.0,15.0,19.0,153.0,163,138,124,1356,20260329
10473,0,00000000,安田翔伍,ヤスダ　ショウゴ,安田翔,2,栗東,19820708,2017.0,,,20.0,8.0,3.0,8.0,52.0,0.0,0.0,0.0,0.0,2.0,1.0,30.0,24.0,14.0,22.0,179.0,181,154,202,1303,20260329
10474,0,00000000,和田勇介,ワダ　ユウスケ,和田勇,1,美浦,19800304,2017.0,,,66.0,2.0,1.0,1.0,57.0,0.0,1.0,0.0,0.0,0.0,0.0,26.0,20.0,20.0,9.0,185.0,113,124,116,1516,20260329
10475,0,00000000,石坂公一,イシザカ　コウイチ,石坂公,2,栗東,19821213,2018.0,,,76.0,2.0,3.0,5.0,54.0,0.0,2.0,0.0,0.0,1.0,0.0,16.0,31.0,25.0,19.0,176.0,148,154,128,1253,20260329
10476,0,00000000,稲垣幸雄,イナガキ　ユキオ,稲垣幸,1,美浦,19771225,2018.0,,,69.0,1.0,6.0,3.0,37.0,0.0,0.0,0.0,0.0,1.0,0.0,37.0,16.0,21.0,15.0,163.0,97,98,88,1014,20260329
10477,0,00000000,上村洋行,ウエムラ　ヒロユキ,上村洋,2,栗東,19731023,2018.0,,,11.0,9.0,7.0,6.0,37.0,0.0,0.0,0.0,0.0,5.0,0.0,6.0,43.0,32.0,20.0,126.0,219,163,136,998,20260329
10478,0,00000000,加藤士津八,カトウ　シヅヤ,加藤士,1,美浦,19850202,2018.0,,,5.0,11.0,4.0,11.0,42.0,0.0,0.0,0.0,0.0,2.0,0.0,27.0,19.0,26.0,27.0,188.0,127,136,145,1368,20260329
10479,0,00000000,坂口智康,サカグチ　トモヤス,坂口智,2,栗東,19810206,2018.0,,,75.0,2.0,6.0,2.0,49.0,0.0,0.0,0.0,4.0,0.0,0.0,54.0,18.0,22.0,17.0,163.0,81,89,86,1236,20260329
10480,0,00000000,小手川準,コテガワ　ヒトシ,小手川,1,美浦,19711116,2019.0,,,25.0,5.0,3.0,2.0,50.0,0.0,0.0,0.0,1.0,0.0,0.0,70.0,9.0,13.0,22.0,218.0,55,83,99,1308,20260329
10481,0,00000000,新谷功一,シンタニ　コウイチ,新谷功,2,栗東,19770308,2019.0,,,28.0,7.0,3.0,4.0,52.0,0.0,0.0,0.0,0.0,0.0,0.0,59.0,17.0,14.0,17.0,185.0,118,111,112,1200,20260329
10482,0,00000000,長谷川浩大,ハセガワ　コウダイ,長谷川,2,栗東,19831119,2019.0,,,41.0,5.0,9.0,5.0,52.0,0.0,0.0,0.0,0.0,0.0,0.0,11.0,33.0,24.0,21.0,171.0,133,125,149,1250,20260329
10483,0,00000000,深山雅史,フカヤマ　マサシ,深山雅,1,美浦,19770208,2019.0,,,57.0,2.0,3.0,3.0,54.0,0.0,2.0,0.0,4.0,0.0,0.0,80.0,4.0,13.0,18.0,181.0,66,76,103,1396,20260329
10484,0,00000000,宮田敬介,ミヤタ　ケイスケ,宮田敬,1,美浦,19801008,2019.0,,,3.0,11.0,10.0,8.0,35.0,0.0,0.0,0.0,2.0,3.0,1.0,7.0,28.0,32.0,26.0,144.0,154,115,116,802,20260329
10485,0,00000000,吉岡辰弥,ヨシオカ　タツヤ,吉岡辰,2,栗東,19760302,2019.0,,,40.0,5.0,9.0,7.0,34.0,0.0,0.0,0.0,0.0,2.0,0.0,19.0,29.0,24.0,29.0,166.0,164,132,126,971,20260329
10486,0,00000000,伊坂重信,イサカ　シゲノブ,伊坂重,1,美浦,19770101,2020.0,,,27.0,5.0,2.0,4.0,49.0,0.0,0.0,0.0,0.0,2.0,0.0,24.0,21.0,15.0,20.0,212.0,62,52,76,1015,20260329
10487,0,00000000,杉山佳明,スギヤマ　ヨシアキ,杉山佳,2,栗東,19831217,2020.0,,,31.0,7.0,2.0,5.0,71.0,0.0,0.0,0.0,0.0,1.0,0.0,39.0,21.0,30.0,30.0,238.0,103,106,127,1209,20260329
10488,0,00000000,鈴木慎太郎,スズキ　シンタロウ,鈴木慎,1,美浦,19781219,2020.0,,,42.0,3.0,5.0,8.0,49.0,0.0,0.0,0.0,2.0,0.0,0.0,38.0,17.0,18.0,24.0,180.0,68,66,91,916,20260329
10489,0,00000000,田中克典,タナカ　カツノリ,田中克,2,栗東,19870812,2020.0,,,16.0,8.0,7.0,5.0,48.0,0.0,0.0,0.0,0.0,0.0,0.0,34.0,22.0,23.0,20.0,171.0,131,107,89,807,20260329
10490,0,00000000,茶木太樹,チャキ　タイキ,茶木太,2,栗東,19831001,2020.0,,,12.0,9.0,5.0,6.0,42.0,0.0,0.0,0.0,0.0,3.0,0.0,63.0,16.0,23.0,13.0,188.0,88,91,82,940,20260329
10491,0,00000000,辻哲英,ツジ　テツヒデ,辻哲英,1,美浦,19800306,2020.0,,,13.0,8.0,2.0,2.0,32.0,0.0,0.0,1.0,3.0,3.0,0.0,32.0,18.0,11.0,21.0,147.0,72,58,84,728,20260329
10492,0,00000000,辻野泰之,ツジノ　ヤスユキ,辻野泰,2,栗東,19810829,2020.0,,,30.0,6.0,1.0,7.0,42.0,1.0,1.0,0.0,0.0,3.0,1.0,27.0,22.0,16.0,24.0,154.0,114,95,99,749,20260329
10493,0,00000000,四位洋文,シイ　ヒロフミ,四位洋,2,栗東,19721130,2020.0,,,17.0,8.0,7.0,4.0,42.0,0.0,0.0,0.0,0.0,4.0,1.0,9.0,35.0,25.0,18.0,157.0,116,115,95,789,20260329
10494,0,00000000,小林真也,コバヤシ　シンヤ,小林真,2,栗東,19810217,2021.0,,,65.0,3.0,7.0,4.0,53.0,0.0,0.0,0.0,2.0,1.0,0.0,15.0,31.0,19.0,23.0,183.0,89,76,83,878,20260329
10495,0,00000000,中村直也,ナカムラ　ナオヤ,中村直,2,栗東,19780820,2021.0,,,32.0,6.0,11.0,6.0,48.0,0.0,0.0,0.0,0.0,1.0,0.0,24.0,25.0,28.0,26.0,202.0,80,83,86,786,20260329
10496,0,00000000,西田雄一郎,ニシダ　ユウイチロウ,西田雄,1,美浦,19741014,2021.0,,,50.0,2.0,3.0,3.0,57.0,1.0,0.0,1.0,1.0,2.0,0.0,31.0,18.0,15.0,10.0,201.0,44,67,53,758,20260329
10497,0,00000000,畑端省吾,ハタバタ　ショウゴ,畑端省,2,栗東,19820330,2021.0,,,88.0,1.0,5.0,3.0,59.0,0.0,0.0,0.0,2.0,1.0,0.0,89.0,6.0,16.0,14.0,198.0,38,71,56,851,20260329
10498,0,00000000,堀内岳志,ホリウチ　タケシ,堀内岳,1,美浦,19731005,2021.0,,,61.0,2.0,4.0,3.0,54.0,0.0,0.0,0.0,4.0,0.0,0.0,77.0,6.0,13.0,21.0,218.0,25,40,58,818,20260329
10499,0,00000000,村田一誠,ムラタ　イッセイ,村田一,1,美浦,19781220,2021.0,,,14.0,6.0,5.0,4.0,38.0,1.0,1.0,0.0,0.0,3.0,1.0,55.0,12.0,12.0,19.0,176.0,36,47,52,740,20260329
10500,0,00000000,蛯名正義,エビナ　マサヨシ,蛯名正,1,美浦,19690319,2021.0,,,28.0,3.0,10.0,4.0,40.0,1.0,1.0,0.0,0.0,1.0,0.0,33.0,18.0,28.0,20.0,149.0,67,81,59,533,20260329
10501,0,00000000,上原佑紀,ウエハラ　ユウキ,上原佑,1,美浦,19900129,2022.0,,,8.0,10.0,5.0,8.0,39.0,0.0,0.0,0.0,0.0,4.0,1.0,11.0,27.0,36.0,21.0,166.0,79,79,61,478,20260329
10502,0,00000000,緒方努,オガタ　ツトム,緒方努,2,栗東,19781222,2022.0,,,57.0,4.0,4.0,6.0,57.0,0.0,0.0,0.0,0.0,0.0,0.0,78.0,11.0,15.0,19.0,203.0,26,39,42,616,20260329
10503,0,00000000,小栗実,オグリ　ミノル,小栗実,2,栗東,19870204,2022.0,,,44.0,5.0,7.0,10.0,54.0,0.0,0.0,0.0,3.0,2.0,0.0,29.0,23.0,20.0,22.0,203.0,65,55,61,574,20260329
10504,0,00000000,嘉藤貴行,カトウ　タカユキ,嘉藤貴,1,美浦,19811105,2022.0,,,30.0,4.0,3.0,6.0,51.0,0.0,1.0,0.0,1.0,0.0,0.0,40.0,16.0,23.0,23.0,185.0,71,68,69,613,20260329
10505,0,00000000,西園翔太,ニシゾノ　ショウタ,西園翔,2,栗東,19900308,2022.0,,,34.0,6.0,7.0,5.0,55.0,0.0,0.0,0.0,0.0,1.0,0.0,14.0,32.0,25.0,22.0,192.0,65,75,56,555,20260329
10506,0,00000000,小椋研介,オグラ　ケンスケ,小椋研,2,栗東,19820130,2023.0,,,85.0,2.0,2.0,4.0,63.0,0.0,0.0,0.0,1.0,0.0,0.0,72.0,14.0,19.0,12.0,212.0,19,26,22,424,20260329
10507,0,00000000,河嶋宏樹,カワシマ　ヒロキ,河嶋宏,2,栗東,19841024,2023.0,,,43.0,5.0,8.0,10.0,61.0,0.0,0.0,0.0,0.0,1.0,0.0,62.0,15.0,26.0,19.0,241.0,28,50,47,464,20260329
10508,0,00000000,千葉直人,チバ　ナオト,千葉直,1,美浦,19860730,2023.0,,,60.0,2.0,4.0,4.0,52.0,0.0,0.0,0.0,0.0,0.0,0.0,29.0,17.0,19.0,30.0,180.0,27,31,44,357,20260329
10509,0,00000000,藤野健太,フジノ　ケンタ,藤野健,2,栗東,19780321,2023.0,,,81.0,2.0,3.0,3.0,65.0,0.0,0.0,0.0,6.0,2.0,0.0,79.0,10.0,14.0,12.0,201.0,18,26,20,416,20260329
10510,0,00000000,森一誠,モリ　カズトモ,森一誠,1,美浦,19770928,2023.0,,,52.0,3.0,1.0,1.0,42.0,0.0,0.0,0.0,0.0,1.0,0.0,15.0,26.0,10.0,15.0,120.0,44,31,24,250,20260329
10511,0,00000000,矢嶋大樹,ヤジマ　ダイキ,矢嶋大,1,美浦,19790802,2023.0,,,31.0,4.0,3.0,3.0,51.0,0.0,1.0,0.0,1.0,1.0,0.0,67.0,9.0,19.0,12.0,181.0,19,24,24,395,20260329
10512,0,00000000,福永祐一,フクナガ　ユウイチ,福永祐,2,栗東,19761209,2023.0,,,5.0,15.0,11.0,6.0,34.0,0.0,0.0,0.0,0.0,5.0,1.0,20.0,29.0,21.0,31.0,150.0,61,51,55,282,20260329
10513,0,00000000,浅利英明,アサリ　ヒデアキ,浅利英,1,美浦,19851021,2024.0,,,87.0,0.0,3.0,1.0,31.0,0.0,0.0,0.0,3.0,0.0,0.0,88.0,5.0,5.0,8.0,90.0,5,8,9,121,20260329
10514,0,00000000,佐藤悠太,サトウ　ユウタ,佐藤悠,2,栗東,19880503,2024.0,,,51.0,4.0,10.0,7.0,57.0,0.0,0.0,1.0,0.0,0.0,0.0,41.0,20.0,19.0,15.0,153.0,24,29,22,210,20260329
10515,0,00000000,高橋一哉,タカハシ　カズヤ,高橋一,2,栗東,19860304,2024.0,,,27.0,7.0,5.0,3.0,50.0,0.0,0.0,0.0,1.0,2.0,0.0,64.0,15.0,20.0,16.0,207.0,28,29,26,404,20260329
10516,0,00000000,田中勝春,タナカ　カツハル,田中勝,1,美浦,19710225,2024.0,,,38.0,3.0,1.0,1.0,30.0,1.0,0.0,0.0,4.0,1.0,0.0,81.0,5.0,9.0,10.0,104.0,8,10,11,134,20260329
10517,0,00000000,柄崎将寿,ツカザキ　マサトシ,柄崎将,1,美浦,19821227,2024.0,,,81.0,1.0,0.0,1.0,32.0,0.0,1.0,0.0,1.0,0.0,0.0,79.0,6.0,4.0,2.0,90.0,7,4,3,122,20260329
10518,0,00000000,東田明士,ヒガシダ　アキシ,東田明,2,栗東,19880927,2024.0,,,67.0,3.0,5.0,9.0,60.0,0.0,0.0,0.0,3.0,1.0,1.0,68.0,15.0,10.0,14.0,178.0,18,15,23,238,20260329
10519,0,00000000,前川恭子,マエカワ　キョウコ,前川恭,2,栗東,19770409,2024.0,,,59.0,2.0,2.0,2.0,67.0,2.0,1.0,0.0,1.0,1.0,0.0,87.0,7.0,17.0,6.0,194.0,9,19,8,261,20260329
10520,0,00000000,宮地貴稔,ミヤジ　タカトシ,宮地貴,2,栗東,19801015,2024.0,,,77.0,2.0,5.0,5.0,58.0,0.0,0.0,0.0,2.0,0.0,0.0,43.0,17.0,15.0,16.0,167.0,20,24,25,254,20260329
10521,0,00000000,秋山真一郎,アキヤマ　シンイチロウ,秋山真,2,栗東,19790209,2024.0,,,73.0,3.0,1.0,3.0,70.0,0.0,0.0,1.0,3.0,1.0,0.0,84.0,9.0,8.0,7.0,170.0,12,9,10,240,20260329
10522,0,00000000,秋本大介,アキモト　ダイスケ,秋本大,1,美浦,19810901,2025.0,,,96.0,0.0,0.0,0.0,10.0,0.0,0.0,0.0,1.0,0.0,0.0,,,,,,0,0,0,10,20260329
10523,0,00000000,井上智史,イノウエ　サトシ,井上智,2,栗東,19811024,2025.0,,,71.0,3.0,3.0,2.0,35.0,0.0,1.0,1.0,2.0,2.0,0.0,80.0,11.0,12.0,18.0,110.0,14,15,20,145,20260329
10524,0,00000000,加藤公太,カトウ　コウタ,加藤公,2,栗東,19721226,2025.0,,,68.0,3.0,5.0,2.0,42.0,0.0,0.0,0.0,2.0,1.0,0.0,86.0,8.0,6.0,13.0,130.0,11,11,15,172,20260329
10525,0,00000000,柴田卓,シバタ　スグル,柴田卓,2,栗東,19800518,2025.0,,,91.0,1.0,0.0,1.0,15.0,0.0,0.0,0.0,0.0,0.0,0.0,,,,,,1,0,1,15,20260329
10526,0,00000000,手塚貴徳,テヅカ　タカノリ,手塚徳,1,美浦,19920625,2025.0,,,76.0,1.0,2.0,0.0,7.0,0.0,0.0,0.0,0.0,0.0,0.0,,,,,,1,2,0,7,20260329
10527,0,00000000,橋田宜長,ハシダ　ヨシタケ,橋田宜,2,栗東,19881004,2025.0,,,90.0,1.0,3.0,1.0,8.0,0.0,0.0,0.0,0.0,1.0,1.0,,,,,,1,3,1,8,20260329
10528,0,00000000,平岩大典,ヒライワ　ダイスケ,平岩大,1,美浦,19830331,2025.0,,,95.0,0.0,0.0,0.0,8.0,0.0,0.0,0.0,0.0,0.0,0.0,,,,,,0,0,0,8,20260329
10529,0,00000000,松尾卓哉,マツオ　タクヤ,松尾卓,1,美浦,19811007,2025.0,,,94.0,0.0,0.0,0.0,7.0,0.0,0.0,0.0,1.0,0.0,0.0,,,,,,0,0,0,7,20260329
10530,0,00000000,室井潔,ムロイ　キヨシ,室井潔,1,美浦,19750723,2025.0,,,97.0,0.0,0.0,0.0,13.0,0.0,0.0,0.0,0.0,0.0,0.0,,,,,,0,0,0,13,20260329
30571,0,00000000,吉田直弘,ヨシダ　ナオヒロ,吉田直,2,栗東,19710614,2007.0,,,74.0,3.0,0.0,6.0,53.0,0.0,0.0,0.0,1.0,1.0,0.0,75.0,11.0,18.0,16.0,180.0,314,332,345,3626,20260329
