race_id,category,value
202609010901,このコースで有利な枠順,5枠6枠4枠
202609010901,このコースで有利な脚質,逃げ
202609010901,このコースが得意な騎手,武豊
202609010901,このコースが得意な調教師,松永幹夫
202609010901,このコースに実績がある種牡馬,コントレイル
202609010901,このコースに実績がある母父,Medaglia d
202609010901,このコースが得意な馬,9ミルボ
202609010901,この距離が得意な馬,4ストリ9ミルボ
202609010901,この競馬場が得意な馬,9ミルボ
202609010901,今回の馬場状態が得意な馬,9ミルボ
202609010901,今回のレース間隔で実績がある馬,推奨なし
202609010901,今回の調教評価で実績がある馬,4ストリ9ミルボ
202609010901,今回のオッズで期待できる騎手,武豊
202609010901,今回の調教師と相性の良い騎手,松山弘平
202609010901,今回の馬主と相性の良い騎手,藤懸貴志
202609010901,race_info,"09:50発走 /ダ1800m(右)
/ 天候:晴/ 馬場:稍"
202609010901,race_detail,"1回阪神9日目サラ系３歳未勝利牝[指]馬齢10頭本賞金:590,240,150,89,59万円"
202609010902,このコースで有利な枠順,7枠8枠4枠
202609010902,このコースで有利な脚質,逃げ
202609010902,このコースが得意な騎手,松山弘平
202609010902,このコースが得意な調教師,上原佑紀
202609010902,このコースに実績がある種牡馬,カリフォルニアクローム
202609010902,このコースに実績がある母父,ジャイアントレッカー
202609010902,このコースが得意な馬,10ラヴネ
202609010902,この距離が得意な馬,10ラヴネ
202609010902,この競馬場が得意な馬,10ラヴネ
202609010902,今回の馬場状態が得意な馬,推奨なし
202609010902,今回のレース間隔で実績がある馬,10ラヴネ
202609010902,今回の調教評価で実績がある馬,10ラヴネ
202609010902,今回のオッズで期待できる騎手,松山弘平
202609010902,今回の調教師と相性の良い騎手,松山弘平
202609010902,今回の馬主と相性の良い騎手,松山弘平
202609010902,race_info,"10:20発走 /ダ1200m(右)
/ 天候:晴/ 馬場:稍"
202609010902,race_detail,"1回阪神9日目サラ系３歳未勝利[指]馬齢13頭本賞金:590,240,150,89,59万円"
202609010903,このコースで有利な枠順,6枠8枠5枠
202609010903,このコースで有利な脚質,先行
202609010903,このコースが得意な騎手,坂井瑠星
202609010903,このコースが得意な調教師,田中克典
202609010903,このコースに実績がある種牡馬,クリソベリル
202609010903,このコースに実績がある母父,Rockport H
202609010903,このコースが得意な馬,4クラッ3キング5ハイド
202609010903,この距離が得意な馬,4クラッ3キング5ハイド
202609010903,この競馬場が得意な馬,4クラッ3キング5ハイド
202609010903,今回の馬場状態が得意な馬,5ハイド7フィサ
202609010903,今回のレース間隔で実績がある馬,推奨なし
202609010903,今回の調教評価で実績がある馬,9ドンテ4クラッ5ハイド
202609010903,今回のオッズで期待できる騎手,坂井瑠星
202609010903,今回の調教師と相性の良い騎手,坂井瑠星
202609010903,今回の馬主と相性の良い騎手,丹内祐次
202609010903,race_info,"10:50発走 /ダ2000m(右)
/ 天候:晴/ 馬場:稍"
202609010903,race_detail,"1回阪神9日目サラ系３歳未勝利[指]馬齢10頭本賞金:590,240,150,89,59万円"
202609010904,このコースで有利な枠順,8枠7枠5枠
202609010904,このコースで有利な脚質,逃げ
202609010904,このコースが得意な騎手,横山和生
202609010904,このコースが得意な調教師,田中克典
202609010904,このコースに実績がある種牡馬,ドレフォン
202609010904,このコースに実績がある母父,Uncle Mo
202609010904,このコースが得意な馬,1デルニ
202609010904,この距離が得意な馬,14プリン11リビン15ポッド
202609010904,この競馬場が得意な馬,1デルニ
202609010904,今回の馬場状態が得意な馬,11リビン
202609010904,今回のレース間隔で実績がある馬,10スマッ1デルニ
202609010904,今回の調教評価で実績がある馬,14プリン10スマッ1デルニ
202609010904,今回のオッズで期待できる騎手,松山弘平
202609010904,今回の調教師と相性の良い騎手,幸英明
202609010904,今回の馬主と相性の良い騎手,武豊
202609010904,race_info,"11:20発走 /ダ1400m(右)
/ 天候:晴/ 馬場:稍"
202609010904,race_detail,"1回阪神9日目サラ系３歳未勝利[指]馬齢15頭本賞金:590,240,150,89,59万円"
202609010905,このコースで有利な枠順,4枠3枠2枠
202609010905,このコースで有利な脚質,逃げ
202609010905,このコースが得意な騎手,坂井瑠星
202609010905,このコースが得意な調教師,東田明士
202609010905,このコースに実績がある種牡馬,インディチャンプ
202609010905,このコースに実績がある母父,Hawk Wing
202609010905,このコースが得意な馬,12ハヤブ3フェル
202609010905,この距離が得意な馬,14ソルト3フェル12ハヤブ
202609010905,この競馬場が得意な馬,12ハヤブ3フェル
202609010905,今回の馬場状態が得意な馬,14ソルト3フェル12ハヤブ
202609010905,今回のレース間隔で実績がある馬,15テイエ
202609010905,今回の調教評価で実績がある馬,14ソルト12ハヤブ6タイム
202609010905,今回のクッション値が得意な馬,推奨なし
202609010905,今回のオッズで期待できる騎手,坂井瑠星
202609010905,今回の調教師と相性の良い騎手,吉田隼人
202609010905,今回の馬主と相性の良い騎手,丹内祐次
202609010905,race_info,"12:10発走 /芝1600m(右 外 A)
/ 天候:晴/ 馬場:良"
202609010905,race_detail,"1回阪神9日目サラ系３歳未勝利[指]馬齢18頭本賞金:590,240,150,89,59万円"
202609010906,このコースで有利な枠順,8枠7枠5枠
202609010906,このコースで有利な脚質,逃げ
202609010906,このコースが得意な騎手,坂井瑠星
202609010906,このコースが得意な調教師,高橋一哉
202609010906,このコースに実績がある種牡馬,アルバート
202609010906,このコースに実績がある母父,ストラヴィンスキー
202609010906,このコースが得意な馬,13ジョア6メイシ7オプテ
202609010906,この距離が得意な馬,5ケブラ7オプテ8ハグレ
202609010906,この競馬場が得意な馬,13ジョア6メイシ7オプテ
202609010906,今回の馬場状態が得意な馬,14エレガ2ブロン5ケブラ
202609010906,今回のレース間隔で実績がある馬,12エブリ
202609010906,今回の調教評価で実績がある馬,2ブロン1エシェ6メイシ
202609010906,今回のオッズで期待できる騎手,古川吉洋
202609010906,今回の調教師と相性の良い騎手,松山弘平
202609010906,今回の馬主と相性の良い騎手,松山弘平
202609010906,race_info,"12:40発走 /ダ1400m(右)
/ 天候:晴/ 馬場:良"
202609010906,race_detail,"1回阪神9日目サラ系３歳１勝クラス(混)[指]馬齢16頭本賞金:820,330,210,120,82万円"
202609010907,このコースで有利な枠順,5枠6枠4枠
202609010907,このコースで有利な脚質,逃げ
202609010907,このコースが得意な騎手,坂井瑠星
202609010907,このコースが得意な調教師,辻野泰之
202609010907,このコースに実績がある種牡馬,シニスターミニスター
202609010907,このコースに実績がある母父,ネオユニヴァース
202609010907,このコースが得意な馬,4アロマ8ラテラ
202609010907,この距離が得意な馬,4アロマ8ラテラ5ウィン
202609010907,この競馬場が得意な馬,4アロマ11バシリ8ラテラ
202609010907,今回の馬場状態が得意な馬,7ベルピ6ドレア9ガイラ
202609010907,今回のレース間隔で実績がある馬,6ドレア11バシリ8ラテラ
202609010907,今回の調教評価で実績がある馬,11バシリ8ラテラ5ウィン
202609010907,今回のオッズで期待できる騎手,坂井瑠星
202609010907,今回の調教師と相性の良い騎手,松山弘平
202609010907,今回の馬主と相性の良い騎手,松山弘平
202609010907,race_info,"13:10発走 /ダ1800m(右)
/ 天候:晴/ 馬場:良"
202609010907,race_detail,"1回阪神9日目サラ系４歳以上１勝クラス牝[指]定量11頭本賞金:820,330,210,120,82万円"
202609010908,このコースで有利な枠順,5枠6枠4枠
202609010908,このコースで有利な脚質,逃げ
202609010908,このコースが得意な騎手,武豊
202609010908,このコースが得意な調教師,井上智史
202609010908,このコースに実績がある種牡馬,ルヴァンスレーヴ
202609010908,このコースに実績がある母父,キングカメハメハ
202609010908,このコースが得意な馬,5サンラ2マハナ7グレイ
202609010908,この距離が得意な馬,5サンラ9ドラゴ12マイテ
202609010908,この競馬場が得意な馬,12マイテ2マハナ5サンラ
202609010908,今回の馬場状態が得意な馬,11ブルッ12マイテ9ドラゴ
202609010908,今回のレース間隔で実績がある馬,10ジュン7グレイ2マハナ
202609010908,今回の調教評価で実績がある馬,7グレイ11ブルッ12マイテ
202609010908,今回のオッズで期待できる騎手,武豊
202609010908,今回の調教師と相性の良い騎手,加藤祥太
202609010908,今回の馬主と相性の良い騎手,加藤祥太
202609010908,race_info,"13:45発走 /ダ1800m(右)
/ 天候:晴/ 馬場:良"
202609010908,race_detail,"1回阪神9日目サラ系４歳以上２勝クラス[指]定量12頭本賞金:1190,480,300,180,119万円"
202609010909,このコースで有利な枠順,2枠4枠5枠
202609010909,このコースで有利な脚質,先行
202609010909,このコースが得意な騎手,松山弘平
202609010909,このコースが得意な調教師,池江泰寿
202609010909,このコースに実績がある種牡馬,ゴールドシップ
202609010909,このコースに実績がある母父,Dance Brig
202609010909,このコースが得意な馬,3ファー
202609010909,この距離が得意な馬,8サトノ6ゴージ4ライフ
202609010909,この競馬場が得意な馬,8サトノ3ファー4ライフ
202609010909,今回の馬場状態が得意な馬,2タイセ8サトノ1コリカ
202609010909,今回のレース間隔で実績がある馬,3ファー5ウイン4ライフ
202609010909,今回の調教評価で実績がある馬,6ゴージ2タイセ7ハイラ
202609010909,今回の厩舎コメント評価で実績がある馬,8サトノ2タイセ6ゴージ
202609010909,今回のクッション値が得意な馬,推奨なし
202609010909,今回のオッズで期待できる騎手,松山弘平
202609010909,今回の調教師と相性の良い騎手,北村友一
202609010909,今回の馬主と相性の良い騎手,横山和生
202609010909,race_info,"14:20発走 /芝2600m(右 外 A)
/ 天候:晴/ 馬場:良"
202609010909,race_detail,"1回阪神9日目サラ系４歳以上２勝クラス(混)(特指)定量8頭本賞金:1580,630,400,240,158万円"
202609010910,このコースで有利な枠順,7枠3枠4枠
202609010910,このコースで有利な脚質,逃げ
202609010910,このコースが得意な騎手,北村友一
202609010910,このコースが得意な調教師,本間忍
202609010910,このコースに実績がある種牡馬,Siyouni
202609010910,このコースに実績がある母父,Solon
202609010910,このコースが得意な馬,7ルーフ5スーサ11バンド
202609010910,この距離が得意な馬,4セシリ6サウス12ドゥア
202609010910,この競馬場が得意な馬,7ルーフ3ブリッ5スーサ
202609010910,今回の馬場状態が得意な馬,6サウス10ナムラ9モーデ
202609010910,今回のレース間隔で実績がある馬,5スーサ9モーデ16ポエッ
202609010910,今回の調教評価で実績がある馬,12ドゥア6サウス10ナムラ
202609010910,今回の厩舎コメント評価で実績がある馬,11バンド12ドゥア6サウス
202609010910,今回のクッション値が得意な馬,推奨なし
202609010910,今回のオッズで期待できる騎手,酒井学
202609010910,今回の調教師と相性の良い騎手,坂井瑠星
202609010910,今回の馬主と相性の良い騎手,古川吉洋
202609010910,race_info,"14:55発走 /芝1200m(右 A)
/ 天候:晴/ 馬場:良"
202609010910,race_detail,"1回阪神9日目サラ系４歳以上３勝クラス(混)[指]ハンデ16頭本賞金:1870,750,470,280,187万円"
202609010911,このコースで有利な枠順,5枠1枠8枠
202609010911,このコースで有利な脚質,逃げ
202609010911,このコースが得意な騎手,横山和生
202609010911,このコースが得意な調教師,杉山晴紀
202609010911,このコースに実績がある種牡馬,ベンバトル
202609010911,このコースに実績がある母父,Candy Ride
202609010911,このコースが得意な馬,3コロナ4ショウ5エチゴ
202609010911,この距離が得意な馬,3コロナ9ロード1マテン
202609010911,この競馬場が得意な馬,12キッコ3コロナ4ショウ
202609010911,今回の馬場状態が得意な馬,8エイシ9ロード3コロナ
202609010911,今回のレース間隔で実績がある馬,6ブラッ
202609010911,今回の調教評価で実績がある馬,3コロナ9ロード7サヴォ
202609010911,今回の厩舎コメント評価で実績がある馬,9ロード5エチゴ12キッコ
202609010911,今回のクッション値が得意な馬,推奨なし
202609010911,今回のオッズで期待できる騎手,横山和生
202609010911,今回の調教師と相性の良い騎手,横山和生
202609010911,今回の馬主と相性の良い騎手,横山和生
202609010911,race_info,"15:30発走 /芝2000m(右 A)
/ 天候:晴/ 馬場:良"
202609010911,race_detail,"1回阪神9日目サラ系３歳オープン(国際)(指)馬齢12頭本賞金:2100,840,530,320,210万円"
202609010912,このコースで有利な枠順,7枠8枠4枠
202609010912,このコースで有利な脚質,逃げ
202609010912,このコースが得意な騎手,松山弘平
202609010912,このコースが得意な調教師,大橋勇樹
202609010912,このコースに実績がある種牡馬,カリフォルニアクローム
202609010912,このコースに実績がある母父,アグネスタキオン
202609010912,このコースが得意な馬,8タイセ7ロード12エブラ
202609010912,この距離が得意な馬,8タイセ7ロード11メイシ
202609010912,この競馬場が得意な馬,7ロード8タイセ12エブラ
202609010912,今回の馬場状態が得意な馬,15ディー7ロード14バトン
202609010912,今回のレース間隔で実績がある馬,15ディー14バトン7ロード
202609010912,今回の調教評価で実績がある馬,7ロード5ダイヤ15ディー
202609010912,今回のオッズで期待できる騎手,坂井瑠星
202609010912,今回の調教師と相性の良い騎手,坂井瑠星
202609010912,今回の馬主と相性の良い騎手,武豊
202609010912,race_info,"16:10発走 /ダ1200m(右)
/ 天候:晴/ 馬場:良"
202609010912,race_detail,"1回阪神9日目サラ系４歳以上１勝クラス[指]定量15頭本賞金:820,330,210,120,82万円"
202606020501,このコースで有利な枠順,8枠7枠4枠
202606020501,このコースで有利な脚質,先行
202606020501,このコースが得意な騎手,戸崎圭太
202606020501,このコースが得意な調教師,田中博康
202606020501,このコースに実績がある種牡馬,ダノンレジェンド
202606020501,このコースに実績がある母父,Awesome Ag
202606020501,このコースが得意な馬,7アース8エコロ15フライ
202606020501,この距離が得意な馬,7アース3タイセ8エコロ
202606020501,この競馬場が得意な馬,7アース8エコロ15フライ
202606020501,今回の馬場状態が得意な馬,6アスコ7アース8エコロ
202606020501,今回のレース間隔で実績がある馬,8エコロ
202606020501,今回の調教評価で実績がある馬,7アース8エコロ
202606020501,今回のオッズで期待できる騎手,佐々木大輔
202606020501,今回の調教師と相性の良い騎手,戸崎圭太
202606020501,今回の馬主と相性の良い騎手,戸崎圭太
202606020501,race_info,"10:05発走 /ダ1800m(右)
/ 天候:晴/ 馬場:良"
202606020501,race_detail,"2回中山5日目サラ系３歳未勝利牝[指]馬齢15頭本賞金:590,240,150,89,59万円"
202606020502,このコースで有利な枠順,8枠7枠4枠
202606020502,このコースで有利な脚質,先行
202606020502,このコースが得意な騎手,戸崎圭太
202606020502,このコースが得意な調教師,斎藤誠
202606020502,このコースに実績がある種牡馬,クリソベリル
202606020502,このコースに実績がある母父,ヤマニンセラフィム
202606020502,このコースが得意な馬,1ジェネ5ミスタ9コパノ
202606020502,この距離が得意な馬,1ジェネ5ミスタ9コパノ
202606020502,この競馬場が得意な馬,1ジェネ5ミスタ9コパノ
202606020502,今回の馬場状態が得意な馬,1ジェネ5ミスタ7セブン
202606020502,今回のレース間隔で実績がある馬,7セブン3ドゥー
202606020502,今回の調教評価で実績がある馬,1ジェネ9コパノ6エオリ
202606020502,今回のオッズで期待できる騎手,戸崎圭太
202606020502,今回の調教師と相性の良い騎手,田辺裕信
202606020502,今回の馬主と相性の良い騎手,戸崎圭太
202606020502,race_info,"10:35発走 /ダ1800m(右)
/ 天候:晴/ 馬場:良"
202606020502,race_detail,"2回中山5日目サラ系３歳未勝利[指]馬齢16頭本賞金:590,240,150,89,59万円"
202606020503,このコースで有利な枠順,6枠8枠7枠
202606020503,このコースで有利な脚質,逃げ
202606020503,このコースが得意な騎手,横山武史
202606020503,このコースが得意な調教師,田島俊明
202606020503,このコースに実績がある種牡馬,デクラレーションオブウォー
202606020503,このコースに実績がある母父,ルーラーシップ
202606020503,このコースが得意な馬,4ミルト9エコロ
202606020503,この距離が得意な馬,4ミルト9エコロ16ベアゴ
202606020503,この競馬場が得意な馬,4ミルト9エコロ
202606020503,今回の馬場状態が得意な馬,13ロイヤ9エコロ16ベアゴ
202606020503,今回のレース間隔で実績がある馬,13ロイヤ
202606020503,今回の調教評価で実績がある馬,13ロイヤ9エコロ15ゴール
202606020503,今回のオッズで期待できる騎手,横山武史
202606020503,今回の調教師と相性の良い騎手,原優介
202606020503,今回の馬主と相性の良い騎手,横山武史
202606020503,race_info,"11:05発走 /ダ1200m(右)
/ 天候:晴/ 馬場:良"
202606020503,race_detail,"2回中山5日目サラ系３歳未勝利[指]馬齢16頭本賞金:590,240,150,89,59万円"
202606020504,このコースで有利な枠順,8枠7枠4枠
202606020504,このコースで有利な脚質,先行
202606020504,このコースが得意な騎手,Ｃ．ルメール
202606020504,このコースが得意な調教師,田村康仁
202606020504,このコースに実績がある種牡馬,クリソベリル
202606020504,このコースに実績がある母父,Bernardini
202606020504,このコースが得意な馬,推奨なし
202606020504,この距離が得意な馬,8イナズ
202606020504,この競馬場が得意な馬,推奨なし
202606020504,今回の馬場状態が得意な馬,8イナズ13メディ
202606020504,今回のレース間隔で実績がある馬,8イナズ
202606020504,今回の調教評価で実績がある馬,8イナズ13メディ
202606020504,今回のオッズで期待できる騎手,Ｃ．ルメール
202606020504,今回の調教師と相性の良い騎手,Ｃ．ルメール
202606020504,今回の馬主と相性の良い騎手,三浦皇成
202606020504,race_info,"11:35発走 /ダ1800m(右)
/ 天候:晴/ 馬場:良"
202606020504,race_detail,"2回中山5日目サラ系３歳未勝利[指]馬齢16頭本賞金:590,240,150,89,59万円"
202606020505,このコースで有利な枠順,4枠1枠3枠
202606020505,このコースで有利な脚質,逃げ
202606020505,このコースが得意な騎手,Ｃ．ルメール
202606020505,このコースが得意な調教師,田中博康
202606020505,このコースに実績がある種牡馬,キタサンブラック
202606020505,このコースに実績がある母父,フジキセキ
202606020505,このコースが得意な馬,推奨なし
202606020505,この距離が得意な馬,推奨なし
202606020505,この競馬場が得意な馬,推奨なし
202606020505,今回の馬場状態が得意な馬,11アイム9レピュ4ヤマニ
202606020505,今回のレース間隔で実績がある馬,11アイム9レピュ
202606020505,今回の調教評価で実績がある馬,11アイム9レピュ
202606020505,今回のクッション値が得意な馬,推奨なし
202606020505,今回のオッズで期待できる騎手,Ｃ．ルメール
202606020505,今回の調教師と相性の良い騎手,三浦皇成
202606020505,今回の馬主と相性の良い騎手,Ｃ．ルメール
202606020505,race_info,"12:25発走 /芝1600m(右 外 A)
/ 天候:晴/ 馬場:良"
202606020505,race_detail,"2回中山5日目サラ系３歳未勝利(混)[指]馬齢16頭本賞金:590,240,150,89,59万円"
202606020506,このコースで有利な枠順,8枠7枠4枠
202606020506,このコースで有利な脚質,先行
202606020506,このコースが得意な騎手,Ｃ．ルメール
202606020506,このコースが得意な調教師,田村康仁
202606020506,このコースに実績がある種牡馬,ダノンスマッシュ
202606020506,このコースに実績がある母父,ドゥラメンテ
202606020506,このコースが得意な馬,2デルマ9パッセ16ベルウ
202606020506,この距離が得意な馬,1システ11チェリ2デルマ
202606020506,この競馬場が得意な馬,2デルマ9パッセ16ベルウ
202606020506,今回の馬場状態が得意な馬,15エスシ11チェリ2デルマ
202606020506,今回のレース間隔で実績がある馬,14オトシ5ホール
202606020506,今回の調教評価で実績がある馬,13ステラ1システ15エスシ
202606020506,今回のオッズで期待できる騎手,丹内祐次
202606020506,今回の調教師と相性の良い騎手,丹内祐次
202606020506,今回の馬主と相性の良い騎手,遠藤汰月
202606020506,race_info,"12:55発走 /ダ1800m(右)
/ 天候:晴/ 馬場:良"
202606020506,race_detail,"2回中山5日目サラ系３歳１勝クラス(特指)馬齢16頭本賞金:820,330,210,120,82万円"
202606020507,このコースで有利な枠順,6枠4枠5枠
202606020507,このコースで有利な脚質,逃げ
202606020507,このコースが得意な騎手,Ｃ．ルメール
202606020507,このコースが得意な調教師,木村哲也
202606020507,このコースに実績がある種牡馬,ミッキーアイル
202606020507,このコースに実績がある母父,Giant's Ca
202606020507,このコースが得意な馬,4キング9トラス
202606020507,この距離が得意な馬,4キング9トラス
202606020507,この競馬場が得意な馬,7ノクタ4キング9トラス
202606020507,今回の馬場状態が得意な馬,7ノクタ1ダノン6オリオ
202606020507,今回のレース間隔で実績がある馬,10ヴァレ9トラス2ペネト
202606020507,今回の調教評価で実績がある馬,7ノクタ10ヴァレ6オリオ
202606020507,今回のクッション値が得意な馬,推奨なし
202606020507,今回のオッズで期待できる騎手,Ｃ．ルメール
202606020507,今回の調教師と相性の良い騎手,Ｃ．ルメール
202606020507,今回の馬主と相性の良い騎手,Ｃ．ルメール
202606020507,race_info,"13:30発走 /芝2500m(右 A)
/ 天候:晴/ 馬場:良"
202606020507,race_detail,"2回中山5日目サラ系４歳以上１勝クラス(混)[指]定量10頭本賞金:820,330,210,120,82万円"
202606020508,このコースで有利な枠順,6枠8枠7枠
202606020508,このコースで有利な脚質,逃げ
202606020508,このコースが得意な騎手,横山武史
202606020508,このコースが得意な調教師,大竹正博
202606020508,このコースに実績がある種牡馬,ミスターメロディ
202606020508,このコースに実績がある母父,スターキングマン
202606020508,このコースが得意な馬,8オオゾ1パシー11ナイン
202606020508,この距離が得意な馬,6アーム13シスタ11ナイン
202606020508,この競馬場が得意な馬,8オオゾ1パシー16ミツカ
202606020508,今回の馬場状態が得意な馬,14ザロー13シスタ6アーム
202606020508,今回のレース間隔で実績がある馬,8オオゾ5ソード15トモジ
202606020508,今回の調教評価で実績がある馬,8オオゾ3ハーフ1パシー
202606020508,今回のオッズで期待できる騎手,津村明秀
202606020508,今回の調教師と相性の良い騎手,佐々木大輔
202606020508,今回の馬主と相性の良い騎手,丹内祐次
202606020508,race_info,"14:01発走 /ダ1200m(右)
/ 天候:晴/ 馬場:良"
202606020508,race_detail,"2回中山5日目サラ系４歳以上１勝クラス[指]定量16頭本賞金:820,330,210,120,82万円"
202606020509,このコースで有利な枠順,1枠5枠6枠
202606020509,このコースで有利な脚質,逃げ
202606020509,このコースが得意な騎手,Ｃ．ルメール
202606020509,このコースが得意な調教師,辻哲英
202606020509,このコースに実績がある種牡馬,リアルスティール
202606020509,このコースに実績がある母父,Ghostzappe
202606020509,このコースが得意な馬,4オルノ5ゴーソ
202606020509,この距離が得意な馬,9テンミ11ヨヒー2ジャン
202606020509,この競馬場が得意な馬,3ノビリ4オルノ1ブラッ
202606020509,今回の馬場状態が得意な馬,9テンミ3ノビリ1ブラッ
202606020509,今回のレース間隔で実績がある馬,4オルノ8キュー
202606020509,今回の調教評価で実績がある馬,3ノビリ9テンミ11ヨヒー
202606020509,今回の厩舎コメント評価で実績がある馬,9テンミ3ノビリ11ヨヒー
202606020509,今回のクッション値が得意な馬,推奨なし
202606020509,今回のオッズで期待できる騎手,Ｃ．ルメール
202606020509,今回の調教師と相性の良い騎手,Ｃ．ルメール
202606020509,今回の馬主と相性の良い騎手,菊沢一樹
202606020509,race_info,"14:35発走 /芝2000m(右 A)
/ 天候:晴/ 馬場:良"
202606020509,race_detail,"2回中山5日目サラ系４歳以上２勝クラス牝[指]定量11頭本賞金:1580,630,400,240,158万円"
202606020510,このコースで有利な枠順,4枠1枠3枠
202606020510,このコースで有利な脚質,逃げ
202606020510,このコースが得意な騎手,Ｃ．ルメール
202606020510,このコースが得意な調教師,野中賢二
202606020510,このコースに実績がある種牡馬,サートゥルナーリア
202606020510,このコースに実績がある母父,ディクタット
202606020510,このコースが得意な馬,6マテン7ヒシア13ストレ
202606020510,この距離が得意な馬,6マテン13ストレ7ヒシア
202606020510,この競馬場が得意な馬,6マテン7ヒシア13ストレ
202606020510,今回の馬場状態が得意な馬,7ヒシア13ストレ6マテン
202606020510,今回のレース間隔で実績がある馬,1ツキノ8キュク10コート
202606020510,今回の調教評価で実績がある馬,7ヒシア13ストレ10コート
202606020510,今回の厩舎コメント評価で実績がある馬,7ヒシア1ツキノ13ストレ
202606020510,今回のクッション値が得意な馬,推奨なし
202606020510,今回のオッズで期待できる騎手,佐々木大輔
202606020510,今回の調教師と相性の良い騎手,戸崎圭太
202606020510,今回の馬主と相性の良い騎手,三浦皇成
202606020510,race_info,"15:10発走 /芝1600m(右 外 A)
/ 天候:晴/ 馬場:良"
202606020510,race_detail,"2回中山5日目サラ系４歳以上３勝クラス(混)[指]ハンデ16頭本賞金:1870,750,470,280,187万円"
202606020511,このコースで有利な枠順,4枠1枠3枠
202606020511,このコースで有利な脚質,逃げ
202606020511,このコースが得意な騎手,Ｃ．ルメール
202606020511,このコースが得意な調教師,中内田充正
202606020511,このコースに実績がある種牡馬,サートゥルナーリア
202606020511,このコースに実績がある母父,City Zip
202606020511,このコースが得意な馬,16ルール2バルボ14ナイス
202606020511,この距離が得意な馬,16ルール13ルージ9リアラ
202606020511,この競馬場が得意な馬,16ルール2バルボ5ランプ
202606020511,今回の馬場状態が得意な馬,16ルール7エピッ10ファン
202606020511,今回のレース間隔で実績がある馬,14ナイス10ファン12メイシ
202606020511,今回の調教評価で実績がある馬,7エピッ4ディア11ヴァリ
202606020511,今回の厩舎コメント評価で実績がある馬,7エピッ16ルール2バルボ
202606020511,今回のクッション値が得意な馬,推奨なし
202606020511,今回のオッズで期待できる騎手,Ｃ．ルメール
202606020511,今回の調教師と相性の良い騎手,丹内祐次
202606020511,今回の馬主と相性の良い騎手,戸崎圭太
202606020511,race_info,"15:45発走 /芝1600m(右 外 A)
/ 天候:晴/ 馬場:良"
202606020511,race_detail,"2回中山5日目サラ系３歳オープン(国際) 牝(指)馬齢16頭本賞金:2100,840,530,320,210万円"
202606020512,このコースで有利な枠順,6枠8枠7枠
202606020512,このコースで有利な脚質,逃げ
202606020512,このコースが得意な騎手,Ｃ．ルメール
202606020512,このコースが得意な調教師,大竹正博
202606020512,このコースに実績がある種牡馬,デクラレーションオブウォー
202606020512,このコースに実績がある母父,Danehill D
202606020512,このコースが得意な馬,6ショウ14キョウ11タイセ
202606020512,この距離が得意な馬,12モリノ6ショウ14キョウ
202606020512,この競馬場が得意な馬,14キョウ6ショウ13ケープ
202606020512,今回の馬場状態が得意な馬,10レッド4ヴィク13ケープ
202606020512,今回のレース間隔で実績がある馬,7カワキ16アルジ13ケープ
202606020512,今回の調教評価で実績がある馬,10レッド9ロミオ12モリノ
202606020512,今回のオッズで期待できる騎手,横山和生
202606020512,今回の調教師と相性の良い騎手,Ｃ．ルメール
202606020512,今回の馬主と相性の良い騎手,Ｃ．ルメール
202606020512,race_info,"16:25発走 /ダ1200m(右)
/ 天候:晴/ 馬場:良"
202606020512,race_detail,"2回中山5日目サラ系４歳以上２勝クラス[指]定量16頭本賞金:1190,480,300,180,119万円"
202607010601,このコースで有利な枠順,2枠4枠6枠
202607010601,このコースで有利な脚質,逃げ
202607010601,このコースが得意な騎手,森田誠也
202607010601,このコースが得意な調教師,鹿戸雄一
202607010601,このコースに実績がある種牡馬,ドレフォン
202607010601,このコースに実績がある母父,デヒア
202607010601,このコースが得意な馬,推奨なし
202607010601,この距離が得意な馬,16カーリ12ルビド6クイン
202607010601,この競馬場が得意な馬,推奨なし
202607010601,今回の馬場状態が得意な馬,12ルビド6クイン
202607010601,今回のレース間隔で実績がある馬,推奨なし
202607010601,今回の調教評価で実績がある馬,16カーリ6クイン12ルビド
202607010601,今回のオッズで期待できる騎手,Ｃ．ルメール
202607010601,今回の調教師と相性の良い騎手,吉田隼人
202607010601,今回の馬主と相性の良い騎手,佐々木大輔
202607010601,race_info,"10:05発走 /ダ1400m(左)
/ 天候:晴/ 馬場:良"
202607010601,race_detail,"1回中京6日目サラ系３歳未勝利牝[指]馬齢16頭本賞金:590,240,150,89,59万円"
202607010602,このコースで有利な枠順,1枠2枠5枠
202607010602,このコースで有利な脚質,逃げ
202607010602,このコースが得意な騎手,武豊
202607010602,このコースが得意な調教師,吉岡辰弥
202607010602,このコースに実績がある種牡馬,Gun Runner
202607010602,このコースに実績がある母父,キングカメハメハ
202607010602,このコースが得意な馬,推奨なし
202607010602,この距離が得意な馬,推奨なし
202607010602,この競馬場が得意な馬,推奨なし
202607010602,今回の馬場状態が得意な馬,10コスモ8マテン3ジャス
202607010602,今回のレース間隔で実績がある馬,10コスモ13ノリノ
202607010602,今回の調教評価で実績がある馬,8マテン10コスモ13ノリノ
202607010602,今回のオッズで期待できる騎手,松山弘平
202607010602,今回の調教師と相性の良い騎手,田山旺佑
202607010602,今回の馬主と相性の良い騎手,松山弘平
202607010602,race_info,"10:35発走 /ダ1900m(左)
/ 天候:晴/ 馬場:良"
202607010602,race_detail,"1回中京6日目サラ系３歳未勝利(混)[指]馬齢14頭本賞金:590,240,150,89,59万円"
202607010603,このコースで有利な枠順,8枠5枠2枠
202607010603,このコースで有利な脚質,逃げ
202607010603,このコースが得意な騎手,川田将雅
202607010603,このコースが得意な調教師,栗田徹
202607010603,このコースに実績がある種牡馬,マテラスカイ
202607010603,このコースに実績がある母父,ドゥラメンテ
202607010603,このコースが得意な馬,2ミラビ
202607010603,この距離が得意な馬,7ロイヤ12ザキノ2ミラビ
202607010603,この競馬場が得意な馬,2ミラビ
202607010603,今回の馬場状態が得意な馬,7ロイヤ12ザキノ
202607010603,今回のレース間隔で実績がある馬,7ロイヤ2ミラビ
202607010603,今回の調教評価で実績がある馬,7ロイヤ12ザキノ
202607010603,今回のオッズで期待できる騎手,川田将雅
202607010603,今回の調教師と相性の良い騎手,松山弘平
202607010603,今回の馬主と相性の良い騎手,西村淳也
202607010603,race_info,"11:05発走 /ダ1200m(左)
/ 天候:晴/ 馬場:良"
202607010603,race_detail,"1回中京6日目サラ系３歳未勝利[指]馬齢15頭本賞金:590,240,150,89,59万円"
202607010604,このコースで有利な枠順,3枠4枠5枠
202607010604,このコースで有利な脚質,逃げ
202607010604,このコースが得意な騎手,川田将雅
202607010604,このコースが得意な調教師,安達昭夫
202607010604,このコースに実績がある種牡馬,トーセンラー
202607010604,このコースに実績がある母父,ローレルゲレイロ
202607010604,このコースが得意な馬,推奨なし
202607010604,この距離が得意な馬,2メロー6ヒッグ16ウイン
202607010604,この競馬場が得意な馬,推奨なし
202607010604,今回の馬場状態が得意な馬,10アンジ2メロー6ヒッグ
202607010604,今回のレース間隔で実績がある馬,推奨なし
202607010604,今回の調教評価で実績がある馬,2メロー6ヒッグ10アンジ
202607010604,今回のクッション値が得意な馬,推奨なし
202607010604,今回のオッズで期待できる騎手,Ｃ．ルメール
202607010604,今回の調教師と相性の良い騎手,松山弘平
202607010604,今回の馬主と相性の良い騎手,西村淳也
202607010604,race_info,"11:35発走 /芝1200m(左 B)
/ 天候:晴/ 馬場:良"
202607010604,race_detail,"1回中京6日目サラ系３歳未勝利(混)[指]馬齢18頭本賞金:590,240,150,89,59万円"
202607010605,このコースで有利な枠順,6枠4枠1枠
202607010605,このコースで有利な脚質,逃げ
202607010605,このコースが得意な騎手,川田将雅
202607010605,このコースが得意な調教師,勢司和浩
202607010605,このコースに実績がある種牡馬,サートゥルナーリア
202607010605,このコースに実績がある母父,Cozzene
202607010605,このコースが得意な馬,推奨なし
202607010605,この距離が得意な馬,15ギオン
202607010605,この競馬場が得意な馬,9レッド
202607010605,今回の馬場状態が得意な馬,9レッド
202607010605,今回のレース間隔で実績がある馬,推奨なし
202607010605,今回の調教評価で実績がある馬,15ギオン
202607010605,今回のクッション値が得意な馬,推奨なし
202607010605,今回のオッズで期待できる騎手,Ｃ．ルメール
202607010605,今回の調教師と相性の良い騎手,高杉吏麒
202607010605,今回の馬主と相性の良い騎手,丸田恭介
202607010605,race_info,"12:25発走 /芝2000m(左 B)
/ 天候:晴/ 馬場:良"
202607010605,race_detail,"1回中京6日目サラ系３歳未勝利[指]馬齢16頭本賞金:590,240,150,89,59万円"
202607010606,このコースで有利な枠順,2枠5枠1枠
202607010606,このコースで有利な脚質,先行
202607010606,このコースが得意な騎手,Ｃ．ルメール
202607010606,このコースが得意な調教師,斉藤崇史
202607010606,このコースに実績がある種牡馬,ディープインパクト
202607010606,このコースに実績がある母父,ハーツクライ
202607010606,このコースが得意な馬,10ディー4マイネ3パイオ
202607010606,この距離が得意な馬,4マイネ10ディー1サンラ
202607010606,この競馬場が得意な馬,11エレガ4マイネ10ディー
202607010606,今回の馬場状態が得意な馬,10ディー8ロード5メイシ
202607010606,今回のレース間隔で実績がある馬,12マイネ4マイネ8ロード
202607010606,今回の調教評価で実績がある馬,4マイネ8ロード12マイネ
202607010606,今回のクッション値が得意な馬,推奨なし
202607010606,今回のオッズで期待できる騎手,Ｃ．ルメール
202607010606,今回の調教師と相性の良い騎手,石神深道
202607010606,今回の馬主と相性の良い騎手,浜中俊
202607010606,race_info,"12:55発走 /芝2200m(左 B)
/ 天候:晴/ 馬場:良"
202607010606,race_detail,"1回中京6日目サラ系４歳以上１勝クラス(混)[指]定量13頭本賞金:820,330,210,120,82万円"
202607010607,このコースで有利な枠順,6枠1枠2枠
202607010607,このコースで有利な脚質,逃げ
202607010607,このコースが得意な騎手,三浦皇成
202607010607,このコースが得意な調教師,大久保龍志
202607010607,このコースに実績がある種牡馬,ナダル
202607010607,このコースに実績がある母父,キングヘイロー
202607010607,このコースが得意な馬,12アイブ5オリジ3ハギノ
202607010607,この距離が得意な馬,12アイブ1ミラク6メイシ
202607010607,この競馬場が得意な馬,12アイブ9メイシ5オリジ
202607010607,今回の馬場状態が得意な馬,4ディペ12アイブ6メイシ
202607010607,今回のレース間隔で実績がある馬,5オリジ
202607010607,今回の調教評価で実績がある馬,7ラルガ3ハギノ1ミラク
202607010607,今回のオッズで期待できる騎手,今村聖奈
202607010607,今回の調教師と相性の良い騎手,松山弘平
202607010607,今回の馬主と相性の良い騎手,三浦皇成
202607010607,race_info,"13:25発走 /ダ1800m(左)
/ 天候:晴/ 馬場:良"
202607010607,race_detail,"1回中京6日目サラ系４歳以上１勝クラス牝[指]定量13頭本賞金:820,330,210,120,82万円"
202607010608,このコースで有利な枠順,2枠5枠1枠
202607010608,このコースで有利な脚質,先行
202607010608,このコースが得意な騎手,川田将雅
202607010608,このコースが得意な調教師,斉藤崇史
202607010608,このコースに実績がある種牡馬,レイデオロ
202607010608,このコースに実績がある母父,アイルハヴアナザー
202607010608,このコースが得意な馬,2メイシ
202607010608,この距離が得意な馬,2メイシ
202607010608,この競馬場が得意な馬,2メイシ
202607010608,今回の馬場状態が得意な馬,1ボンド5ダノン6レッド
202607010608,今回のレース間隔で実績がある馬,2メイシ
202607010608,今回の調教評価で実績がある馬,6レッド5ダノン1ボンド
202607010608,今回の厩舎コメント評価で実績がある馬,5ダノン1ボンド2メイシ
202607010608,今回のクッション値が得意な馬,推奨なし
202607010608,今回のオッズで期待できる騎手,北村友一
202607010608,今回の調教師と相性の良い騎手,川田将雅
202607010608,今回の馬主と相性の良い騎手,川田将雅
202607010608,race_info,"13:55発走 /芝2200m(左 B)
/ 天候:晴/ 馬場:良"
202607010608,race_detail,"1回中京6日目サラ系３歳１勝クラス(混)(特指)馬齢7頭本賞金:1140,460,290,170,114万円"
202607010609,このコースで有利な枠順,1枠5枠2枠
202607010609,このコースで有利な脚質,逃げ
202607010609,このコースが得意な騎手,Ｃ．ルメール
202607010609,このコースが得意な調教師,堀宣行
202607010609,このコースに実績がある種牡馬,ミッキーグローリー
202607010609,このコースに実績がある母父,オルフェーヴル
202607010609,このコースが得意な馬,16ビップ11アスク8フェル
202607010609,この距離が得意な馬,13メイシ16ビップ6アンダ
202607010609,この競馬場が得意な馬,16ビップ4オーバ11アスク
202607010609,今回の馬場状態が得意な馬,13メイシ10サトノ16ビップ
202607010609,今回のレース間隔で実績がある馬,4オーバ6アンダ9グラン
202607010609,今回の調教評価で実績がある馬,6アンダ16ビップ13メイシ
202607010609,今回のクッション値が得意な馬,推奨なし
202607010609,今回のオッズで期待できる騎手,Ｃ．ルメール
202607010609,今回の調教師と相性の良い騎手,小林美駒
202607010609,今回の馬主と相性の良い騎手,Ｃ．ルメール
202607010609,race_info,"14:25発走 /芝1600m(左 B)
/ 天候:晴/ 馬場:良"
202607010609,race_detail,"1回中京6日目サラ系４歳以上１勝クラス(混)[指]定量16頭本賞金:820,330,210,120,82万円"
202607010610,このコースで有利な枠順,1枠2枠5枠
202607010610,このコースで有利な脚質,逃げ
202607010610,このコースが得意な騎手,武豊
202607010610,このコースが得意な調教師,池江泰寿
202607010610,このコースに実績がある種牡馬,ホッコータルマエ
202607010610,このコースに実績がある母父,ゴールドアリュール
202607010610,このコースが得意な馬,12フルオ6グロバ
202607010610,この距離が得意な馬,12フルオ7カネト6グロバ
202607010610,この競馬場が得意な馬,4アラレ15ミライ14テーオ
202607010610,今回の馬場状態が得意な馬,8ゴール15ミライ13マイノ
202607010610,今回のレース間隔で実績がある馬,7カネト14テーオ13マイノ
202607010610,今回の調教評価で実績がある馬,8ゴール14テーオ15ミライ
202607010610,今回の厩舎コメント評価で実績がある馬,8ゴール10パカー14テーオ
202607010610,今回のオッズで期待できる騎手,西村淳也
202607010610,今回の調教師と相性の良い騎手,武豊
202607010610,今回の馬主と相性の良い騎手,Ｃ．ルメール
202607010610,race_info,"15:01発走 /ダ1900m(左)
/ 天候:晴/ 馬場:良"
202607010610,race_detail,"1回中京6日目サラ系４歳以上３勝クラス(混)[指]ハンデ15頭本賞金:1870,750,470,280,187万円"
202607010611,このレースで有利な枠順,2枠5枠1枠
202607010611,このレースで有利な脚質,先行
202607010611,このレースが得意な騎手,団野大成
202607010611,このレースに実績がある種牡馬,ミッキーアイル
202607010611,このレースで有利な性齢,牡6
202607010611,このレースで有利な所属,栗東
202607010611,このレースに実績がある前走クラス,海外競馬
202607010611,このレースに実績がある前走距離,芝1200m
202607010611,このレースに実績があるレース間隔,中7〜9週
202607010611,このレースで狙いの人気,2人気
202607010611,このコースで有利な枠順,3枠4枠5枠
202607010611,このコースで有利な脚質,逃げ
202607010611,このコースが得意な騎手,川田将雅
202607010611,このコースが得意な調教師,伊藤大士
202607010611,このコースに実績がある種牡馬,Shalaa
202607010611,このコースに実績がある母父,Storm Cat
202607010611,このコースが得意な馬,16フィオ15インビ1パンジ
202607010611,この距離が得意な馬,1パンジ18ジュー9サトノ
202607010611,この競馬場が得意な馬,16フィオ15インビ4ダノン
202607010611,今回の馬場状態が得意な馬,9サトノ18ジュー1パンジ
202607010611,今回のレース間隔で実績がある馬,15インビ12ピュー14レイピ
202607010611,今回の調教評価で実績がある馬,15インビ9サトノ1パンジ
202607010611,今回の厩舎コメント評価で実績がある馬,1パンジ14レイピ10ママコ
202607010611,今回のクッション値が得意な馬,推奨なし
202607010611,今回のオッズで期待できる騎手,Ｃ．ルメール
202607010611,今回の調教師と相性の良い騎手,丸山元気
202607010611,今回の馬主と相性の良い騎手,丸山元気
202607010611,年度,優勝馬
202607010611,race_info,"15:40発走 /芝1200m(左 B)
/ 天候:晴/ 馬場:良"
202607010611,race_detail,"1回中京6日目サラ系４歳以上オープン(国際)(指)定量18頭本賞金:17000,6800,4300,2600,1700万円"
202607010612,このコースで有利な枠順,2枠4枠6枠
202607010612,このコースで有利な脚質,逃げ
202607010612,このコースが得意な騎手,川田将雅
202607010612,このコースが得意な調教師,須貝尚介
202607010612,このコースに実績がある種牡馬,モーニン
202607010612,このコースに実績がある母父,Arch
202607010612,このコースが得意な馬,3モリノ4カレン5フィリ
202607010612,この距離が得意な馬,4カレン11コーラ1マスグ
202607010612,この競馬場が得意な馬,11コーラ3モリノ14メイシ
202607010612,今回の馬場状態が得意な馬,10サトノ11コーラ13チャロ
202607010612,今回のレース間隔で実績がある馬,12サンダ13チャロ2チュウ
202607010612,今回の調教評価で実績がある馬,14メイシ1マスグ13チャロ
202607010612,今回の厩舎コメント評価で実績がある馬,13チャロ2チュウ4カレン
202607010612,今回のオッズで期待できる騎手,川田将雅
202607010612,今回の調教師と相性の良い騎手,岩田康誠
202607010612,今回の馬主と相性の良い騎手,川田将雅
202607010612,race_info,"16:30発走 /ダ1400m(左)
/ 天候:晴/ 馬場:良"
202607010612,race_detail,"1回中京6日目サラ系４歳以上２勝クラス(混)[指]定量16頭本賞金:1580,630,400,240,158万円"
202603010101,このコースで有利な枠順,6枠8枠2枠
202603010101,このコースで有利な脚質,逃げ
202603010101,このコースが得意な騎手,斎藤新
202603010101,このコースが得意な調教師,久保田貴士
202603010101,このコースに実績がある種牡馬,ナダル
202603010101,このコースに実績がある母父,ワークフォース
202603010101,このコースが得意な馬,11シュー
202603010101,この距離が得意な馬,1セルシ11シュー
202603010101,この競馬場が得意な馬,11シュー
202603010101,今回の馬場状態が得意な馬,14ウイン1セルシ12クワッ
202603010101,今回のレース間隔で実績がある馬,6シンエ
202603010101,今回の調教評価で実績がある馬,14ウイン1セルシ3レジェ
202603010101,今回のオッズで期待できる騎手,発売開始後公開予定
202603010101,今回の調教師と相性の良い騎手,丹内祐次
202603010101,今回の馬主と相性の良い騎手,小林美駒
202603010101,race_info,09:45発走 /ダ1700m(右)
202603010101,race_detail,"1回福島1日目サラ系３歳未勝利[指]馬齢15頭本賞金:590,240,150,89,59万円"
202603010102,このコースで有利な枠順,1枠3枠2枠
202603010102,このコースで有利な脚質,逃げ
202603010102,このコースが得意な騎手,舟山瑠泉
202603010102,このコースが得意な調教師,上原佑紀
202603010102,このコースに実績がある種牡馬,ウインブライト
202603010102,このコースに実績がある母父,Mr. Greele
202603010102,このコースが得意な馬,推奨なし
202603010102,この距離が得意な馬,2ダノン
202603010102,この競馬場が得意な馬,推奨なし
202603010102,今回の馬場状態が得意な馬,2ダノン6デンプ
202603010102,今回のレース間隔で実績がある馬,推奨なし
202603010102,今回の調教評価で実績がある馬,2ダノン6デンプ11サンタ
202603010102,今回のオッズで期待できる騎手,発売開始後公開予定
202603010102,今回の調教師と相性の良い騎手,丹内祐次
202603010102,今回の馬主と相性の良い騎手,丸山元気
202603010102,race_info,10:15発走 /芝1200m(右 A)
202603010102,race_detail,"1回福島1日目サラ系３歳未勝利[指]馬齢16頭本賞金:590,240,150,89,59万円"
202603010103,このコースで有利な枠順,3枠4枠1枠
202603010103,このコースで有利な脚質,先行
202603010103,このコースが得意な騎手,舟山瑠泉
202603010103,このコースが得意な調教師,吉岡辰弥
202603010103,このコースに実績がある種牡馬,コントレイル
202603010103,このコースに実績がある母父,シンボリクリスエス
202603010103,このコースが得意な馬,推奨なし
202603010103,この距離が得意な馬,7ピアス
202603010103,この競馬場が得意な馬,推奨なし
202603010103,今回の馬場状態が得意な馬,7ピアス
202603010103,今回のレース間隔で実績がある馬,推奨なし
202603010103,今回の調教評価で実績がある馬,7ピアス
202603010103,今回のオッズで期待できる騎手,発売開始後公開予定
202603010103,今回の調教師と相性の良い騎手,黛弘人
202603010103,今回の馬主と相性の良い騎手,小崎綾也
202603010103,race_info,10:45発走 /芝1800m(右 A)
202603010103,race_detail,"1回福島1日目サラ系３歳未勝利牝[指]馬齢16頭本賞金:590,240,150,89,59万円"
202603010104,このコースで有利な枠順,8枠1枠3枠
202603010104,このコースで有利な脚質,逃げ
202603010104,このコースが得意な騎手,松若風馬
202603010104,このコースが得意な調教師,牧浦充徳
202603010104,このコースに実績がある種牡馬,フォーウィールドライブ
202603010104,このコースに実績がある母父,Broken Vow
202603010104,このコースが得意な馬,推奨なし
202603010104,この距離が得意な馬,推奨なし
202603010104,この競馬場が得意な馬,推奨なし
202603010104,今回の馬場状態が得意な馬,15クロカ14スマー6モズタ
202603010104,今回のレース間隔で実績がある馬,15クロカ
202603010104,今回の調教評価で実績がある馬,15クロカ12アッチ14スマー
202603010104,今回のオッズで期待できる騎手,発売開始後公開予定
202603010104,今回の調教師と相性の良い騎手,国分恭介
202603010104,今回の馬主と相性の良い騎手,和田陽希
202603010104,race_info,11:15発走 /ダ1150m(右)
202603010104,race_detail,"1回福島1日目サラ系３歳未勝利[指]馬齢16頭本賞金:590,240,150,89,59万円"
202603010105,このコースで有利な枠順,3枠7枠5枠
202603010105,このコースで有利な脚質,先行
202603010105,このコースが得意な騎手,国分恭介
202603010105,このコースが得意な調教師,杉山晴紀
202603010105,このコースに実績がある種牡馬,キタサンブラック
202603010105,このコースに実績がある母父,キングカメハメハ
202603010105,このコースが得意な馬,推奨なし
202603010105,この距離が得意な馬,3アラム6マイネ8ブラン
202603010105,この競馬場が得意な馬,推奨なし
202603010105,今回の馬場状態が得意な馬,3アラム6マイネ
202603010105,今回のレース間隔で実績がある馬,6マイネ
202603010105,今回の調教評価で実績がある馬,3アラム6マイネ8ブラン
202603010105,今回のオッズで期待できる騎手,発売開始後公開予定
202603010105,今回の調教師と相性の良い騎手,丹内祐次
202603010105,今回の馬主と相性の良い騎手,丸山元気
202603010105,race_info,12:05発走 /芝2000m(右 A)
202603010105,race_detail,"1回福島1日目サラ系３歳未勝利[指]馬齢16頭本賞金:590,240,150,89,59万円"
202603010106,このコースで有利な枠順,8枠1枠6枠
202603010106,このコースで有利な脚質,先行
202603010106,このコースが得意な騎手,斎藤新
202603010106,このコースが得意な調教師,高野友和
202603010106,このコースに実績がある種牡馬,シルバーステート
202603010106,このコースに実績がある母父,クロフネ
202603010106,このコースが得意な馬,推奨なし
202603010106,この距離が得意な馬,推奨なし
202603010106,この競馬場が得意な馬,推奨なし
202603010106,今回の馬場状態が得意な馬,8スノー4フレア2フォー
202603010106,今回のレース間隔で実績がある馬,推奨なし
202603010106,今回の調教評価で実績がある馬,8スノー4フレア
202603010106,今回のオッズで期待できる騎手,発売開始後公開予定
202603010106,今回の調教師と相性の良い騎手,松若風馬
202603010106,今回の馬主と相性の良い騎手,斎藤新
202603010106,race_info,12:35発走 /芝2600m(右 A)
202603010106,race_detail,"1回福島1日目サラ系３歳未勝利[指]馬齢15頭本賞金:590,240,150,89,59万円"
202603010107,このコースで有利な枠順,6枠8枠2枠
202603010107,このコースで有利な脚質,逃げ
202603010107,このコースが得意な騎手,永島まなみ
202603010107,このコースが得意な調教師,高柳瑞樹
202603010107,このコースに実績がある種牡馬,シャンハイボビー
202603010107,このコースに実績がある母父,Into Misch
202603010107,このコースが得意な馬,10ラスト
202603010107,この距離が得意な馬,10ラスト2ルージ14チャチ
202603010107,この競馬場が得意な馬,10ラスト
202603010107,今回の馬場状態が得意な馬,1プロス7ホウオ13アイフ
202603010107,今回のレース間隔で実績がある馬,11ハイケ5ナイン1プロス
202603010107,今回の調教評価で実績がある馬,14チャチ8リトル6プロス
202603010107,今回のオッズで期待できる騎手,発売開始後公開予定
202603010107,今回の調教師と相性の良い騎手,小林美駒
202603010107,今回の馬主と相性の良い騎手,推奨なし
202603010107,race_info,13:05発走 /ダ1700m(右)
202603010107,race_detail,"1回福島1日目サラ系４歳以上１勝クラス見習騎手定量15頭本賞金:820,330,210,120,82万円"
202603010108,このコースで有利な枠順,8枠1枠3枠
202603010108,このコースで有利な脚質,逃げ
202603010108,このコースが得意な騎手,斎藤新
202603010108,このコースが得意な調教師,森秀行
202603010108,このコースに実績がある種牡馬,キズナ
202603010108,このコースに実績がある母父,ブライアンズタイム
202603010108,このコースが得意な馬,12ヒラボ16シャー7グッド
202603010108,この距離が得意な馬,12ヒラボ16シャー7グッド
202603010108,この競馬場が得意な馬,12ヒラボ16シャー3バルジ
202603010108,今回の馬場状態が得意な馬,10リアン3バルジ8ケイア
202603010108,今回のレース間隔で実績がある馬,16シャー15ナンヨ6グラン
202603010108,今回の調教評価で実績がある馬,13マカニ12ヒラボ5メイシ
202603010108,今回のオッズで期待できる騎手,発売開始後公開予定
202603010108,今回の調教師と相性の良い騎手,丸山元気
202603010108,今回の馬主と相性の良い騎手,長浜鴻緒
202603010108,race_info,13:35発走 /ダ1150m(右)
202603010108,race_detail,"1回福島1日目サラ系４歳以上１勝クラス(混)[指]定量16頭本賞金:820,330,210,120,82万円"
202603010109,このコースで有利な枠順,3枠4枠1枠
202603010109,このコースで有利な脚質,先行
202603010109,このコースが得意な騎手,舟山瑠泉
202603010109,このコースが得意な調教師,宮田敬介
202603010109,このコースに実績がある種牡馬,Saxon Warrior
202603010109,このコースに実績がある母父,Champs Ely
202603010109,このコースが得意な馬,2レッド9コスモ15デイジ
202603010109,この距離が得意な馬,2レッド7ラトラ15デイジ
202603010109,この競馬場が得意な馬,2レッド9コスモ15デイジ
202603010109,今回の馬場状態が得意な馬,2レッド14ガンバ15デイジ
202603010109,今回のレース間隔で実績がある馬,9コスモ
202603010109,今回の調教評価で実績がある馬,14ガンバ13シアブ7ラトラ
202603010109,今回の厩舎コメント評価で実績がある馬,10スペー7ラトラ2レッド
202603010109,今回のオッズで期待できる騎手,発売開始後公開予定
202603010109,今回の調教師と相性の良い騎手,国分恭介
202603010109,今回の馬主と相性の良い騎手,石川裕紀人
202603010109,race_info,14:05発走 /芝1800m(右 A)
202603010109,race_detail,"1回福島1日目サラ系４歳以上１勝クラス(混)[指]定量16頭本賞金:1140,460,290,170,114万円"
202603010110,このコースで有利な枠順,1枠3枠2枠
202603010110,このコースで有利な脚質,逃げ
202603010110,このコースが得意な騎手,田口貫太
202603010110,このコースが得意な調教師,加藤公太
202603010110,このコースに実績がある種牡馬,ウインブライト
202603010110,このコースに実績がある母父,Holy Roman
202603010110,このコースが得意な馬,12バンブ11アタリ2ホウオ
202603010110,この距離が得意な馬,16アサク12バンブ11アタリ
202603010110,この競馬場が得意な馬,12バンブ11アタリ2ホウオ
202603010110,今回の馬場状態が得意な馬,11アタリ2ホウオ5バシレ
202603010110,今回のレース間隔で実績がある馬,16アサク
202603010110,今回の調教評価で実績がある馬,8ハニー5バシレ16アサク
202603010110,今回の厩舎コメント評価で実績がある馬,13タマカ5バシレ16アサク
202603010110,今回のオッズで期待できる騎手,発売開始後公開予定
202603010110,今回の調教師と相性の良い騎手,大久保友雅
202603010110,今回の馬主と相性の良い騎手,斎藤新
202603010110,race_info,14:40発走 /芝1200m(右 A)
202603010110,race_detail,"1回福島1日目サラ系４歳以上２勝クラス(混)(特指)定量16頭本賞金:1580,630,400,240,158万円"
202603010111,このコースで有利な枠順,6枠8枠2枠
202603010111,このコースで有利な脚質,逃げ
202603010111,このコースが得意な騎手,斎藤新
202603010111,このコースが得意な調教師,大久保龍志
202603010111,このコースに実績がある種牡馬,ナダル
202603010111,このコースに実績がある母父,Into Misch
202603010111,このコースが得意な馬,3コトホ13カンピ8ダイシ
202603010111,この距離が得意な馬,3コトホ14レアン10レイナ
202603010111,この競馬場が得意な馬,3コトホ2イスラ13カンピ
202603010111,今回の馬場状態が得意な馬,11スナー5ミッキ3コトホ
202603010111,今回のレース間隔で実績がある馬,10レイナ3コトホ13カンピ
202603010111,今回の調教評価で実績がある馬,5ミッキ10レイナ1ラタフ
202603010111,今回の厩舎コメント評価で実績がある馬,3コトホ11スナー10レイナ
202603010111,今回のオッズで期待できる騎手,発売開始後公開予定
202603010111,今回の調教師と相性の良い騎手,丸山元気
202603010111,今回の馬主と相性の良い騎手,丸山元気
202603010111,race_info,15:15発走 /ダ1700m(右)
202603010111,race_detail,"1回福島1日目サラ系４歳以上オープン(国際)(特指)ハンデ15頭本賞金:2200,880,550,330,220万円"
202603010112,このコースで有利な枠順,1枠3枠2枠
202603010112,このコースで有利な脚質,逃げ
202603010112,このコースが得意な騎手,田口貫太
202603010112,このコースが得意な調教師,清水久詞
202603010112,このコースに実績がある種牡馬,キタサンブラック
202603010112,このコースに実績がある母父,More Than
202603010112,このコースが得意な馬,15ルシェ9プリュ12レッド
202603010112,この距離が得意な馬,13サンポ10セイプ15ルシェ
202603010112,この競馬場が得意な馬,15ルシェ9プリュ12レッド
202603010112,今回の馬場状態が得意な馬,16ウイン13サンポ14モルテ
202603010112,今回のレース間隔で実績がある馬,4アーニ
202603010112,今回の調教評価で実績がある馬,10セイプ13サンポ3ホウオ
202603010112,今回のオッズで期待できる騎手,発売開始後公開予定
202603010112,今回の調教師と相性の良い騎手,丸山元気
202603010112,今回の馬主と相性の良い騎手,古川吉洋
202603010112,race_info,16:00発走 /芝1200m(右 A)
202603010112,race_detail,"1回福島1日目サラ系４歳以上１勝クラス牝[指]定量16頭本賞金:820,330,210,120,82万円"
202606030501,このコースで有利な枠順,8枠7枠4枠
202606030501,このコースで有利な脚質,先行
202606030501,このコースが得意な騎手,岩田康誠
202606030501,このコースが得意な調教師,中舘英二
202606030501,このコースに実績がある種牡馬,ダノンレジェンド
202606030501,このコースに実績がある母父,Dansili
202606030501,このコースが得意な馬,2アスコ
202606030501,この距離が得意な馬,2アスコ
202606030501,この競馬場が得意な馬,2アスコ
202606030501,今回の馬場状態が得意な馬,2アスコ
202606030501,今回のレース間隔で実績がある馬,推奨なし
202606030501,今回の調教評価で実績がある馬,13ライヴ
202606030501,今回のオッズで期待できる騎手,発売開始後公開予定
202606030501,今回の調教師と相性の良い騎手,横山武史
202606030501,今回の馬主と相性の良い騎手,津村明秀
202606030501,race_info,10:05発走 /ダ1800m(右)
202606030501,race_detail,"3回中山5日目サラ系３歳未勝利牝[指]馬齢16頭本賞金:590,240,150,89,59万円"
202606030502,このコースで有利な枠順,6枠8枠7枠
202606030502,このコースで有利な脚質,逃げ
202606030502,このコースが得意な騎手,Ｍ．ディー
202606030502,このコースが得意な調教師,嘉藤貴行
202606030502,このコースに実績がある種牡馬,モズアスコット
202606030502,このコースに実績がある母父,ルーラーシップ
202606030502,このコースが得意な馬,12マイネ5フェイ15スカッ
202606030502,この距離が得意な馬,12マイネ5フェイ15スカッ
202606030502,この競馬場が得意な馬,12マイネ5フェイ15スカッ
202606030502,今回の馬場状態が得意な馬,12マイネ5フェイ15スカッ
202606030502,今回のレース間隔で実績がある馬,12マイネ
202606030502,今回の調教評価で実績がある馬,12マイネ15スカッ5フェイ
202606030502,今回のオッズで期待できる騎手,発売開始後公開予定
202606030502,今回の調教師と相性の良い騎手,水沼元輝
202606030502,今回の馬主と相性の良い騎手,田辺裕信
202606030502,race_info,10:35発走 /ダ1200m(右)
202606030502,race_detail,"3回中山5日目サラ系３歳未勝利[指]馬齢16頭本賞金:590,240,150,89,59万円"
202606030503,このコースで有利な枠順,8枠7枠4枠
202606030503,このコースで有利な脚質,先行
202606030503,このコースが得意な騎手,戸崎圭太
202606030503,このコースが得意な調教師,鹿戸雄一
202606030503,このコースに実績がある種牡馬,ニューイヤーズデイ
202606030503,このコースに実績がある母父,オルフェーヴル
202606030503,このコースが得意な馬,1アイデ
202606030503,この距離が得意な馬,1アイデ
202606030503,この競馬場が得意な馬,1アイデ
202606030503,今回の馬場状態が得意な馬,1アイデ9シンデ
202606030503,今回のレース間隔で実績がある馬,推奨なし
202606030503,今回の調教評価で実績がある馬,推奨なし
202606030503,今回のオッズで期待できる騎手,発売開始後公開予定
202606030503,今回の調教師と相性の良い騎手,佐々木大輔
202606030503,今回の馬主と相性の良い騎手,戸崎圭太
202606030503,race_info,11:05発走 /ダ1800m(右)
202606030503,race_detail,"3回中山5日目サラ系３歳未勝利[指]馬齢13頭本賞金:590,240,150,89,59万円"
202606030504,このコースで有利な枠順,7枠5枠3枠
202606030504,このコースで有利な脚質,逃げ
202606030504,このコースが得意な騎手,井上敏樹
202606030504,このコースが得意な調教師,宮地貴稔
202606030504,このコースに実績がある種牡馬,サトノダイヤモンド
202606030504,このコースに実績がある母父,Storm Cat
202606030504,このコースが得意な馬,推奨なし
202606030504,この距離が得意な馬,推奨なし
202606030504,この競馬場が得意な馬,2メイシ10コレク
202606030504,今回の馬場状態が得意な馬,7ウイン4グラニ2メイシ
202606030504,今回のレース間隔で実績がある馬,11ウィズ6ヴラデ10コレク
202606030504,今回の調教評価で実績がある馬,2メイシ5シゲル10コレク
202606030504,今回のオッズで期待できる騎手,発売開始後公開予定
202606030504,今回の調教師と相性の良い騎手,大江原圭
202606030504,今回の馬主と相性の良い騎手,大江原圭
202606030504,race_info,11:35発走 /障3200m(芝 ダート)
202606030504,race_detail,"3回中山5日目障害４歳以上オープン(混)別定14頭本賞金:1430,570,360,210,143万円"
202606030505,このコースで有利な枠順,4枠1枠3枠
202606030505,このコースで有利な脚質,逃げ
202606030505,このコースが得意な騎手,戸崎圭太
202606030505,このコースが得意な調教師,辻哲英
202606030505,このコースに実績がある種牡馬,レイデオロ
202606030505,このコースに実績がある母父,フジキセキ
202606030505,このコースが得意な馬,2シヴィ3マンサ7ベアサ
202606030505,この距離が得意な馬,2シヴィ9テンユ4ジュラ
202606030505,この競馬場が得意な馬,2シヴィ3マンサ7ベアサ
202606030505,今回の馬場状態が得意な馬,6アイム2シヴィ5シェリ
202606030505,今回のレース間隔で実績がある馬,3マンサ4ジュラ5シェリ
202606030505,今回の調教評価で実績がある馬,6アイム2シヴィ5シェリ
202606030505,今回のオッズで期待できる騎手,発売開始後公開予定
202606030505,今回の調教師と相性の良い騎手,横山和生
202606030505,今回の馬主と相性の良い騎手,戸崎圭太
202606030505,race_info,12:25発走 /芝1600m(右 外 B)
202606030505,race_detail,"3回中山5日目サラ系３歳未勝利(混)[指]馬齢16頭本賞金:590,240,150,89,59万円"
202606030506,race_info,12:55発走 /芝2000m(右 B)
202606030506,race_detail,"3回中山5日目サラ系３歳未勝利牝[指]馬齢18頭本賞金:590,240,150,89,59万円"
202606030507,このコースで有利な枠順,6枠8枠7枠
202606030507,このコースで有利な脚質,逃げ
202606030507,このコースが得意な騎手,Ｍ．ディー
202606030507,このコースが得意な調教師,藤原英昭
202606030507,このコースに実績がある種牡馬,Mor Spirit
202606030507,このコースに実績がある母父,キズナ
202606030507,このコースが得意な馬,13マーシ6マルタ14ミルト
202606030507,この距離が得意な馬,13マーシ3ゴーゴ6マルタ
202606030507,この競馬場が得意な馬,13マーシ12ハニー14ミルト
202606030507,今回の馬場状態が得意な馬,15トワイ14ミルト9タカス
202606030507,今回のレース間隔で実績がある馬,3ゴーゴ4ベアハ8ラテラ
202606030507,今回の調教評価で実績がある馬,9タカス3ゴーゴ6マルタ
202606030507,今回のオッズで期待できる騎手,発売開始後公開予定
202606030507,今回の調教師と相性の良い騎手,戸崎圭太
202606030507,今回の馬主と相性の良い騎手,佐々木大輔
202606030507,race_info,13:25発走 /ダ1200m(右)
202606030507,race_detail,"3回中山5日目サラ系３歳１勝クラス(混)[指]馬齢16頭本賞金:820,330,210,120,82万円"
202606030508,このコースで有利な枠順,8枠7枠4枠
202606030508,このコースで有利な脚質,先行
202606030508,このコースが得意な騎手,岩田康誠
202606030508,このコースが得意な調教師,萩原清
202606030508,このコースに実績がある種牡馬,ルヴァンスレーヴ
202606030508,このコースに実績がある母父,Harlan's H
202606030508,このコースが得意な馬,14ルシャ15ムーラ7マリン
202606030508,この距離が得意な馬,16ディー14ルシャ13サンダ
202606030508,この競馬場が得意な馬,14ルシャ15ムーラ16ディー
202606030508,今回の馬場状態が得意な馬,3グラン9カフェ14ルシャ
202606030508,今回のレース間隔で実績がある馬,3グラン12ウイン10ショウ
202606030508,今回の調教評価で実績がある馬,14ルシャ16ディー9カフェ
202606030508,今回のオッズで期待できる騎手,発売開始後公開予定
202606030508,今回の調教師と相性の良い騎手,上里直汰
202606030508,今回の馬主と相性の良い騎手,佐々木大輔
202606030508,race_info,13:55発走 /ダ1800m(右)
202606030508,race_detail,"3回中山5日目サラ系４歳以上１勝クラス(混)[指]定量16頭本賞金:820,330,210,120,82万円"
202606030509,race_info,14:25発走 /芝2000m(右 B)
202606030509,race_detail,"3回中山5日目サラ系３歳１勝クラス(混)(特指)馬齢7頭本賞金:1140,460,290,170,114万円"
202606030510,このコースで有利な枠順,6枠8枠7枠
202606030510,このコースで有利な脚質,逃げ
202606030510,このコースが得意な騎手,Ｍ．ディー
202606030510,このコースが得意な調教師,千田輝彦
202606030510,このコースに実績がある種牡馬,ヘニーヒューズ
202606030510,このコースに実績がある母父,スニッツェル
202606030510,このコースが得意な馬,2ワンダ5スリー10ノット
202606030510,この距離が得意な馬,10ノット2ワンダ13ロサン
202606030510,この競馬場が得意な馬,2ワンダ5スリー10ノット
202606030510,今回の馬場状態が得意な馬,2ワンダ10ノット1スプラ
202606030510,今回のレース間隔で実績がある馬,2ワンダ5スリー3ジャー
202606030510,今回の調教評価で実績がある馬,10ノット2ワンダ5スリー
202606030510,今回の厩舎コメント評価で実績がある馬,4スタン10ノット2ワンダ
202606030510,今回のオッズで期待できる騎手,発売開始後公開予定
202606030510,今回の調教師と相性の良い騎手,横山武史
202606030510,今回の馬主と相性の良い騎手,三浦皇成
202606030510,race_info,15:00発走 /ダ1200m(右)
202606030510,race_detail,"3回中山5日目サラ系４歳以上３勝クラス(混)(特指)定量13頭本賞金:1870,750,470,280,187万円"
202606030511,このレースで有利な枠順,3枠8枠2枠
202606030511,このレースで有利な脚質,逃げ
202606030511,このレースが得意な騎手,津村明秀
202606030511,このレースに実績がある種牡馬,マクフィ
202606030511,このレースで有利な性齢,牡3
202606030511,このレースで有利な所属,栗東
202606030511,このレースに実績がある前走クラス,新馬・未勝利
202606030511,このレースに実績がある前走距離,芝1600m
202606030511,このレースに実績があるレース間隔,中4〜6週
202606030511,このレースで狙いの人気,2人気
202606030511,このコースで有利な枠順,4枠1枠3枠
202606030511,このコースで有利な脚質,逃げ
202606030511,このコースが得意な騎手,戸崎圭太
202606030511,このコースが得意な調教師,辻哲英
202606030511,このコースに実績がある種牡馬,キタサンブラック
202606030511,このコースに実績がある母父,Into Misch
202606030511,このコースが得意な馬,14ディー7ロデオ10ジーテ
202606030511,この距離が得意な馬,11ゴーラ6シュペ7ロデオ
202606030511,この競馬場が得意な馬,14ディー7ロデオ10ジーテ
202606030511,今回の馬場状態が得意な馬,11ゴーラ7ロデオ14ディー
202606030511,今回のレース間隔で実績がある馬,2マダッ8スマイ13ガリレ
202606030511,今回の調教評価で実績がある馬,13ガリレ11ゴーラ7ロデオ
202606030511,今回の厩舎コメント評価で実績がある馬,4ヒズマ7ロデオ14ディー
202606030511,今回のオッズで期待できる騎手,発売開始後公開予定
202606030511,今回の調教師と相性の良い騎手,津村明秀
202606030511,今回の馬主と相性の良い騎手,戸崎圭太
202606030511,年度,優勝馬
202606030511,race_info,15:45発走 /芝1600m(右 外 B)
202606030511,race_detail,"3回中山5日目サラ系３歳オープン(国際) 牡・牝(指)馬齢15頭本賞金:5400,2200,1400,810,540万円"
202606030512,このコースで有利な枠順,6枠8枠7枠
202606030512,このコースで有利な脚質,逃げ
202606030512,このコースが得意な騎手,Ｍ．ディー
202606030512,このコースが得意な調教師,中竹和也
202606030512,このコースに実績がある種牡馬,デクラレーションオブウォー
202606030512,このコースに実績がある母父,Harlan's H
202606030512,このコースが得意な馬,4アスタ16ルーフ11クイン
202606030512,この距離が得意な馬,9モリノ4アスタ16ルーフ
202606030512,この競馬場が得意な馬,4アスタ11クイン16ルーフ
202606030512,今回の馬場状態が得意な馬,4アスタ1ヒナア6プレゼ
202606030512,今回のレース間隔で実績がある馬,1ヒナア2プレア11クイン
202606030512,今回の調教評価で実績がある馬,11クイン8シアタ2プレア
202606030512,今回のオッズで期待できる騎手,発売開始後公開予定
202606030512,今回の調教師と相性の良い騎手,戸崎圭太
202606030512,今回の馬主と相性の良い騎手,田辺裕信
202606030512,race_info,16:30発走 /ダ1200m(右)
202606030512,race_detail,"3回中山5日目サラ系４歳以上２勝クラス牝[指]定量16頭本賞金:1190,480,300,180,119万円"
202609020501,このコースで有利な枠順,5枠8枠6枠
202609020501,このコースで有利な脚質,逃げ
202609020501,このコースが得意な騎手,武豊
202609020501,このコースが得意な調教師,松永幹夫
202609020501,このコースに実績がある種牡馬,ルヴァンスレーヴ
202609020501,このコースに実績がある母父,Medicean
202609020501,このコースが得意な馬,2ミルボ
202609020501,この距離が得意な馬,15プルー2ミルボ11レステ
202609020501,この競馬場が得意な馬,2ミルボ
202609020501,今回の馬場状態が得意な馬,15プルー11レステ7イルカ
202609020501,今回のレース間隔で実績がある馬,推奨なし
202609020501,今回の調教評価で実績がある馬,2ミルボ15プルー11レステ
202609020501,今回のオッズで期待できる騎手,発売開始後公開予定
202609020501,今回の調教師と相性の良い騎手,岩田望来
202609020501,今回の馬主と相性の良い騎手,吉村誠之助
202609020501,race_info,09:55発走 /ダ1800m(右)
202609020501,race_detail,"2回阪神5日目サラ系３歳未勝利牝[指]馬齢16頭本賞金:590,240,150,89,59万円"
202609020502,このコースで有利な枠順,8枠7枠6枠
202609020502,このコースで有利な脚質,逃げ
202609020502,このコースが得意な騎手,坂井瑠星
202609020502,このコースが得意な調教師,福永祐一
202609020502,このコースに実績がある種牡馬,コントレイル
202609020502,このコースに実績がある母父,Dubawi
202609020502,このコースが得意な馬,15テリオ1オウケ
202609020502,この距離が得意な馬,8ペプチ10メイシ2オアシ
202609020502,この競馬場が得意な馬,1オウケ15テリオ
202609020502,今回の馬場状態が得意な馬,8ペプチ1オウケ10メイシ
202609020502,今回のレース間隔で実績がある馬,10メイシ
202609020502,今回の調教評価で実績がある馬,8ペプチ1オウケ13ライフ
202609020502,今回のオッズで期待できる騎手,発売開始後公開予定
202609020502,今回の調教師と相性の良い騎手,浜中俊
202609020502,今回の馬主と相性の良い騎手,浜中俊
202609020502,race_info,10:25発走 /ダ1400m(右)
202609020502,race_detail,"2回阪神5日目サラ系３歳未勝利[指]馬齢16頭本賞金:590,240,150,89,59万円"
202609020503,このコースで有利な枠順,5枠8枠6枠
202609020503,このコースで有利な脚質,逃げ
202609020503,このコースが得意な騎手,西村淳也
202609020503,このコースが得意な調教師,吉岡辰弥
202609020503,このコースに実績がある種牡馬,ルヴァンスレーヴ
202609020503,このコースに実績がある母父,Cairo Prin
202609020503,このコースが得意な馬,3ジュン
202609020503,この距離が得意な馬,3ジュン11ジャス1ハオカ
202609020503,この競馬場が得意な馬,3ジュン
202609020503,今回の馬場状態が得意な馬,3ジュン11ジャス1ハオカ
202609020503,今回のレース間隔で実績がある馬,11ジャス4メイシ
202609020503,今回の調教評価で実績がある馬,3ジュン11ジャス1ハオカ
202609020503,今回のオッズで期待できる騎手,発売開始後公開予定
202609020503,今回の調教師と相性の良い騎手,北村友一
202609020503,今回の馬主と相性の良い騎手,北村友一
202609020503,race_info,10:55発走 /ダ1800m(右)
202609020503,race_detail,"2回阪神5日目サラ系３歳未勝利[指]馬齢13頭本賞金:590,240,150,89,59万円"
202609020504,このコースで有利な枠順,5枠8枠1枠
202609020504,このコースで有利な脚質,逃げ
202609020504,このコースが得意な騎手,川田将雅
202609020504,このコースが得意な調教師,庄野靖志
202609020504,このコースに実績がある種牡馬,サトノダイヤモンド
202609020504,このコースに実績がある母父,ディープブリランテ
202609020504,このコースが得意な馬,推奨なし
202609020504,この距離が得意な馬,12コティ6オリオ
202609020504,この競馬場が得意な馬,5コスモ8サトノ
202609020504,今回の馬場状態が得意な馬,5コスモ8サトノ12コティ
202609020504,今回のレース間隔で実績がある馬,推奨なし
202609020504,今回の調教評価で実績がある馬,8サトノ6オリオ
202609020504,今回のオッズで期待できる騎手,発売開始後公開予定
202609020504,今回の調教師と相性の良い騎手,団野大成
202609020504,今回の馬主と相性の良い騎手,松山弘平
202609020504,race_info,11:25発走 /芝2000m(右 B)
202609020504,race_detail,"2回阪神5日目サラ系３歳未勝利(混)[指]馬齢16頭本賞金:590,240,150,89,59万円"
202609020505,このコースで有利な枠順,5枠8枠6枠
202609020505,このコースで有利な脚質,逃げ
202609020505,このコースが得意な騎手,武豊
202609020505,このコースが得意な調教師,大久保龍志
202609020505,このコースに実績がある種牡馬,Essential Quality
202609020505,このコースに実績がある母父,エンパイアメーカー
202609020505,このコースが得意な馬,4タガノ6ヴィエ1アスク
202609020505,この距離が得意な馬,8キリオ1アスク4タガノ
202609020505,この競馬場が得意な馬,4タガノ10クラッ6ヴィエ
202609020505,今回の馬場状態が得意な馬,12メイシ8キリオ11キタノ
202609020505,今回のレース間隔で実績がある馬,12メイシ11キタノ10クラッ
202609020505,今回の調教評価で実績がある馬,4タガノ8キリオ1アスク
202609020505,今回のオッズで期待できる騎手,発売開始後公開予定
202609020505,今回の調教師と相性の良い騎手,松山弘平
202609020505,今回の馬主と相性の良い騎手,田山旺佑
202609020505,race_info,12:15発走 /ダ1800m(右)
202609020505,race_detail,"2回阪神5日目サラ系３歳１勝クラス(特指)馬齢12頭本賞金:820,330,210,120,82万円"
202609020506,このコースで有利な枠順,7枠3枠4枠
202609020506,このコースで有利な脚質,逃げ
202609020506,このコースが得意な騎手,北村友一
202609020506,このコースが得意な調教師,本間忍
202609020506,このコースに実績がある種牡馬,Cairo Prince
202609020506,このコースに実績がある母父,サクラプレジデント
202609020506,このコースが得意な馬,12ネメス
202609020506,この距離が得意な馬,3デルマ12ネメス6ミトノ
202609020506,この競馬場が得意な馬,10グッド12ネメス9エステ
202609020506,今回の馬場状態が得意な馬,3デルマ12ネメス7メイク
202609020506,今回のレース間隔で実績がある馬,1テルヴ13サヨノ7メイク
202609020506,今回の調教評価で実績がある馬,3デルマ7メイク13サヨノ
202609020506,今回のオッズで期待できる騎手,発売開始後公開予定
202609020506,今回の調教師と相性の良い騎手,北村友一
202609020506,今回の馬主と相性の良い騎手,松山弘平
202609020506,race_info,12:45発走 /芝1200m(右 B)
202609020506,race_detail,"2回阪神5日目サラ系３歳１勝クラス(混)(特指)馬齢15頭本賞金:820,330,210,120,82万円"
202609020507,このコースで有利な枠順,5枠8枠6枠
202609020507,このコースで有利な脚質,逃げ
202609020507,このコースが得意な騎手,坂井瑠星
202609020507,このコースが得意な調教師,吉岡辰弥
202609020507,このコースに実績がある種牡馬,キズナ
202609020507,このコースに実績がある母父,エンパイアメーカー
202609020507,このコースが得意な馬,3エアニ11アリス5ハギノ
202609020507,この距離が得意な馬,3エアニ8デルマ5ハギノ
202609020507,この競馬場が得意な馬,3エアニ11アリス5ハギノ
202609020507,今回の馬場状態が得意な馬,2アフェ3エアニ11アリス
202609020507,今回のレース間隔で実績がある馬,11アリス3エアニ2アフェ
202609020507,今回の調教評価で実績がある馬,3エアニ5ハギノ11アリス
202609020507,今回のオッズで期待できる騎手,発売開始後公開予定
202609020507,今回の調教師と相性の良い騎手,松山弘平
202609020507,今回の馬主と相性の良い騎手,松山弘平
202609020507,race_info,13:15発走 /ダ1800m(右)
202609020507,race_detail,"2回阪神5日目サラ系４歳以上１勝クラス牝[指]定量11頭本賞金:820,330,210,120,82万円"
202609020508,このコースで有利な枠順,8枠7枠6枠
202609020508,このコースで有利な脚質,逃げ
202609020508,このコースが得意な騎手,川田将雅
202609020508,このコースが得意な調教師,田中克典
202609020508,このコースに実績がある種牡馬,McKinzie
202609020508,このコースに実績がある母父,Dubawi
202609020508,このコースが得意な馬,5ケイア9モズケ2ワイド
202609020508,この距離が得意な馬,4モーニ11ダディ2ワイド
202609020508,この競馬場が得意な馬,5ケイア9モズケ2ワイド
202609020508,今回の馬場状態が得意な馬,11ダディ4モーニ3パヴィ
202609020508,今回のレース間隔で実績がある馬,13スター9モズケ11ダディ
202609020508,今回の調教評価で実績がある馬,9モズケ12リュキ4モーニ
202609020508,今回のオッズで期待できる騎手,発売開始後公開予定
202609020508,今回の調教師と相性の良い騎手,Ｃ．ルメール
202609020508,今回の馬主と相性の良い騎手,Ｃ．ルメール
202609020508,race_info,13:45発走 /ダ1400m(右)
202609020508,race_detail,"2回阪神5日目サラ系４歳以上１勝クラス(混)[指]定量16頭本賞金:820,330,210,120,82万円"
202609020509,このコースで有利な枠順,3枠4枠1枠
202609020509,このコースで有利な脚質,先行
202609020509,このコースが得意な騎手,Ｃ．ルメール
202609020509,このコースが得意な調教師,宮田敬介
202609020509,このコースに実績がある種牡馬,キズナ
202609020509,このコースに実績がある母父,ブライアンズタイム
202609020509,このコースが得意な馬,1ファー8リッチ6プレイ
202609020509,この距離が得意な馬,4アロン1ファー8リッチ
202609020509,この競馬場が得意な馬,1ファー7サトノ2アルマ
202609020509,今回の馬場状態が得意な馬,4アロン2アルマ1ファー
202609020509,今回のレース間隔で実績がある馬,4アロン7サトノ1ファー
202609020509,今回の調教評価で実績がある馬,4アロン2アルマ3アルベ
202609020509,今回の厩舎コメント評価で実績がある馬,2アルマ3アルベ7サトノ
202609020509,今回のオッズで期待できる騎手,発売開始後公開予定
202609020509,今回の調教師と相性の良い騎手,Ｃ．ルメール
202609020509,今回の馬主と相性の良い騎手,Ｃ．ルメール
202609020509,race_info,14:15発走 /芝2400m(右 外 B)
202609020509,race_detail,"2回阪神5日目サラ系４歳以上２勝クラス(混)(特指)定量8頭本賞金:1580,630,400,240,158万円"
202609020510,このコースで有利な枠順,5枠2枠4枠
202609020510,このコースで有利な脚質,先行
202609020510,このコースが得意な騎手,鮫島克駿
202609020510,このコースが得意な調教師,宮徹
202609020510,このコースに実績がある種牡馬,ハーツクライ
202609020510,このコースに実績がある母父,クロフネ
202609020510,このコースが得意な馬,推奨なし
202609020510,この距離が得意な馬,推奨なし
202609020510,この競馬場が得意な馬,1アマキ5カネフ12ドクタ
202609020510,今回の馬場状態が得意な馬,10ウィク1アマキ7ウエス
202609020510,今回のレース間隔で実績がある馬,1アマキ5カネフ6サンラ
202609020510,今回の調教評価で実績がある馬,10ウィク1アマキ6サンラ
202609020510,今回の厩舎コメント評価で実績がある馬,10ウィク8トータ3ボーン
202609020510,今回のオッズで期待できる騎手,発売開始後公開予定
202609020510,今回の調教師と相性の良い騎手,Ｃ．ルメール
202609020510,今回の馬主と相性の良い騎手,高杉吏麒
202609020510,race_info,14:50発走 /芝2600m(右 外 B)
202609020510,race_detail,"2回阪神5日目サラ系４歳以上オープン(国際)(特指)ハンデ13頭本賞金:2400,960,600,360,240万円"
202609020511,このレースで有利な枠順,1枠7枠5枠
202609020511,このレースで有利な脚質,逃げ
202609020511,このレースが得意な騎手,松山弘平
202609020511,このレースに実績がある種牡馬,ヴィクトワールピサ
202609020511,このレースで有利な性齢,牝4
202609020511,このレースで有利な所属,栗東
202609020511,このレースに実績がある前走クラス,G1
202609020511,このレースに実績がある前走距離,芝1600m
202609020511,このレースに実績があるレース間隔,中7〜9週
202609020511,このレースで狙いの人気,1人気
202609020511,このコースで有利な枠順,4枠3枠5枠
202609020511,このコースで有利な脚質,逃げ
202609020511,このコースが得意な騎手,Ｃ．ルメール
202609020511,このコースが得意な調教師,黒岩陽一
202609020511,このコースに実績がある種牡馬,ブリックスアンドモルタル
202609020511,このコースに実績がある母父,Danehill D
202609020511,このコースが得意な馬,1エンブ6アスコ4ラヴァ
202609020511,この距離が得意な馬,3ルージ6アスコ1エンブ
202609020511,この競馬場が得意な馬,1エンブ5カムニ6アスコ
202609020511,今回の馬場状態が得意な馬,6アスコ2カピリ1エンブ
202609020511,今回のレース間隔で実績がある馬,9エポッ4ラヴァ
202609020511,今回の調教評価で実績がある馬,6アスコ5カムニ1エンブ
202609020511,今回の厩舎コメント評価で実績がある馬,6アスコ1エンブ2カピリ
202609020511,今回のオッズで期待できる騎手,発売開始後公開予定
202609020511,今回の調教師と相性の良い騎手,Ｃ．ルメール
202609020511,今回の馬主と相性の良い騎手,幸英明
202609020511,年度,優勝馬
202609020511,race_info,15:30発走 /芝1600m(右 外 B)
202609020511,race_detail,"2回阪神5日目サラ系４歳以上オープン(国際) 牝(指)別定10頭本賞金:5500,2200,1400,830,550万円"
202609020512,このコースで有利な枠順,7枠8枠4枠
202609020512,このコースで有利な脚質,逃げ
202609020512,このコースが得意な騎手,川田将雅
202609020512,このコースが得意な調教師,斉藤崇史
202609020512,このコースに実績がある種牡馬,Quality Road
202609020512,このコースに実績がある母父,Circular Q
202609020512,このコースが得意な馬,7タイセ6ドンパ12フェン
202609020512,この距離が得意な馬,7タイセ10レイユ16ミッキ
202609020512,この競馬場が得意な馬,7タイセ6ドンパ11クリノ
202609020512,今回の馬場状態が得意な馬,10レイユ6ドンパ8ジャス
202609020512,今回のレース間隔で実績がある馬,1ゼンノ10レイユ4セール
202609020512,今回の調教評価で実績がある馬,10レイユ7タイセ13キタノ
202609020512,今回のオッズで期待できる騎手,発売開始後公開予定
202609020512,今回の調教師と相性の良い騎手,西村淳也
202609020512,今回の馬主と相性の良い騎手,西村淳也
202609020512,race_info,16:10発走 /ダ1200m(右)
202609020512,race_detail,"2回阪神5日目サラ系４歳以上２勝クラス(混)[指]定量16頭本賞金:1190,480,300,180,119万円"
202603010201,このコースで有利な枠順,枠順確定後公開予定
202603010201,このコースで有利な脚質,逃げ
202603010201,このコースが得意な騎手,石川裕紀人
202603010201,このコースが得意な調教師,高柳瑞樹
202603010201,このコースに実績がある種牡馬,ナダル
202603010201,このコースに実績がある母父,Pivotal
202603010201,このコースが得意な馬,アーテ
202603010201,この距離が得意な馬,エアトアーテ
202603010201,この競馬場が得意な馬,アーテ
202603010201,今回の馬場状態が得意な馬,エアトアンミアーテ
202603010201,今回のレース間隔で実績がある馬,シンデアーテ
202603010201,今回の調教評価で実績がある馬,レース前日13時公開予定
202603010201,今回の厩舎コメント評価で実績がある馬,レース前日13時公開予定
202603010201,今回のオッズで期待できる騎手,発売開始後公開予定
202603010201,今回の調教師と相性の良い騎手,小沢大仁
202603010201,今回の馬主と相性の良い騎手,推奨なし
202603010201,race_info,09:45発走 /ダ1700m(右)
202603010201,race_detail,"1回福島2日目15頭本賞金:590,240,150,89,59万円"
202603010202,このコースで有利な枠順,枠順確定後公開予定
202603010202,このコースで有利な脚質,逃げ
202603010202,このコースが得意な騎手,加藤祥太
202603010202,このコースが得意な調教師,加藤公太
202603010202,このコースに実績がある種牡馬,ウインブライト
202603010202,このコースに実績がある母父,More Than
202603010202,このコースが得意な馬,推奨なし
202603010202,この距離が得意な馬,リナシディジツルノ
202603010202,この競馬場が得意な馬,推奨なし
202603010202,今回の馬場状態が得意な馬,リナシディジツルノ
202603010202,今回のレース間隔で実績がある馬,推奨なし
202603010202,今回の調教評価で実績がある馬,レース前日13時公開予定
202603010202,今回の厩舎コメント評価で実績がある馬,レース前日13時公開予定
202603010202,今回のオッズで期待できる騎手,発売開始後公開予定
202603010202,今回の調教師と相性の良い騎手,鷲頭虎太
202603010202,今回の馬主と相性の良い騎手,推奨なし
202603010202,race_info,10:10発走 /芝1200m(右 A)
202603010202,race_detail,"1回福島2日目16頭本賞金:590,240,150,89,59万円"
202603010203,このコースで有利な枠順,枠順確定後公開予定
202603010203,このコースで有利な脚質,逃げ
202603010203,このコースが得意な騎手,斎藤新
202603010203,このコースが得意な調教師,高柳瑞樹
202603010203,このコースに実績がある種牡馬,タリスマニック
202603010203,このコースに実績がある母父,Lemon Drop
202603010203,このコースが得意な馬,推奨なし
202603010203,この距離が得意な馬,ジョー
202603010203,この競馬場が得意な馬,推奨なし
202603010203,今回の馬場状態が得意な馬,ジョーブルーティー
202603010203,今回のレース間隔で実績がある馬,推奨なし
202603010203,今回の調教評価で実績がある馬,レース前日13時公開予定
202603010203,今回の厩舎コメント評価で実績がある馬,レース前日13時公開予定
202603010203,今回のオッズで期待できる騎手,発売開始後公開予定
202603010203,今回の調教師と相性の良い騎手,西塚洸二
202603010203,今回の馬主と相性の良い騎手,推奨なし
202603010203,race_info,10:40発走 /ダ1700m(右)
202603010203,race_detail,"1回福島2日目15頭本賞金:590,240,150,89,59万円"
202603010204,このコースで有利な枠順,枠順確定後公開予定
202603010204,このコースで有利な脚質,逃げ
202603010204,このコースが得意な騎手,丹内祐次
202603010204,このコースが得意な調教師,加藤公太
202603010204,このコースに実績がある種牡馬,アルアイン
202603010204,このコースに実績がある母父,メイショウボーラー
202603010204,このコースが得意な馬,推奨なし
202603010204,この距離が得意な馬,推奨なし
202603010204,この競馬場が得意な馬,推奨なし
202603010204,今回の馬場状態が得意な馬,推奨なし
202603010204,今回のレース間隔で実績がある馬,推奨なし
202603010204,今回の調教評価で実績がある馬,レース前日13時公開予定
202603010204,今回の厩舎コメント評価で実績がある馬,レース前日13時公開予定
202603010204,今回のオッズで期待できる騎手,発売開始後公開予定
202603010204,今回の調教師と相性の良い騎手,石神深道
202603010204,今回の馬主と相性の良い騎手,推奨なし
202603010204,race_info,11:10発走 /芝1200m(右 A)
202603010204,race_detail,"1回福島2日目16頭本賞金:590,240,150,89,59万円"
202603010205,このコースで有利な枠順,枠順確定後公開予定
202603010205,このコースで有利な脚質,先行
202603010205,このコースが得意な騎手,舟山瑠泉
202603010205,このコースが得意な調教師,杉山晴紀
202603010205,このコースに実績がある種牡馬,シスキン
202603010205,このコースに実績がある母父,Exchange R
202603010205,このコースが得意な馬,推奨なし
202603010205,この距離が得意な馬,ローズコスモ
202603010205,この競馬場が得意な馬,推奨なし
202603010205,今回の馬場状態が得意な馬,ローズコスモアッパ
202603010205,今回のレース間隔で実績がある馬,推奨なし
202603010205,今回の調教評価で実績がある馬,レース前日13時公開予定
202603010205,今回の厩舎コメント評価で実績がある馬,レース前日13時公開予定
202603010205,今回のオッズで期待できる騎手,発売開始後公開予定
202603010205,今回の調教師と相性の良い騎手,西塚洸二
202603010205,今回の馬主と相性の良い騎手,推奨なし
202603010205,race_info,12:00発走 /芝1800m(右 A)
202603010205,race_detail,"1回福島2日目16頭本賞金:590,240,150,89,59万円"
202603010206,このコースで有利な枠順,枠順確定後公開予定
202603010206,このコースで有利な脚質,先行
202603010206,このコースが得意な騎手,鷲頭虎太
202603010206,このコースが得意な調教師,梅田智之
202603010206,このコースに実績がある種牡馬,ディーマジェスティ
202603010206,このコースに実績がある母父,Congrats
202603010206,このコースが得意な馬,リアル
202603010206,この距離が得意な馬,コスモクラウスタニ
202603010206,この競馬場が得意な馬,リアルシャイコスモ
202603010206,今回の馬場状態が得意な馬,マイネクラウリアル
202603010206,今回のレース間隔で実績がある馬,コスモジェロウイン
202603010206,今回の調教評価で実績がある馬,レース前日13時公開予定
202603010206,今回の厩舎コメント評価で実績がある馬,レース前日13時公開予定
202603010206,今回のオッズで期待できる騎手,発売開始後公開予定
202603010206,今回の調教師と相性の良い騎手,石神深道
202603010206,今回の馬主と相性の良い騎手,推奨なし
202603010206,race_info,12:30発走 /芝2000m(右 A)
202603010206,race_detail,"1回福島2日目15頭本賞金:820,330,210,120,82万円"
202603010207,このコースで有利な枠順,枠順確定後公開予定
202603010207,このコースで有利な脚質,逃げ
202603010207,このコースが得意な騎手,石川裕紀人
202603010207,このコースが得意な調教師,大竹正博
202603010207,このコースに実績がある種牡馬,キタサンブラック
202603010207,このコースに実績がある母父,Scat Daddy
202603010207,このコースが得意な馬,カスバ
202603010207,この距離が得意な馬,キャッカスバピラニ
202603010207,この競馬場が得意な馬,カスバ
202603010207,今回の馬場状態が得意な馬,ミルキキャッニコ
202603010207,今回のレース間隔で実績がある馬,フォンノクタ
202603010207,今回の調教評価で実績がある馬,レース前日13時公開予定
202603010207,今回の厩舎コメント評価で実績がある馬,レース前日13時公開予定
202603010207,今回のオッズで期待できる騎手,発売開始後公開予定
202603010207,今回の調教師と相性の良い騎手,丹内祐次
202603010207,今回の馬主と相性の良い騎手,推奨なし
202603010207,race_info,13:00発走 /ダ1700m(右)
202603010207,race_detail,"1回福島2日目15頭本賞金:820,330,210,120,82万円"
202603010208,このコースで有利な枠順,枠順確定後公開予定
202603010208,このコースで有利な脚質,逃げ
202603010208,このコースが得意な騎手,舟山瑠泉
202603010208,このコースが得意な調教師,森秀行
202603010208,このコースに実績がある種牡馬,レオアクティブ
202603010208,このコースに実績がある母父,Smart Stri
202603010208,このコースが得意な馬,タマモノーブオンザ
202603010208,この距離が得意な馬,サディピアスノーブ
202603010208,この競馬場が得意な馬,タマモノーブオンザ
202603010208,今回の馬場状態が得意な馬,ピアスサディフロウ
202603010208,今回のレース間隔で実績がある馬,フロウレオプブライ
202603010208,今回の調教評価で実績がある馬,レース前日13時公開予定
202603010208,今回の厩舎コメント評価で実績がある馬,レース前日13時公開予定
202603010208,今回のオッズで期待できる騎手,発売開始後公開予定
202603010208,今回の調教師と相性の良い騎手,斎藤新
202603010208,今回の馬主と相性の良い騎手,推奨なし
202603010208,race_info,13:30発走 /芝1200m(右 A)
202603010208,race_detail,"1回福島2日目16頭本賞金:820,330,210,120,82万円"
202603010209,このコースで有利な枠順,枠順確定後公開予定
202603010209,このコースで有利な脚質,先行
202603010209,このコースが得意な騎手,丹内祐次
202603010209,このコースが得意な調教師,安達昭夫
202603010209,このコースに実績がある種牡馬,バゴ
202603010209,このコースに実績がある母父,ルールオブロー
202603010209,このコースが得意な馬,テイクニホンテイキ
202603010209,この距離が得意な馬,テイクテイキローレ
202603010209,この競馬場が得意な馬,テイクニホンマーゴ
202603010209,今回の馬場状態が得意な馬,ゲンジテイクマーゴ
202603010209,今回のレース間隔で実績がある馬,ゲンジペネトジェロ
202603010209,今回の調教評価で実績がある馬,レース前日13時公開予定
202603010209,今回の厩舎コメント評価で実績がある馬,レース前日13時公開予定
202603010209,今回のオッズで期待できる騎手,発売開始後公開予定
202603010209,今回の調教師と相性の良い騎手,和田陽希
202603010209,今回の馬主と相性の良い騎手,推奨なし
202603010209,race_info,14:05発走 /芝2600m(右 A)
202603010209,race_detail,"1回福島2日目サラ系４歳以上１勝クラス[指]定量13頭本賞金:1140,460,290,170,114万円"
202603010210,このコースで有利な枠順,枠順確定後公開予定
202603010210,このコースで有利な脚質,逃げ
202603010210,このコースが得意な騎手,松若風馬
202603010210,このコースが得意な調教師,橋口慎介
202603010210,このコースに実績がある種牡馬,ゴールドアクター
202603010210,このコースに実績がある母父,アルデバランII
202603010210,このコースが得意な馬,ディーエスシハニー
202603010210,この距離が得意な馬,ディーエスシハニー
202603010210,この競馬場が得意な馬,ディーエスシハニー
202603010210,今回の馬場状態が得意な馬,ハニーミニョフレッ
202603010210,今回のレース間隔で実績がある馬,ゼンノフレッアイア
202603010210,今回の調教評価で実績がある馬,レース前日13時公開予定
202603010210,今回の厩舎コメント評価で実績がある馬,レース前日13時公開予定
202603010210,今回のオッズで期待できる騎手,発売開始後公開予定
202603010210,今回の調教師と相性の良い騎手,西塚洸二
202603010210,今回の馬主と相性の良い騎手,推奨なし
202603010210,race_info,14:40発走 /ダ1150m(右)
202603010210,race_detail,"1回福島2日目サラ系４歳以上２勝クラス(混)[指]定量16頭本賞金:1580,630,400,240,158万円"
202603010211,このコースで有利な枠順,枠順確定後公開予定
202603010211,このコースで有利な脚質,先行
202603010211,このコースが得意な騎手,丸田恭介
202603010211,このコースが得意な調教師,梅田智之
202603010211,このコースに実績がある種牡馬,スピルバーグ
202603010211,このコースに実績がある母父,スニッツェル
202603010211,このコースが得意な馬,サヴォウインバレエ
202603010211,この距離が得意な馬,ウエスタシッガイア
202603010211,この競馬場が得意な馬,サヴォバルナバレエ
202603010211,今回の馬場状態が得意な馬,ピースタシッマイネ
202603010211,今回のレース間隔で実績がある馬,トゥデリビアガイア
202603010211,今回の調教評価で実績がある馬,レース前日13時公開予定
202603010211,今回の厩舎コメント評価で実績がある馬,レース前日13時公開予定
202603010211,今回のオッズで期待できる騎手,発売開始後公開予定
202603010211,今回の調教師と相性の良い騎手,斎藤新
202603010211,今回の馬主と相性の良い騎手,推奨なし
202603010211,race_info,15:15発走 /芝2000m(右 A)
202603010211,race_detail,"1回福島2日目サラ系４歳以上オープン(国際)(特指)別定15頭本賞金:2800,1100,700,420,280万円"
202603010212,このコースで有利な枠順,枠順確定後公開予定
202603010212,このコースで有利な脚質,逃げ
202603010212,このコースが得意な騎手,石川裕紀人
202603010212,このコースが得意な調教師,矢嶋大樹
202603010212,このコースに実績がある種牡馬,シャンハイボビー
202603010212,このコースに実績がある母父,Roi Norman
202603010212,このコースが得意な馬,マテンブルーカーフ
202603010212,この距離が得意な馬,リーゼカーフマテン
202603010212,この競馬場が得意な馬,マテンブルーカーフ
202603010212,今回の馬場状態が得意な馬,タルタマテンインヴ
202603010212,今回のレース間隔で実績がある馬,ウインヤマカグレイ
202603010212,今回の調教評価で実績がある馬,レース前日13時公開予定
202603010212,今回の厩舎コメント評価で実績がある馬,レース前日13時公開予定
202603010212,今回のオッズで期待できる騎手,発売開始後公開予定
202603010212,今回の調教師と相性の良い騎手,丹内祐次
202603010212,今回の馬主と相性の良い騎手,斎藤新
202603010212,race_info,16:00発走 /ダ1700m(右)
202603010212,race_detail,"1回福島2日目15頭本賞金:820,330,210,120,82万円"
202606030601,このコースで有利な枠順,枠順確定後公開予定
202606030601,このコースで有利な脚質,逃げ
202606030601,このコースが得意な騎手,横山典弘
202606030601,このコースが得意な調教師,本田優
202606030601,このコースに実績がある種牡馬,ルヴァンスレーヴ
202606030601,このコースに実績がある母父,ブラックタイド
202606030601,このコースが得意な馬,ニンジロードプラチ
202606030601,この距離が得意な馬,ニンジロードプラチ
202606030601,この競馬場が得意な馬,ニンジロードプラチ
202606030601,今回の馬場状態が得意な馬,マクロニンジロード
202606030601,今回のレース間隔で実績がある馬,ニンジ
202606030601,今回の調教評価で実績がある馬,レース前日13時公開予定
202606030601,今回の厩舎コメント評価で実績がある馬,レース前日13時公開予定
202606030601,今回のオッズで期待できる騎手,発売開始後公開予定
202606030601,今回の調教師と相性の良い騎手,田辺裕信
202606030601,今回の馬主と相性の良い騎手,推奨なし
202606030601,race_info,09:50発走 /ダ1200m(右)
202606030601,race_detail,"3回中山6日目15頭本賞金:590,240,150,89,59万円"
202606030602,このコースで有利な枠順,枠順確定後公開予定
202606030602,このコースで有利な脚質,先行
202606030602,このコースが得意な騎手,岩田康誠
202606030602,このコースが得意な調教師,萩原清
202606030602,このコースに実績がある種牡馬,ルヴァンスレーヴ
202606030602,このコースに実績がある母父,ゴールドヘイロー
202606030602,このコースが得意な馬,アルデニシノ
202606030602,この距離が得意な馬,アルデニシノ
202606030602,この競馬場が得意な馬,アルデニシノ
202606030602,今回の馬場状態が得意な馬,ミッキアルデニシノ
202606030602,今回のレース間隔で実績がある馬,推奨なし
202606030602,今回の調教評価で実績がある馬,レース前日13時公開予定
202606030602,今回の厩舎コメント評価で実績がある馬,レース前日13時公開予定
202606030602,今回のオッズで期待できる騎手,発売開始後公開予定
202606030602,今回の調教師と相性の良い騎手,横山和生
202606030602,今回の馬主と相性の良い騎手,推奨なし
202606030602,race_info,10:20発走 /ダ1800m(右)
202606030602,race_detail,"3回中山6日目15頭本賞金:590,240,150,89,59万円"
202606030603,このコースで有利な枠順,枠順確定後公開予定
202606030603,このコースで有利な脚質,逃げ
202606030603,このコースが得意な騎手,Ｍ．ディー
202606030603,このコースが得意な調教師,高柳大輔
202606030603,このコースに実績がある種牡馬,Volatile
202606030603,このコースに実績がある母父,Uncle Mo
202606030603,このコースが得意な馬,推奨なし
202606030603,この距離が得意な馬,バンダ
202606030603,この競馬場が得意な馬,推奨なし
202606030603,今回の馬場状態が得意な馬,バンダ
202606030603,今回のレース間隔で実績がある馬,推奨なし
202606030603,今回の調教評価で実績がある馬,レース前日13時公開予定
202606030603,今回の厩舎コメント評価で実績がある馬,レース前日13時公開予定
202606030603,今回のオッズで期待できる騎手,発売開始後公開予定
202606030603,今回の調教師と相性の良い騎手,横山武史
202606030603,今回の馬主と相性の良い騎手,推奨なし
202606030603,race_info,10:50発走 /ダ1200m(右)
202606030603,race_detail,"3回中山6日目14頭本賞金:590,240,150,89,59万円"
202606030604,このコースで有利な枠順,枠順確定後公開予定
202606030604,このコースで有利な脚質,推奨なし
202606030604,このコースが得意な騎手,推奨なし
202606030604,このコースが得意な調教師,推奨なし
202606030604,このコースに実績がある種牡馬,推奨なし
202606030604,このコースに実績がある母父,推奨なし
202606030604,このコースが得意な馬,推奨なし
202606030604,この距離が得意な馬,推奨なし
202606030604,この競馬場が得意な馬,マオノカイコサトミ
202606030604,今回の馬場状態が得意な馬,マオノカイコソルト
202606030604,今回のレース間隔で実績がある馬,バラジカルマ
202606030604,今回の調教評価で実績がある馬,レース前日13時公開予定
202606030604,今回の厩舎コメント評価で実績がある馬,レース前日13時公開予定
202606030604,今回のオッズで期待できる騎手,発売開始後公開予定
202606030604,今回の調教師と相性の良い騎手,大江原圭
202606030604,今回の馬主と相性の良い騎手,推奨なし
202606030604,race_info,11:20発走 /ダ2880m(右)
202606030604,race_detail,"3回中山6日目14頭本賞金:840,340,210,130,84万円"
202606030605,このコースで有利な枠順,枠順確定後公開予定
202606030605,このコースで有利な脚質,先行
202606030605,このコースが得意な騎手,田辺裕信
202606030605,このコースが得意な調教師,森一誠
202606030605,このコースに実績がある種牡馬,リアルスティール
202606030605,このコースに実績がある母父,Kitten's J
202606030605,このコースが得意な馬,ミサダ
202606030605,この距離が得意な馬,ミサダ
202606030605,この競馬場が得意な馬,ミサダ
202606030605,今回の馬場状態が得意な馬,アメリビップダーリ
202606030605,今回のレース間隔で実績がある馬,ビップダーリ
202606030605,今回の調教評価で実績がある馬,レース前日13時公開予定
202606030605,今回の厩舎コメント評価で実績がある馬,レース前日13時公開予定
202606030605,今回のオッズで期待できる騎手,発売開始後公開予定
202606030605,今回の調教師と相性の良い騎手,横山典弘
202606030605,今回の馬主と相性の良い騎手,推奨なし
202606030605,race_info,12:10発走 /芝2200m(右 外 B)
202606030605,race_detail,"3回中山6日目18頭本賞金:590,240,150,89,59万円"
202606030606,このコースで有利な枠順,枠順確定後公開予定
202606030606,このコースで有利な脚質,先行
202606030606,このコースが得意な騎手,横山和生
202606030606,このコースが得意な調教師,斎藤誠
202606030606,このコースに実績がある種牡馬,クリソベリル
202606030606,このコースに実績がある母父,オナーコード
202606030606,このコースが得意な馬,プレイエコロゴール
202606030606,この距離が得意な馬,プレイシステゴール
202606030606,この競馬場が得意な馬,プレイエコロゴール
202606030606,今回の馬場状態が得意な馬,ゴールプレイシステ
202606030606,今回のレース間隔で実績がある馬,ベルウエコロテルケ
202606030606,今回の調教評価で実績がある馬,レース前日13時公開予定
202606030606,今回の厩舎コメント評価で実績がある馬,レース前日13時公開予定
202606030606,今回のオッズで期待できる騎手,発売開始後公開予定
202606030606,今回の調教師と相性の良い騎手,横山武史
202606030606,今回の馬主と相性の良い騎手,推奨なし
202606030606,race_info,12:40発走 /ダ1800m(右)
202606030606,race_detail,"3回中山6日目11頭本賞金:820,330,210,120,82万円"
202606030607,このコースで有利な枠順,枠順確定後公開予定
202606030607,このコースで有利な脚質,逃げ
202606030607,このコースが得意な騎手,佐々木大輔
202606030607,このコースが得意な調教師,宮田敬介
202606030607,このコースに実績がある種牡馬,キタサンブラック
202606030607,このコースに実績がある母父,Redattore
202606030607,このコースが得意な馬,ゴールトレヴブラッ
202606030607,この距離が得意な馬,ブラッルナルトレヴ
202606030607,この競馬場が得意な馬,ブラッゴールトレヴ
202606030607,今回の馬場状態が得意な馬,ブラットレヴアトリ
202606030607,今回のレース間隔で実績がある馬,ユーテゴールドルビ
202606030607,今回の調教評価で実績がある馬,レース前日13時公開予定
202606030607,今回の厩舎コメント評価で実績がある馬,レース前日13時公開予定
202606030607,今回のオッズで期待できる騎手,発売開始後公開予定
202606030607,今回の調教師と相性の良い騎手,大野拓弥
202606030607,今回の馬主と相性の良い騎手,推奨なし
202606030607,race_info,13:10発走 /芝1600m(右 外 B)
202606030607,race_detail,"3回中山6日目15頭本賞金:820,330,210,120,82万円"
202606030608,このコースで有利な枠順,枠順確定後公開予定
202606030608,このコースで有利な脚質,逃げ
202606030608,このコースが得意な騎手,Ｍ．ディー
202606030608,このコースが得意な調教師,鹿戸雄一
202606030608,このコースに実績がある種牡馬,キズナ
202606030608,このコースに実績がある母父,First Dude
202606030608,このコースが得意な馬,ウインマイネグラン
202606030608,この距離が得意な馬,クラッマイネウイン
202606030608,この競馬場が得意な馬,ウインマイネグラン
202606030608,今回の馬場状態が得意な馬,クラッウイングラン
202606030608,今回のレース間隔で実績がある馬,マイネウインクイン
202606030608,今回の調教評価で実績がある馬,レース前日13時公開予定
202606030608,今回の厩舎コメント評価で実績がある馬,レース前日13時公開予定
202606030608,今回のオッズで期待できる騎手,発売開始後公開予定
202606030608,今回の調教師と相性の良い騎手,横山武史
202606030608,今回の馬主と相性の良い騎手,推奨なし
202606030608,race_info,13:40発走 /芝1800m(右 B)
202606030608,race_detail,"3回中山6日目10頭本賞金:1190,480,300,180,119万円"
202606030609,このコースで有利な枠順,枠順確定後公開予定
202606030609,このコースで有利な脚質,先行
202606030609,このコースが得意な騎手,荻野極
202606030609,このコースが得意な調教師,尾関知人
202606030609,このコースに実績がある種牡馬,ニューイヤーズデイ
202606030609,このコースに実績がある母父,トワイニング
202606030609,このコースが得意な馬,キャスラファムジェ
202606030609,この距離が得意な馬,イプシオオタムジェ
202606030609,この競馬場が得意な馬,キャスムジェラファ
202606030609,今回の馬場状態が得意な馬,リラゲイプシコーリ
202606030609,今回のレース間隔で実績がある馬,オオタコーリロンパ
202606030609,今回の調教評価で実績がある馬,レース前日13時公開予定
202606030609,今回の厩舎コメント評価で実績がある馬,レース前日13時公開予定
202606030609,今回のオッズで期待できる騎手,発売開始後公開予定
202606030609,今回の調教師と相性の良い騎手,Ｍ．ディー
202606030609,今回の馬主と相性の良い騎手,推奨なし
202606030609,race_info,14:15発走 /ダ2400m(右)
202606030609,race_detail,"3回中山6日目サラ系４歳以上２勝クラス(混)[指]ハンデ12頭本賞金:1580,630,400,240,158万円"
202606030610,このコースで有利な枠順,枠順確定後公開予定
202606030610,このコースで有利な脚質,逃げ
202606030610,このコースが得意な騎手,横山武史
202606030610,このコースが得意な調教師,野中賢二
202606030610,このコースに実績がある種牡馬,グレーターロンドン
202606030610,このコースに実績がある母父,ディクタット
202606030610,このコースが得意な馬,インパヒシアマテン
202606030610,この距離が得意な馬,マテンボーモインパ
202606030610,この競馬場が得意な馬,インパヒシアマテン
202606030610,今回の馬場状態が得意な馬,インパヒシアブルク
202606030610,今回のレース間隔で実績がある馬,インパストレヒシア
202606030610,今回の調教評価で実績がある馬,レース前日13時公開予定
202606030610,今回の厩舎コメント評価で実績がある馬,レース前日13時公開予定
202606030610,今回のオッズで期待できる騎手,発売開始後公開予定
202606030610,今回の調教師と相性の良い騎手,横山和生
202606030610,今回の馬主と相性の良い騎手,推奨なし
202606030610,race_info,14:50発走 /芝1600m(右 外 B)
202606030610,race_detail,"3回中山6日目サラ系４歳以上３勝クラス(混)(特指)定量12頭本賞金:1870,750,470,280,187万円"
202606030611,このコースで有利な枠順,枠順確定後公開予定
202606030611,このコースで有利な脚質,逃げ
202606030611,このコースが得意な騎手,岩田康誠
202606030611,このコースが得意な調教師,鹿戸雄一
202606030611,このコースに実績がある種牡馬,Too Darn Hot
202606030611,このコースに実績がある母父,Dark Angel
202606030611,このコースが得意な馬,ソーダロードカンシ
202606030611,この距離が得意な馬,ソーダロードカンシ
202606030611,この競馬場が得意な馬,ソーダロードカンシ
202606030611,今回の馬場状態が得意な馬,ロードソーダカンシ
202606030611,今回のレース間隔で実績がある馬,タマモアクージョー
202606030611,今回の調教評価で実績がある馬,レース前日13時公開予定
202606030611,今回の厩舎コメント評価で実績がある馬,レース前日13時公開予定
202606030611,今回のオッズで期待できる騎手,発売開始後公開予定
202606030611,今回の調教師と相性の良い騎手,横山武史
202606030611,今回の馬主と相性の良い騎手,推奨なし
202606030611,race_info,15:25発走 /芝1200m(右 外 B)
202606030611,race_detail,"3回中山6日目サラ系４歳以上オープン(国際)(特指)ハンデ16頭本賞金:2700,1100,680,410,270万円"
202606030612,このコースで有利な枠順,枠順確定後公開予定
202606030612,このコースで有利な脚質,逃げ
202606030612,このコースが得意な騎手,Ｍ．ディー
202606030612,このコースが得意な調教師,鹿戸雄一
202606030612,このコースに実績がある種牡馬,ナダル
202606030612,このコースに実績がある母父,アルデバランII
202606030612,このコースが得意な馬,シュレヴィンハーモ
202606030612,この距離が得意な馬,シュレヴィンハーモ
202606030612,この競馬場が得意な馬,シュレヴィンハーモ
202606030612,今回の馬場状態が得意な馬,ヴィンブエナシスタ
202606030612,今回のレース間隔で実績がある馬,シュレハーモハッピ
202606030612,今回の調教評価で実績がある馬,レース前日13時公開予定
202606030612,今回の厩舎コメント評価で実績がある馬,レース前日13時公開予定
202606030612,今回のオッズで期待できる騎手,発売開始後公開予定
202606030612,今回の調教師と相性の良い騎手,横山武史
202606030612,今回の馬主と相性の良い騎手,推奨なし
202606030612,race_info,16:10発走 /ダ1200m(右)
202606030612,race_detail,"3回中山6日目13頭本賞金:820,330,210,120,82万円"
202609020601,このコースで有利な枠順,枠順確定後公開予定
202609020601,このコースで有利な脚質,逃げ
202609020601,このコースが得意な騎手,松山弘平
202609020601,このコースが得意な調教師,杉山晴紀
202609020601,このコースに実績がある種牡馬,ミスチヴィアスアレックス
202609020601,このコースに実績がある母父,フレンチデピュティ
202609020601,このコースが得意な馬,ゼルダスマッメイシ
202609020601,この距離が得意な馬,スマッメイシゼルダ
202609020601,この競馬場が得意な馬,ゼルダスマッメイシ
202609020601,今回の馬場状態が得意な馬,アスタゼルダオーブ
202609020601,今回のレース間隔で実績がある馬,スマッ
202609020601,今回の調教評価で実績がある馬,レース前日13時公開予定
202609020601,今回の厩舎コメント評価で実績がある馬,レース前日13時公開予定
202609020601,今回のオッズで期待できる騎手,発売開始後公開予定
202609020601,今回の調教師と相性の良い騎手,幸英明
202609020601,今回の馬主と相性の良い騎手,推奨なし
202609020601,race_info,10:00発走 /ダ1400m(右)
202609020601,race_detail,"2回阪神6日目16頭本賞金:590,240,150,89,59万円"
202609020602,このコースで有利な枠順,枠順確定後公開予定
202609020602,このコースで有利な脚質,逃げ
202609020602,このコースが得意な騎手,松山弘平
202609020602,このコースが得意な調教師,大久保龍志
202609020602,このコースに実績がある種牡馬,ルヴァンスレーヴ
202609020602,このコースに実績がある母父,ネオユニヴァース
202609020602,このコースが得意な馬,スマー
202609020602,この距離が得意な馬,スマーメンデ
202609020602,この競馬場が得意な馬,スマー
202609020602,今回の馬場状態が得意な馬,ジュウスマーメンデ
202609020602,今回のレース間隔で実績がある馬,推奨なし
202609020602,今回の調教評価で実績がある馬,レース前日13時公開予定
202609020602,今回の厩舎コメント評価で実績がある馬,レース前日13時公開予定
202609020602,今回のオッズで期待できる騎手,発売開始後公開予定
202609020602,今回の調教師と相性の良い騎手,松山弘平
202609020602,今回の馬主と相性の良い騎手,推奨なし
202609020602,race_info,10:30発走 /ダ1800m(右)
202609020602,race_detail,"2回阪神6日目16頭本賞金:590,240,150,89,59万円"
202609020603,このコースで有利な枠順,枠順確定後公開予定
202609020603,このコースで有利な脚質,逃げ
202609020603,このコースが得意な騎手,幸英明
202609020603,このコースが得意な調教師,大橋勇樹
202609020603,このコースに実績がある種牡馬,マテラスカイ
202609020603,このコースに実績がある母父,Saint Liam
202609020603,このコースが得意な馬,クリコ
202609020603,この距離が得意な馬,クリコザキノミスヘ
202609020603,この競馬場が得意な馬,クリコ
202609020603,今回の馬場状態が得意な馬,ザキノ
202609020603,今回のレース間隔で実績がある馬,ザキノ
202609020603,今回の調教評価で実績がある馬,レース前日13時公開予定
202609020603,今回の厩舎コメント評価で実績がある馬,レース前日13時公開予定
202609020603,今回のオッズで期待できる騎手,発売開始後公開予定
202609020603,今回の調教師と相性の良い騎手,幸英明
202609020603,今回の馬主と相性の良い騎手,推奨なし
202609020603,race_info,11:00発走 /ダ1200m(右)
202609020603,race_detail,"2回阪神6日目16頭本賞金:590,240,150,89,59万円"
202609020604,このコースで有利な枠順,枠順確定後公開予定
202609020604,このコースで有利な脚質,逃げ
202609020604,このコースが得意な騎手,Ｃ．ルメール
202609020604,このコースが得意な調教師,須貝尚介
202609020604,このコースに実績がある種牡馬,ショウナンバッハ
202609020604,このコースに実績がある母父,ソングオブウインド
202609020604,このコースが得意な馬,ララフタナブ
202609020604,この距離が得意な馬,ララフタナブソルト
202609020604,この競馬場が得意な馬,ララフブランタナブ
202609020604,今回の馬場状態が得意な馬,ララフソルトタナブ
202609020604,今回のレース間隔で実績がある馬,推奨なし
202609020604,今回の調教評価で実績がある馬,レース前日13時公開予定
202609020604,今回の厩舎コメント評価で実績がある馬,レース前日13時公開予定
202609020604,今回のオッズで期待できる騎手,発売開始後公開予定
202609020604,今回の調教師と相性の良い騎手,北村友一
202609020604,今回の馬主と相性の良い騎手,推奨なし
202609020604,race_info,11:30発走 /芝1600m(右 B)
202609020604,race_detail,"2回阪神6日目18頭本賞金:590,240,150,89,59万円"
202609020605,このコースで有利な枠順,枠順確定後公開予定
202609020605,このコースで有利な脚質,逃げ
202609020605,このコースが得意な騎手,坂井瑠星
202609020605,このコースが得意な調教師,杉山晴紀
202609020605,このコースに実績がある種牡馬,コントレイル
202609020605,このコースに実績がある母父,ノヴェリスト
202609020605,このコースが得意な馬,ポッドゴールブロン
202609020605,この距離が得意な馬,リサシテーオワイド
202609020605,この競馬場が得意な馬,ポッドゴールブロン
202609020605,今回の馬場状態が得意な馬,ワイドブロンテーオ
202609020605,今回のレース間隔で実績がある馬,ブロンカフジラッキ
202609020605,今回の調教評価で実績がある馬,レース前日13時公開予定
202609020605,今回の厩舎コメント評価で実績がある馬,レース前日13時公開予定
202609020605,今回のオッズで期待できる騎手,発売開始後公開予定
202609020605,今回の調教師と相性の良い騎手,西村淳也
202609020605,今回の馬主と相性の良い騎手,推奨なし
202609020605,race_info,12:20発走 /ダ1400m(右)
202609020605,race_detail,"2回阪神6日目16頭本賞金:820,330,210,120,82万円"
202609020606,このコースで有利な枠順,枠順確定後公開予定
202609020606,このコースで有利な脚質,逃げ
202609020606,このコースが得意な騎手,松山弘平
202609020606,このコースが得意な調教師,高野友和
202609020606,このコースに実績がある種牡馬,Collected
202609020606,このコースに実績がある母父,Congrats
202609020606,このコースが得意な馬,メイシロードモズプ
202609020606,この距離が得意な馬,ロードソニッメイシ
202609020606,この競馬場が得意な馬,メイシロードモズプ
202609020606,今回の馬場状態が得意な馬,ロードソニッメイシ
202609020606,今回のレース間隔で実績がある馬,アスクロードメイシ
202609020606,今回の調教評価で実績がある馬,レース前日13時公開予定
202609020606,今回の厩舎コメント評価で実績がある馬,レース前日13時公開予定
202609020606,今回のオッズで期待できる騎手,発売開始後公開予定
202609020606,今回の調教師と相性の良い騎手,Ｃ．ルメール
202609020606,今回の馬主と相性の良い騎手,推奨なし
202609020606,race_info,12:50発走 /ダ1800m(右)
202609020606,race_detail,"2回阪神6日目10頭本賞金:820,330,210,120,82万円"
202609020607,このコースで有利な枠順,枠順確定後公開予定
202609020607,このコースで有利な脚質,逃げ
202609020607,このコースが得意な騎手,Ｃ．ルメール
202609020607,このコースが得意な調教師,藤原英昭
202609020607,このコースに実績がある種牡馬,キズナ
202609020607,このコースに実績がある母父,ディープインパクト
202609020607,このコースが得意な馬,ロンドマルカ
202609020607,この距離が得意な馬,ロンドジャササクラ
202609020607,この競馬場が得意な馬,ロンドタイキバガン
202609020607,今回の馬場状態が得意な馬,ジャサエルサブルボ
202609020607,今回のレース間隔で実績がある馬,ブルボジャサロンド
202609020607,今回の調教評価で実績がある馬,レース前日13時公開予定
202609020607,今回の厩舎コメント評価で実績がある馬,レース前日13時公開予定
202609020607,今回のオッズで期待できる騎手,発売開始後公開予定
202609020607,今回の調教師と相性の良い騎手,Ｃ．ルメール
202609020607,今回の馬主と相性の良い騎手,推奨なし
202609020607,race_info,13:20発走 /芝1600m(右 B)
202609020607,race_detail,"2回阪神6日目11頭本賞金:1190,480,300,180,119万円"
202609020608,このコースで有利な枠順,枠順確定後公開予定
202609020608,このコースで有利な脚質,逃げ
202609020608,このコースが得意な騎手,坂井瑠星
202609020608,このコースが得意な調教師,西園翔太
202609020608,このコースに実績がある種牡馬,Practical Joke
202609020608,このコースに実績がある母父,キングカメハメハ
202609020608,このコースが得意な馬,アリエゼンエオセア
202609020608,この距離が得意な馬,ゼンエサンラアリエ
202609020608,この競馬場が得意な馬,アリエユウトゼンエ
202609020608,今回の馬場状態が得意な馬,リラゲマナエサンラ
202609020608,今回のレース間隔で実績がある馬,マナエゼンエエクス
202609020608,今回の調教評価で実績がある馬,レース前日13時公開予定
202609020608,今回の厩舎コメント評価で実績がある馬,レース前日13時公開予定
202609020608,今回のオッズで期待できる騎手,発売開始後公開予定
202609020608,今回の調教師と相性の良い騎手,西村淳也
202609020608,今回の馬主と相性の良い騎手,推奨なし
202609020608,race_info,13:50発走 /ダ1800m(右)
202609020608,race_detail,"2回阪神6日目サラ系４歳以上２勝クラス(混)[指]定量11頭本賞金:1580,630,400,240,158万円"
202609020609,このコースで有利な枠順,枠順確定後公開予定
202609020609,このコースで有利な脚質,逃げ
202609020609,このコースが得意な騎手,川田将雅
202609020609,このコースが得意な調教師,福永祐一
202609020609,このコースに実績がある種牡馬,キズナ
202609020609,このコースに実績がある母父,Footstepsi
202609020609,このコースが得意な馬,推奨なし
202609020609,この距離が得意な馬,ソルパジュウフォー
202609020609,この競馬場が得意な馬,メイプバース
202609020609,今回の馬場状態が得意な馬,ソングジュウレダア
202609020609,今回のレース間隔で実績がある馬,カラペピカキレダア
202609020609,今回の調教評価で実績がある馬,レース前日13時公開予定
202609020609,今回の厩舎コメント評価で実績がある馬,レース前日13時公開予定
202609020609,今回のオッズで期待できる騎手,発売開始後公開予定
202609020609,今回の調教師と相性の良い騎手,Ｃ．ルメール
202609020609,今回の馬主と相性の良い騎手,推奨なし
202609020609,race_info,14:25発走 /芝2000m(右 B)
202609020609,race_detail,"2回阪神6日目サラ系３歳オープン(国際) 牝(特指)別定14頭本賞金:2100,840,530,320,210万円"
202609020610,このコースで有利な枠順,枠順確定後公開予定
202609020610,このコースで有利な脚質,逃げ
202609020610,このコースが得意な騎手,川田将雅
202609020610,このコースが得意な調教師,松山将樹
202609020610,このコースに実績がある種牡馬,サトノダイヤモンド
202609020610,このコースに実績がある母父,スピニングワールド
202609020610,このコースが得意な馬,イケイミューアレナ
202609020610,この距離が得意な馬,ウインバッデヴァリ
202609020610,この競馬場が得意な馬,ミューヴァリイケイ
202609020610,今回の馬場状態が得意な馬,ヴァリミューキング
202609020610,今回のレース間隔で実績がある馬,エゾダキングクレバ
202609020610,今回の調教評価で実績がある馬,レース前日13時公開予定
202609020610,今回の厩舎コメント評価で実績がある馬,レース前日13時公開予定
202609020610,今回のオッズで期待できる騎手,発売開始後公開予定
202609020610,今回の調教師と相性の良い騎手,坂井瑠星
202609020610,今回の馬主と相性の良い騎手,推奨なし
202609020610,race_info,15:00発走 /芝2000m(右 B)
202609020610,race_detail,"2回阪神6日目サラ系４歳以上３勝クラス(混)[指]ハンデ15頭本賞金:1870,750,470,280,187万円"
202609020611,このレースで有利な枠順,5枠4枠2枠
202609020611,このレースで有利な脚質,先行
202609020611,このレースが得意な騎手,Ｃ．ルメール
202609020611,このレースに実績がある種牡馬,シルバーステート
202609020611,このレースで有利な性齢,牝3
202609020611,このレースで有利な所属,美浦
202609020611,このレースに実績がある前走クラス,G1
202609020611,このレースに実績がある前走距離,芝1600m
202609020611,このレースに実績があるレース間隔,中15週以上
202609020611,このレースで狙いの人気,2人気
202609020611,このコースで有利な枠順,4枠3枠5枠
202609020611,このコースで有利な脚質,逃げ
202609020611,このコースが得意な騎手,Ｃ．ルメール
202609020611,このコースが得意な調教師,斉藤崇史
202609020611,このコースに実績がある種牡馬,ダノンプレミアム
202609020611,このコースに実績がある母父,ジョーカプチーノ
202609020611,このコースが得意な馬,15スター1フェス10ナムラ
202609020611,この距離が得意な馬,15スター17ブラッ14ドリー
202609020611,この競馬場が得意な馬,15スター1フェス5ギャラ
202609020611,今回の馬場状態が得意な馬,13リリー14ドリー9ルール
202609020611,今回のレース間隔で実績がある馬,8ロンギ11ジッピ16ショウ
202609020611,今回の調教評価で実績がある馬,13リリー9ルール15スター
202609020611,今回の厩舎コメント評価で実績がある馬,13リリー16ショウ9ルール
202609020611,今回のオッズで期待できる騎手,発売開始後公開予定
202609020611,今回の調教師と相性の良い騎手,北村友一
202609020611,今回の馬主と相性の良い騎手,津村明秀
202609020611,年度,優勝馬
202609020611,race_info,15:40発走 /芝1600m(右 外 B)
202609020611,race_detail,"2回阪神6日目サラ系３歳オープン(国際) 牝(指)馬齢18頭本賞金:14000,5600,3500,2100,1400万円"
202609020612,このコースで有利な枠順,枠順確定後公開予定
202609020612,このコースで有利な脚質,先行
202609020612,このコースが得意な騎手,岩田望来
202609020612,このコースが得意な調教師,秋山真一郎
202609020612,このコースに実績がある種牡馬,ニューイヤーズデイ
202609020612,このコースに実績がある母父,ワークフォース
202609020612,このコースが得意な馬,バッケシャルポルポ
202609020612,この距離が得意な馬,バッケシャルポルポ
202609020612,この競馬場が得意な馬,シャルペンナメイプ
202609020612,今回の馬場状態が得意な馬,バッケペンナシャル
202609020612,今回のレース間隔で実績がある馬,リューキングシンビ
202609020612,今回の調教評価で実績がある馬,レース前日13時公開予定
202609020612,今回の厩舎コメント評価で実績がある馬,レース前日13時公開予定
202609020612,今回のオッズで期待できる騎手,発売開始後公開予定
202609020612,今回の調教師と相性の良い騎手,武豊
202609020612,今回の馬主と相性の良い騎手,推奨なし
202609020612,race_info,16:30発走 /ダ2000m(右)
202609020612,race_detail,"2回阪神6日目サラ系４歳以上３勝クラス(混)(特指)定量13頭本賞金:1870,750,470,280,187万円"
