sire,total_runners,win_rate,top2_rate,top3_rate,avg_finish,turf_top3r,dirt_top3r,sprint_top3r,mile_top3r,middle_top3r,long_top3r
ロードカナロア,966,0.1211,0.2308,0.3116,6.82,0.318,0.2667,0.338,0.3156,0.2651,
ルーラーシップ,879,0.0671,0.1468,0.2435,6.97,0.251,0.2055,0.2456,0.2017,0.2603,
ハービンジャー,831,0.0842,0.1697,0.2575,6.81,0.2712,0.12,0.1696,0.2404,0.283,
ディープインパクト,798,0.2531,0.411,0.5301,4.33,0.5347,0.35,0.4328,0.5479,0.5349,
ハーツクライ,785,0.1121,0.2293,0.3363,6.25,0.3441,0.2632,0.2872,0.3316,0.3463,
ダイワメジャー,785,0.1083,0.2204,0.3325,6.46,0.3534,0.2336,0.3654,0.2851,0.3019,
エピファネイア,750,0.144,0.2627,0.3867,5.51,0.4118,0.1429,0.3007,0.3868,0.4142,
キズナ,676,0.1272,0.2441,0.3343,6.32,0.3421,0.2913,0.3577,0.3077,0.3362,
オルフェーヴル,664,0.0602,0.1145,0.2078,7.64,0.213,0.1855,0.1833,0.2291,0.1983,
キンシャサノキセキ,569,0.0879,0.1916,0.29,6.91,0.2816,0.3121,0.3203,0.1875,0.2727,
モーリス,549,0.1275,0.2131,0.3188,6.34,0.3415,0.1333,0.2867,0.3177,0.3282,
ヘニーヒューズ,540,0.1185,0.213,0.3241,6.54,0.1504,0.37,0.3465,0.2,0.3146,
ブラックタイド,533,0.0694,0.1238,0.1951,7.73,0.2056,0.1524,0.1837,0.1439,0.2375,
ヴィクトワールピサ,513,0.0721,0.154,0.2144,7.45,0.2422,0.1318,0.2569,0.197,0.2,
キングカメハメハ,510,0.1176,0.2255,0.3216,6.29,0.3232,0.3158,0.2727,0.3256,0.3371,
ドゥラメンテ,495,0.1273,0.2465,0.3414,6.38,0.3413,0.3418,0.2424,0.2826,0.3881,
ジャスタウェイ,481,0.079,0.1518,0.2225,7.37,0.2304,0.186,0.2054,0.1955,0.2377,
クロフネ,464,0.0927,0.181,0.2608,7.01,0.2331,0.2895,0.2934,0.2292,0.2368,
パイロ,446,0.1054,0.2063,0.2937,6.74,0.2162,0.3194,0.3085,0.1731,0.3176,
エイシンフラッシュ,440,0.0455,0.0909,0.1364,8.56,0.136,0.1385,0.1756,0.1053,0.1223,
ドレフォン,426,0.0728,0.1432,0.2254,7.25,0.2103,0.2435,0.2254,0.16,0.2612,
リオンディーズ,419,0.0764,0.1575,0.2601,6.81,0.2776,0.2059,0.2913,0.2705,0.2378,
アドマイヤムーン,402,0.0299,0.092,0.1517,8.76,0.1698,0.0769,0.1274,0.156,0.2179,
スクリーンヒーロー,400,0.0725,0.1275,0.2,7.38,0.1939,0.2286,0.1596,0.1909,0.2211,
シニスターミニスター,394,0.1015,0.1827,0.264,6.97,0.1111,0.2793,0.2646,0.1143,0.2906,
メイショウボーラー,383,0.0235,0.0679,0.1149,8.52,0.1148,0.115,0.1287,0.0882,0.0488,
ゴールドシップ,378,0.0476,0.1058,0.1852,7.51,0.192,0.1034,0.2059,0.2264,0.1777,
ゴールドアリュール,376,0.1144,0.2207,0.3165,6.64,0.0962,0.3519,0.3106,0.2264,0.3448,
ディープブリランテ,371,0.0728,0.1456,0.2345,7.5,0.2364,0.2292,0.2361,0.2667,0.2047,
マジェスティックウォリアー,345,0.0783,0.1449,0.2348,7.14,0.1648,0.2598,0.2375,0.1957,0.252,
シルバーステート,342,0.0848,0.1696,0.2749,6.97,0.2678,0.3191,0.2816,0.2118,0.3077,
シンボリクリスエス,340,0.0353,0.0941,0.1618,8.19,0.1327,0.2193,0.1489,0.1096,0.1902,
ノヴェリスト,339,0.0619,0.1563,0.2596,7.16,0.2662,0.2368,0.2783,0.2821,0.2319,
エンパイアメーカー,323,0.0774,0.1548,0.2384,7.42,0.2117,0.2581,0.3093,0.1642,0.2194,
アイルハヴアナザー,316,0.0538,0.1076,0.1741,8.21,0.1783,0.1698,0.1835,0.1538,0.1789,
ミッキーアイル,306,0.049,0.1471,0.2288,7.39,0.2291,0.2278,0.2381,0.2405,0.1714,
ワークフォース,301,0.0465,0.103,0.1628,8.09,0.1713,0.1412,0.2131,0.12,0.1622,
サウスヴィグラス,296,0.0676,0.1655,0.2601,7.58,0.0909,0.2667,0.2586,0.1111,0.3182,
ステイゴールド,295,0.0881,0.1525,0.2441,6.75,0.2509,0.15,0.2222,0.274,0.233,
イスラボニータ,291,0.0756,0.1478,0.2612,6.9,0.2819,0.1875,0.2397,0.2791,0.2821,
マツリダゴッホ,289,0.045,0.0969,0.1626,8.45,0.176,0.0769,0.1429,0.2055,0.1667,
ジャングルポケット,288,0.0486,0.0938,0.1493,8.6,0.1616,0.1017,0.1358,0.1571,0.1481,
ネオユニヴァース,281,0.0569,0.1068,0.1744,8.04,0.1643,0.2027,0.1169,0.0794,0.25,
キタサンブラック,275,0.1418,0.2764,0.3709,6.01,0.3711,0.3684,0.5185,0.3175,0.3661,
ホッコータルマエ,274,0.0839,0.1533,0.2044,7.55,0.1613,0.2099,0.1842,0.2381,0.2016,
リアルスティール,272,0.1029,0.2206,0.3088,6.5,0.338,0.2034,0.3188,0.3385,0.2955,
バゴ,265,0.0377,0.1057,0.1623,7.94,0.201,0.0179,0.1463,0.1857,0.1545,
ダンカーク,262,0.0344,0.1031,0.1603,8.79,0.1215,0.1871,0.177,0.125,0.1489,
ロージズインメイ,256,0.0312,0.0742,0.1328,8.84,0.0959,0.1818,0.1038,0.0577,0.2088,
ストロングリターン,250,0.024,0.092,0.128,8.28,0.1242,0.1348,0.1473,0.0794,0.1321,
マンハッタンカフェ,249,0.1124,0.2129,0.3012,6.89,0.3005,0.3036,0.3261,0.2373,0.3191,
マクフィ,246,0.0488,0.1179,0.1748,7.95,0.1667,0.1833,0.2381,0.087,0.127,
ゼンノロブロイ,246,0.0447,0.0894,0.1382,8.65,0.1676,0.0685,0.1111,0.1091,0.1593,
キングズベスト,238,0.0252,0.0588,0.1218,8.89,0.1186,0.1311,0.16,0.0909,0.1013,
サトノダイヤモンド,237,0.0717,0.1477,0.2363,7.19,0.2451,0.1818,0.2727,0.1765,0.2517,
ビッグアーサー,229,0.0699,0.1441,0.2489,7.25,0.2765,0.1695,0.2727,0.0909,0.1111,
アジアエクスプレス,225,0.0356,0.1156,0.1778,7.86,0.0638,0.2079,0.1831,0.1071,0.2083,
レイデオロ,219,0.0822,0.1598,0.21,7.44,0.2071,0.2381,0.1316,0.2264,0.2222,
ディスクリートキャット,219,0.0548,0.1279,0.1872,7.68,0.1702,0.2,0.2098,0.2,0.1143,
リアルインパクト,216,0.0602,0.1343,0.2037,7.87,0.2436,0.1,0.2,0.2542,0.1667,
ダノンシャンティ,215,0.0651,0.1116,0.186,7.47,0.2384,0.0625,0.2105,0.14,0.1837,
スマートファルコン,208,0.0385,0.0962,0.149,8.31,0.075,0.1667,0.125,0.25,0.1552,
アメリカンペイトリオット,207,0.0386,0.0918,0.1739,8.08,0.1933,0.1477,0.1977,0.125,0.197,
ワールドエース,207,0.029,0.0821,0.1546,8.22,0.1769,0.1,0.1042,0.1591,0.2222,
ブリックスアンドモルタル,204,0.0392,0.1422,0.1961,7.87,0.193,0.2121,0.16,0.25,0.1839,
デクラレーションオブウォー,203,0.0443,0.1182,0.1724,7.91,0.1985,0.125,0.1579,0.2162,0.1628,
カレンブラックヒル,202,0.0693,0.1337,0.1832,7.44,0.1594,0.2344,0.2185,0.0625,0.2258,
メイショウサムソン,200,0.03,0.065,0.1,8.99,0.0948,0.1071,0.0758,0.0256,0.1522,
カジノドライヴ,197,0.0355,0.0914,0.1574,8.45,0.087,0.1788,0.1287,0.125,0.2167,
マインドユアビスケッツ,194,0.067,0.1546,0.2216,7.35,0.2222,0.2212,0.1818,0.3143,0.1961,
ラブリーデイ,191,0.0262,0.089,0.1885,8.15,0.203,0.1552,0.2099,0.0732,0.2424,
ヴァーミリアン,191,0.0105,0.0419,0.1099,9.49,0.0789,0.1304,0.1098,0.2069,0.0822,
コパノリッキー,191,0.0628,0.1152,0.1885,7.91,0.0417,0.2096,0.1932,0.1852,0.1692,
トーセンホマレボシ,191,0.0366,0.0838,0.1152,8.63,0.1208,0.0952,0.1071,0.1034,0.12,
タートルボウル,189,0.0476,0.0952,0.1534,8.25,0.1481,0.1667,0.1522,0.0889,0.1915,
サトノクラウン,185,0.0811,0.1459,0.2054,7.43,0.2229,0.1071,0.2,0.1702,0.2159,
タニノギムレット,185,0.0432,0.0757,0.1459,8.96,0.1538,0.119,0.1528,0.1064,0.1692,
サトノアラジン,182,0.0549,0.0934,0.1593,7.74,0.1803,0.1167,0.2121,0.1333,0.1304,
ダノンレジェンド,175,0.12,0.2171,0.3086,7.02,0.0943,0.4016,0.3516,0.2273,0.1429,
スウェプトオーヴァーボード,175,0.0857,0.1086,0.1829,7.49,0.1835,0.1818,0.2098,0.0588,0.0909,
ベーカバド,174,0.023,0.0805,0.1207,9.14,0.1293,0.1034,0.1546,0.0882,0.0541,
リーチザクラウン,169,0.0769,0.1302,0.1834,8.07,0.1603,0.2632,0.2529,0.0952,0.1026,
サートゥルナーリア,169,0.1479,0.2189,0.3136,6.34,0.3312,0.1333,0.2812,0.2373,0.3816,
カネヒキリ,169,0.0473,0.0947,0.1657,8.56,0.0526,0.1985,0.1765,0.1304,0.1538,
タイキシャトル,166,0.0422,0.1024,0.1627,8.87,0.1339,0.2222,0.2121,0.1026,0.0833,
ローエングリン,166,0.0241,0.0663,0.1084,8.86,0.1194,0.0625,0.0968,0.1481,0.0833,
ナカヤマフェスタ,163,0.0123,0.0798,0.1104,8.97,0.1382,0.025,0.1129,0.0476,0.1552,
エスポワールシチー,162,0.1173,0.1914,0.2716,6.99,0.1364,0.2929,0.2676,0.2727,0.2264,
ヨハネスブルグ,161,0.118,0.1925,0.2484,7.36,0.2547,0.2364,0.2555,0.1,0.3077,
キングヘイロー,160,0.0312,0.0938,0.125,9.88,0.115,0.1489,0.172,0.0357,0.0833,
モンテロッソ,154,0.013,0.026,0.0519,10.72,0.0698,0.0294,0.0641,0.0476,0.0377,
スワーヴリチャード,154,0.1104,0.1753,0.2727,6.92,0.2979,0.0,0.175,0.26,0.3559,
プリサイスエンド,151,0.0662,0.1126,0.2185,7.46,0.1667,0.2427,0.2917,0.1,0.069,
ベルシャザール,149,0.0067,0.0403,0.0872,9.18,0.0545,0.1064,0.0345,0.08,0.1475,
グラスワンダー,149,0.0201,0.047,0.0738,9.79,0.0893,0.027,0.1224,0.0455,0.0377,
ダノンバラード,149,0.047,0.094,0.1678,7.88,0.192,0.0417,0.119,0.1538,0.209,
ディープスカイ,148,0.0405,0.0676,0.0811,9.32,0.0615,0.0964,0.0741,0.0435,0.0847,
ルヴァンスレーヴ,146,0.137,0.2397,0.3288,6.08,0.28,0.3388,0.2667,0.3158,0.4,
フリオーソ,143,0.042,0.0769,0.1259,8.83,0.05,0.1553,0.1212,0.04,0.1915,
サンダースノー,142,0.0704,0.0986,0.1127,8.73,0.0909,0.1316,0.0645,0.25,0.1176,
バトルプラン,140,0.0357,0.0786,0.1143,8.71,0.0909,0.1294,0.1176,0.0455,0.1458,
トーセンラー,140,0.0286,0.0857,0.15,8.63,0.1538,0.1304,0.2034,0.1471,0.0667,
カリフォルニアクローム,138,0.0362,0.0942,0.1087,9.0,0.0769,0.137,0.1296,0.037,0.1,
トーセンジョーダン,138,0.0145,0.0507,0.0797,10.41,0.0638,0.1136,0.0741,0.0417,0.1017,
フェノーメノ,136,0.0368,0.0956,0.1397,9.01,0.1275,0.1765,0.1163,0.0882,0.1724,
ニューイヤーズデイ,136,0.0956,0.2279,0.3603,6.26,0.26,0.4186,0.4219,0.2759,0.303,
ジョーカプチーノ,134,0.097,0.1642,0.2313,7.56,0.2268,0.2432,0.2447,0.1852,0.1818,
シャンハイボビー,128,0.0625,0.1094,0.1875,7.77,0.2105,0.169,0.2468,0.1429,0.0741,
ドリームジャーニー,126,0.0873,0.127,0.2222,8.14,0.2389,0.0769,0.234,0.2059,0.2439,
トゥザグローリー,125,0.016,0.056,0.112,9.01,0.0759,0.1739,0.1579,0.0,0.0952,
ケイムホーム,122,0.0082,0.0738,0.1148,9.37,0.0667,0.1613,0.0989,0.1176,0.3,
ロゴタイプ,120,0.0417,0.0583,0.125,9.43,0.16,0.0667,0.102,0.0323,0.2432,
アルアイン,120,0.0417,0.1,0.1333,8.17,0.172,0.0,0.0789,0.1364,0.1667,
ファインニードル,119,0.0924,0.1681,0.2521,7.54,0.3118,0.0385,0.2558,0.2174,0.3333,
グランプリボス,119,0.0252,0.0588,0.1176,9.3,0.0625,0.1818,0.1486,0.0909,0.0435,
トランセンド,114,0.0702,0.114,0.193,7.55,0.2432,0.1688,0.3103,0.0,0.0769,
レッドファルクス,111,0.036,0.1081,0.1982,8.0,0.1757,0.2432,0.2297,0.1111,0.0625,
ケープブランコ,109,0.0183,0.0642,0.0734,9.32,0.0645,0.0851,0.0682,0.0526,0.0889,
エイシンヒカリ,108,0.0278,0.0833,0.1759,7.94,0.1839,0.1429,0.1429,0.2703,0.1111,
ビーチパトロール,106,0.0283,0.0377,0.0566,9.46,0.0811,0.0,0.0217,0.0,0.1316,
サムライハート,106,0.0283,0.066,0.1038,9.75,0.0811,0.1562,0.0784,0.1071,0.1538,
モズアスコット,106,0.0755,0.1792,0.3113,6.92,0.2787,0.3556,0.339,0.1923,0.3529,
トゥザワールド,105,0.0476,0.0857,0.1524,8.91,0.1045,0.2368,0.1613,0.1364,0.1429,
ナダル,103,0.2039,0.3689,0.4175,5.79,0.2593,0.4737,0.5581,0.0,0.4286,
ディーマジェスティ,103,0.0485,0.1359,0.1748,8.33,0.2162,0.069,0.2037,0.2,0.125,
タワーオブロンドン,102,0.0294,0.0882,0.1275,7.45,0.1392,0.087,0.1392,0.1429,0.0,
タリスマニック,102,0.0196,0.049,0.0588,8.76,0.0484,0.075,0.0465,0.1,0.0488,
エスケンデレヤ,101,0.0594,0.0792,0.1188,8.73,0.0889,0.1429,0.1765,0.0,0.1463,
ショウナンカンプ,101,0.0198,0.0495,0.1089,9.58,0.1081,0.1111,0.1149,0.125,0.0,
シュヴァルグラン,99,0.0101,0.0505,0.1515,8.88,0.1884,0.0667,0.1379,0.1579,0.1667,
トビーズコーナー,94,0.0638,0.1064,0.1809,7.65,0.1373,0.2326,0.2241,0.125,0.0588,
アドマイヤマックス,94,0.0426,0.0957,0.1277,8.29,0.129,0.125,0.1406,0.0667,0.1333,
アグネスデジタル,93,0.0323,0.0538,0.1183,9.02,0.1538,0.0926,0.1154,0.0,0.2,
フレンチデピュティ,93,0.0323,0.0968,0.1828,7.96,0.2,0.1724,0.193,0.0909,0.2273,
スピルバーグ,92,0.0217,0.0435,0.1196,8.92,0.1077,0.1481,0.0938,0.0556,0.175,
ファルブラヴ,92,0.0326,0.087,0.1304,8.26,0.1587,0.069,0.1525,0.1053,0.0714,
アドマイヤマーズ,88,0.1136,0.2273,0.2841,6.05,0.2892,0.2,0.45,0.2647,0.2258,
タイムパラドックス,85,0.0471,0.0706,0.1059,8.34,0.05,0.1231,0.1,0.1333,0.1111,
ゴールドドリーム,85,0.0588,0.1059,0.1765,6.99,0.3,0.16,0.0682,0.4,0.28,
ロジャーバローズ,84,0.0714,0.1429,0.2262,7.27,0.2414,0.1923,0.2083,0.3333,0.175,
ウインブライト,81,0.0123,0.037,0.1235,8.47,0.125,0.0,0.25,0.05,0.1224,
コンデュイット,81,0.0123,0.0741,0.1111,8.49,0.1304,0.0,0.0833,0.0909,0.1304,
フォーウィールドライブ,80,0.0375,0.05,0.1625,7.84,0.2,0.14,0.2,0.0,0.0,
コントレイル,80,0.125,0.2625,0.3875,5.3,0.3797,1.0,0.75,0.3704,0.3673,
アンライバルド,80,0.0625,0.0625,0.125,8.94,0.125,0.125,0.1064,0.2105,0.0769,
モーニン,77,0.0519,0.1039,0.1558,7.9,0.1111,0.1695,0.1333,0.2308,0.1765,
ファスリエフ,76,0.0132,0.1184,0.25,7.97,0.1471,0.3333,0.3016,0.0,0.0,
フィエールマン,75,0.0267,0.1867,0.24,6.52,0.2424,0.2222,0.1333,0.1429,0.3043,
ローズキングダム,75,0.04,0.0933,0.1467,8.13,0.1429,0.1579,0.1471,0.1111,0.15,
アポロキングダム,74,0.0405,0.1081,0.1892,7.88,0.2857,0.1509,0.2273,0.0833,0.2,
ミスターメロディ,73,0.0274,0.1233,0.1644,7.7,0.1538,0.1905,0.1935,0.0,0.0,
パドトロワ,72,0.0556,0.1389,0.1667,9.29,0.1389,0.1944,0.2069,0.0,0.0,
ザファクター,72,0.0556,0.125,0.1806,8.32,0.0625,0.275,0.1702,0.1818,0.2143,
ベストウォーリア,71,0.0282,0.0563,0.1127,8.55,0.0,0.1379,0.1429,0.0,0.0833,
American Pharoah,69,0.2174,0.3188,0.4058,5.45,0.2778,0.451,0.375,0.7273,0.3548,
クリエイター2,69,0.0435,0.1014,0.1159,8.23,0.0,0.1569,0.1154,0.0667,0.1481,
ヴァンセンヌ,69,0.058,0.1014,0.1594,8.07,0.1887,0.0625,0.1212,0.1905,0.1429,
スズカマンボ,66,0.0303,0.0606,0.1212,8.21,0.1042,0.1667,0.1,0.0,0.2069,
カンパニー,64,0.0156,0.0938,0.1875,9.14,0.1961,0.1538,0.1613,0.1429,0.2222,
グレーターロンドン,63,0.1746,0.254,0.3175,6.17,0.2857,0.5714,0.3548,0.3158,0.25,
キャプテントゥーレ,63,0.0476,0.0635,0.1429,8.94,0.093,0.25,0.2105,0.0667,0.0,
ラニ,63,0.0317,0.1111,0.1587,8.13,0.0,0.2,0.1429,0.1429,0.1818,
ストーミングホーム,60,0.0167,0.1333,0.1667,8.28,0.1842,0.1364,0.2,0.1429,0.125,
ノーブルミッション,60,0.0167,0.0333,0.0833,9.42,0.102,0.0,0.0,0.1333,0.1364,
ストリートセンス,59,0.1525,0.1695,0.2373,7.59,0.1875,0.2963,0.2812,0.2353,0.1,
ローレルゲレイロ,58,0.0345,0.069,0.1207,9.02,0.0833,0.1818,0.1163,0.125,0.1429,
アニマルキングダム,58,0.0,0.0,0.0862,8.98,0.0,0.1429,0.0833,0.0769,0.1111,
スペシャルウィーク,57,0.0526,0.1579,0.2281,7.37,0.2143,0.2667,0.2222,0.1538,0.2571,
ロードアルティマ,57,0.0351,0.1228,0.2456,7.96,0.2778,0.1905,0.2727,0.1429,0.1667,
Frankel,55,0.2182,0.3455,0.4,5.31,0.4118,0.25,0.3158,0.5,0.4444,
ミッキーロケット,54,0.0741,0.1667,0.2037,7.83,0.15,0.3571,0.2632,0.0769,0.2273,
アルデバラン2,53,0.0755,0.1509,0.2075,8.47,0.2188,0.1905,0.2308,0.1667,0.1667,
ゴールドアクター,53,0.0,0.0755,0.1509,9.51,0.2051,0.0,0.1,0.0,0.25,
スターリングローズ,53,0.0755,0.1132,0.1321,9.74,0.1429,0.12,0.1429,0.1111,0.125,
ハードスパン,52,0.1731,0.3077,0.3846,5.77,0.2,0.4595,0.3529,0.4444,0.4444,
ホークビル,52,0.0,0.0385,0.0385,9.98,0.0278,0.0625,0.0667,0.0,0.05,
ダノンスマッシュ,51,0.0392,0.098,0.1961,7.55,0.2143,0.1111,0.2812,0.0,0.25,
クリソベリル,51,0.0392,0.1765,0.2353,7.16,0.1667,0.2444,0.1538,0.0,0.4167,
トーセンファントム,50,0.06,0.1,0.18,7.54,0.1944,0.1429,0.15,0.3077,0.1538,
ダノンプレミアム,50,0.02,0.06,0.18,8.1,0.2,0.1,0.1667,0.25,0.1,
サマーバード,49,0.0816,0.1429,0.2041,8.04,0.1429,0.2857,0.16,0.1667,0.25,
ロジユニヴァース,48,0.0208,0.1042,0.2292,8.23,0.2581,0.1765,0.1818,0.1875,0.2857,
ゴールドヘイロー,48,0.0625,0.0833,0.1458,8.56,0.1034,0.2105,0.1364,0.3333,0.0,
デュランダル,47,0.0426,0.1064,0.1489,7.68,0.1515,0.1429,0.16,0.2,0.0,
ワイルドラッシュ,46,0.0435,0.1522,0.1957,7.15,0.2,0.1944,0.1071,0.0,0.4,
スズカコーズウェイ,46,0.0435,0.1304,0.1957,7.3,0.2,0.1951,0.1875,0.2857,0.1667,
オレハマッテルゼ,46,0.0652,0.1087,0.1087,9.41,0.0323,0.2667,0.1333,0.1111,0.0,
アサクサキングス,46,0.0217,0.087,0.1304,9.72,0.0857,0.2727,0.1818,0.2,0.087,
ホワイトマズル,45,0.0444,0.1111,0.1556,8.42,0.1481,0.1667,0.1667,0.0,0.1765,
アッミラーレ,42,0.0952,0.119,0.119,8.93,0.0556,0.1667,0.1429,0.25,0.0769,
ベンバトル,42,0.0476,0.1429,0.2143,7.1,0.2424,0.1111,0.1818,0.2308,0.2353,
スズカフェニックス,42,0.0714,0.1429,0.1667,8.26,0.1786,0.1429,0.1667,0.0,0.25,
ミスチヴィアスアレックス,41,0.0732,0.122,0.2683,7.54,0.1905,0.35,0.3103,0.25,0.0,
ダンスインザダーク,40,0.0,0.0,0.075,9.05,0.1,0.0,0.2857,0.125,0.0,
シビルウォー,40,0.0,0.025,0.05,10.92,0.0,0.0606,0.0476,0.25,0.0,
Into Mischief,38,0.2368,0.4211,0.5,4.13,0.3158,0.6842,0.3889,0.375,0.8182,
Speightstown,38,0.2105,0.3684,0.5526,5.39,0.381,0.7647,0.6,0.0,0.0,
ネロ,37,0.0541,0.1081,0.1081,8.89,0.125,0.0769,0.125,0.0,0.0,
シスキン,37,0.1351,0.4054,0.4865,5.05,0.5,0.0,0.3,0.5455,0.6,
スクワートルスクワート,36,0.0833,0.0833,0.0833,9.75,0.1154,0.0,0.0909,0.0,,
スウィフトカレント,36,0.0,0.0278,0.0833,10.31,0.0769,0.1,0.0909,0.0,0.1176,
アドマイヤオーラ,35,0.0286,0.1714,0.2571,8.46,0.2,0.3,0.2273,0.0,0.25,
インディチャンプ,34,0.0588,0.2059,0.2059,7.68,0.2258,0.0,0.2727,0.1818,0.2222,
ノボジャック,33,0.0606,0.1212,0.2121,8.18,0.0,0.25,0.2333,0.0,0.0,
ヤマカツエース,33,0.0303,0.0606,0.0606,8.94,0.0417,0.1111,0.1667,0.0,0.0,
マクマホン,33,0.0,0.0303,0.0606,9.85,0.0625,0.0,0.0,0.0,0.1,
ウインバリアシオン,31,0.0323,0.0645,0.0645,10.0,0.0526,0.0833,0.0833,0.0,0.1111,
トーセンブライト,31,0.0,0.0968,0.0968,9.77,0.0714,0.1176,0.1176,0.0,0.2,
ミッキーグローリー,31,0.0,0.0645,0.0968,8.77,0.0455,0.2222,0.1111,0.0,0.1538,
アーネストリー,30,0.0,0.0333,0.0333,10.43,0.0455,0.0,0.0,0.0,0.1,
Uncle Mo,29,0.2759,0.4138,0.4828,4.52,0.4,0.5263,0.5455,0.2857,0.4444,
Kingman,29,0.3793,0.4138,0.4483,4.52,0.4483,,0.5385,0.3,0.25,
Justify,29,0.1034,0.3448,0.4138,5.34,0.1429,0.5,0.5,0.3333,0.4286,
フィレンツェファイア,29,0.1034,0.1724,0.2069,7.41,0.125,0.3077,0.2105,0.1429,0.3333,
マテラスカイ,29,0.0345,0.1379,0.2414,7.41,0.25,0.2381,0.25,0.3333,0.0,
レッドスパーダ,29,0.0345,0.0345,0.1379,9.86,0.1364,0.1429,0.1579,0.0,0.25,
ダノンキングリー,27,0.0741,0.1481,0.2222,7.56,0.2083,0.3333,0.3333,0.1429,0.2222,
Tapit,27,0.2593,0.3333,0.4815,4.48,0.3333,0.6,0.6667,0.2857,0.4545,
ソングオブウインド,27,0.037,0.1111,0.1111,7.93,0.0556,0.2222,0.0909,0.0,0.1667,
シルポート,27,0.0,0.0,0.0,8.59,0.0,0.0,0.0,0.0,0.0,
ハクサンムーン,27,0.0,0.0741,0.1481,7.48,0.0625,0.2727,0.2,0.1111,0.0,
キセキ,27,0.037,0.0741,0.1111,9.0,0.1429,0.0,0.0,0.0,0.1875,
ポエティックフレア,26,0.1154,0.3077,0.5385,4.85,0.5652,0.3333,0.3333,0.5385,0.6667,
ヘンリーバローズ,26,0.0769,0.2308,0.3077,6.35,0.3158,0.2857,0.2308,0.3333,0.4,
ヒルノダムール,26,0.1154,0.1154,0.1154,9.19,0.0909,0.25,0.2,0.125,0.0,
バンブーエール,26,0.0,0.0385,0.0769,9.46,0.0,0.0909,0.1053,0.0,0.0,
ダノンシャーク,26,0.0,0.0,0.0,11.46,0.0,0.0,0.0,0.0,0.0,
スタチューオブリバティ,25,0.04,0.04,0.32,7.92,0.375,0.2941,0.3,0.5,0.3333,
フォーティナイナーズサン,25,0.04,0.16,0.24,8.04,0.0,0.375,0.2667,0.2,0.2,
エイシンアポロン,25,0.16,0.16,0.2,9.16,0.2143,0.1818,0.2857,0.2,0.0,
ヴァンゴッホ,25,0.04,0.12,0.12,8.28,0.1429,0.0909,0.0909,0.0,0.2222,
オウケンブルースリ,24,0.0,0.0417,0.0833,9.33,0.1053,0.0,0.0,0.1111,0.0,
テイエムオペラオー,24,0.0417,0.125,0.1667,9.58,0.2353,0.0,0.2105,0.0,0.0,
Saxon Warrior,24,0.0,0.0833,0.2083,6.71,0.2381,0.0,0.25,0.0,0.2143,
オンファイア,23,0.0,0.0435,0.1304,9.22,0.0909,0.1667,0.1667,0.0,0.2,
Kitten's Joy,23,0.1304,0.2174,0.2609,7.17,0.2857,0.0,0.0,0.2857,0.375,
レーヴミストラル,23,0.0,0.0,0.0435,10.52,0.0769,0.0,0.0,0.1429,0.0,
アドミラブル,22,0.0909,0.1364,0.1818,9.05,0.1538,0.2222,0.3333,0.0,0.1429,
エピカリス,22,0.0455,0.0455,0.0909,9.32,0.2,0.0588,0.1818,0.0,0.0,
ガルボ,22,0.0,0.0909,0.0909,7.86,0.1053,0.0,0.0,0.0,0.1429,
ミュゼスルタン,21,0.0476,0.0476,0.1429,9.14,0.1538,0.125,0.0769,0.3333,0.2,
エポカドーロ,21,0.0,0.0,0.0476,10.19,0.0588,0.0,0.0,0.0,0.1667,
ブライアンズタイム,21,0.0476,0.0476,0.0476,8.52,0.0,0.0714,0.0,0.0,0.1,
アスカクリチャン,21,0.0,0.0,0.0476,11.62,0.0714,0.0,0.0,0.3333,0.0,
ヤマニンセラフィム,20,0.0,0.0,0.1,10.05,0.0909,0.1111,0.1111,0.0,0.125,
コパノリチャード,20,0.0,0.0,0.05,9.45,0.0833,0.0,0.0556,0.0,,
レインボーライン,20,0.0,0.05,0.05,9.9,0.0,0.125,0.1,0.0,0.0,
トーホウジャッカル,19,0.0,0.0,0.0526,8.79,0.0667,0.0,0.25,0.0,0.0,
アポロケンタッキー,19,0.0,0.0,0.0526,9.68,0.0,0.0625,0.0909,0.0,0.0,
ニシケンモノノフ,19,0.0,0.0,0.0526,7.79,0.25,0.0,0.0667,0.0,0.0,
ザサンデーフサイチ,18,0.0,0.0556,0.1111,9.39,0.2,0.0,0.1667,0.0,0.125,
サクラプレジデント,18,0.0556,0.1667,0.1667,8.83,0.25,0.0,0.2,0.5,0.0,
アドマイヤジャパン,18,0.0,0.1111,0.1667,8.39,0.1667,0.1667,0.25,0.3333,0.0,
フサイチリシャール,18,0.0,0.0,0.0556,10.17,0.1,0.0,0.0833,0.0,0.0,
ワンアンドオンリー,18,0.0556,0.0556,0.1111,8.22,0.1429,0.0,0.0,0.0,0.1818,
ジャイアントレッカー,17,0.0,0.0,0.0588,10.94,0.0,0.1111,0.0909,0.0,0.0,
スマートロビン,17,0.0,0.0,0.0,10.59,0.0,0.0,0.0,0.0,0.0,
ハイアーゲーム,17,0.0588,0.0588,0.0588,10.35,0.0,0.2,0.3333,0.0,0.0,
トワイニング,17,0.0,0.1176,0.2353,8.82,0.2222,0.25,0.1429,1.0,0.5,
フサイチセブン,17,0.0588,0.1765,0.1765,9.53,0.2857,0.1,0.125,0.3333,0.0,
アドマイヤコジーン,17,0.0,0.0,0.0,10.47,0.0,0.0,0.0,0.0,0.0,
オーシャンブルー,17,0.0,0.0588,0.0588,8.71,0.0769,0.0,0.0,0.0,0.1111,
ウォーターリーグ,16,0.0,0.0625,0.125,7.94,0.125,0.125,0.1,0.0,0.2,
Dubawi,16,0.0,0.25,0.375,5.56,0.3846,0.3333,0.75,0.3333,0.2222,
Gun Runner,16,0.125,0.3125,0.5,4.75,0.5,0.5,1.0,0.0,0.5556,
ニューイングランド,16,0.0,0.0,0.0,11.69,0.0,0.0,0.0,0.0,0.0,
ブラックタキシード,15,0.0,0.0,0.0667,10.93,0.0909,0.0,0.0,0.3333,0.0,
Medaglia d'Oro,15,0.0667,0.2,0.4667,5.47,0.5,0.4444,0.6667,1.0,0.2857,
ブレイクランアウト,15,0.0667,0.0667,0.0667,7.6,0.0,0.2,0.0,0.0,0.0,
Quality Road,14,0.0714,0.3571,0.3571,5.71,1.0,0.3077,0.5,1.0,0.1429,
Malibu Moon,14,0.2857,0.2857,0.3571,5.21,0.4444,0.2,0.3333,0.5,0.0,
Siyouni,14,0.2143,0.3571,0.3571,4.5,0.3846,0.0,0.0,0.2,0.5,
Pioneerof the Nile,14,0.2143,0.3571,0.4286,5.5,0.375,0.5,0.2857,0.5,0.75,
オーヴァルエース,14,0.0714,0.2857,0.3571,7.21,0.0,0.4167,0.3846,0.0,,
Nathaniel,14,0.0714,0.0714,0.1429,8.29,0.1667,0.0,0.5,0.0,0.125,
サンライズペガサス,14,0.0,0.0714,0.1429,7.64,0.5,0.0833,0.1667,,0.1429,
ゴスホークケン,14,0.1429,0.2857,0.2857,7.29,0.3,0.25,0.25,0.0,0.4286,
Curlin,14,0.2143,0.3571,0.4286,4.29,0.2,0.5556,0.0,0.0,0.5556,
タイセイレジェンド,14,0.0,0.0714,0.1429,9.29,0.0,0.1667,0.1,0.5,0.0,
Frosted,14,0.2143,0.2857,0.3571,6.0,0.3333,0.375,0.5,0.0,0.25,
Arrogate,14,0.5,0.6429,0.6429,3.43,0.0,0.8182,1.0,0.6667,0.6667,
ワンダーアキュート,14,0.0714,0.0714,0.0714,10.14,,0.0714,0.0,0.0,0.1,
マルカシェンク,14,0.0,0.0714,0.1429,9.14,0.125,0.1667,0.3333,0.0,0.1429,
Distorted Humor,14,0.0714,0.1429,0.3571,6.57,0.2,0.4444,0.5,0.0,0.2,
Dark Angel,14,0.0714,0.1429,0.2857,6.86,0.2857,,0.2857,0.5,0.0,
Fastnet Rock,14,0.2143,0.2857,0.4286,6.07,0.5,0.25,0.4286,0.5,0.3333,
War Front,13,0.2308,0.4615,0.4615,4.85,0.4545,0.5,0.7143,,0.1667,
Liam's Map,13,0.0769,0.3846,0.4615,6.46,0.0,0.5455,0.4,0.5,0.6,
バンドワゴン,13,0.0769,0.2308,0.2308,8.92,0.1667,0.2857,0.25,0.0,0.2857,
Bernardini,13,0.1538,0.3077,0.3846,5.54,0.5,0.3636,0.1429,1.0,0.0,
サングレーザー,13,0.0769,0.0769,0.1538,8.69,0.1818,0.0,0.0,0.0,0.3333,
マーベラスサンデー,13,0.0769,0.1538,0.1538,8.92,0.1818,0.0,0.0,0.1667,0.25,
Declaration of War,13,0.1538,0.2308,0.3077,7.31,0.3333,0.25,0.6667,0.1429,0.3333,
Teofilo,13,0.0,0.2308,0.3077,6.46,0.2727,0.5,0.0,0.0,0.5,
Shamardal,13,0.1538,0.2308,0.3846,5.69,0.4545,0.0,0.4,0.0,0.6,
ニホンピロアワーズ,13,0.0,0.0769,0.0769,9.54,0.0,0.1,0.0,,0.25,
サンカルロ,13,0.0,0.0,0.0,10.92,0.0,0.0,0.0,0.0,0.0,
クリストワイニング,13,0.0,0.0,0.0769,9.08,0.5,0.0,0.0909,,0.0,
マヤノトップガン,12,0.0,0.0,0.0833,8.92,0.1667,0.0,0.1667,0.0,0.0,
インカンテーション,12,0.0,0.0833,0.1667,8.42,0.0,0.2222,0.1667,,0.25,
スーパーホーネット,12,0.0,0.0833,0.1667,8.33,0.4,0.0,0.2,,0.0,
エイシンデピュティ,12,0.0,0.0,0.0833,9.75,0.0,0.125,0.1,0.0,0.0,
Scat Daddy,12,0.3333,0.4167,0.5,5.25,0.3333,1.0,0.8571,0.0,0.0,
Iffraaj,12,0.1667,0.1667,0.3333,4.67,0.3,0.5,0.375,0.3333,0.0,
キャプテンスティーヴ,12,0.0,0.0,0.0833,9.25,0.125,0.0,0.1111,0.0,0.0,
セイウンコウセイ,12,0.0,0.0,0.0,10.0,0.0,0.0,0.0,0.0,,
No Nay Never,12,0.1667,0.4167,0.4167,4.42,0.4167,,0.2857,1.0,0.5,
カリズマティック,11,0.0,0.0,0.0,8.91,0.0,0.0,0.0,0.0,0.0,
グランデッツァ,11,0.0,0.1818,0.2727,10.55,0.375,0.0,0.3333,0.5,0.0,
Mendelssohn,11,0.1818,0.2727,0.2727,7.18,0.0,0.375,0.5,0.0,0.25,
タニノフランケル,11,0.0,0.0,0.0909,10.36,0.1429,0.0,0.1429,0.0,0.0,
Giant's Causeway,11,0.1818,0.1818,0.1818,6.91,0.3333,0.0,0.3333,0.0,0.2,
Caravaggio,11,0.0909,0.0909,0.1818,5.36,0.2222,0.0,0.2857,0.0,0.0,
トーセンレーヴ,11,0.0909,0.0909,0.0909,8.91,0.125,0.0,0.0,0.0,0.3333,
Dawn Approach,11,0.0,0.0909,0.0909,9.09,0.1,0.0,0.1667,0.0,0.0,
ビービーガルダン,11,0.0909,0.0909,0.0909,8.27,0.125,0.0,0.125,0.0,0.0,
サトノジェネシス,10,0.0,0.1,0.1,10.2,0.1,,0.0,0.0,0.2,
ストラヴィンスキー,10,0.1,0.2,0.3,6.9,0.375,0.0,0.3,,,
オリオンザサンクス,10,0.0,0.0,0.1,11.2,0.0,0.125,0.1429,0.0,0.0,
Golden Horn,10,0.1,0.1,0.2,7.3,0.2857,0.0,0.0,0.5,0.1667,
ロードバリオス,10,0.0,0.0,0.0,10.6,0.0,,0.0,,,
ヘニーハウンド,10,0.2,0.2,0.2,6.9,0.0,0.2222,0.25,0.0,,
ヴァンキッシュラン,10,0.0,0.1,0.3,5.7,0.2222,1.0,0.6667,0.0,0.25,
トーセンロレンス,10,0.0,0.0,0.0,9.5,0.0,0.0,0.0,0.0,0.0,
パーソナルラッシュ,10,0.0,0.1,0.2,8.4,0.0,0.25,0.2222,,0.0,
チチカステナンゴ,10,0.0,0.0,0.1,10.6,0.125,0.0,0.0,0.0,0.25,
チェリークラウン,10,0.0,0.0,0.0,11.3,0.0,0.0,0.0,0.0,0.0,
New Approach,10,0.3,0.4,0.4,5.7,0.3333,1.0,0.3333,0.0,0.6,
トーセンモナーク,10,0.0,0.2,0.2,7.6,0.2,0.2,0.0,0.3333,0.3333,
リヤンドファミユ,10,0.0,0.1,0.2,8.7,0.0,0.5,0.2857,0.0,0.0,
Invincible Spirit,10,0.2,0.4,0.6,3.3,0.6667,0.0,0.5,1.0,,
ブラックホーク,10,0.1,0.1,0.1,11.4,0.1111,0.0,0.1,,,
マイネルラヴ,10,0.2,0.3,0.3,7.4,0.4286,0.0,0.3333,,0.0,
Le Havre,10,0.1,0.1,0.3,7.0,0.3,,,0.25,0.4,
Union Rags,9,0.2222,0.3333,0.3333,5.11,0.2,0.5,0.5,0.5,0.25,
ミリオンディスク,9,0.1111,0.1111,0.1111,8.56,0.3333,0.0,0.1667,0.0,,
Street Sense,9,0.2222,0.2222,0.2222,6.78,0.5,0.1429,0.3333,0.0,0.0,
Nyquist,9,0.0,0.3333,0.4444,5.44,0.0,0.5714,0.5,0.3333,0.5,
サンライズバッカス,9,0.0,0.0,0.0,11.11,0.0,0.0,0.0,0.0,0.0,
サウンドボルケーノ,9,0.0,0.0,0.0,13.89,0.0,0.0,0.0,,0.0,
サクラゼウス,9,0.0,0.0,0.0,12.0,0.0,0.0,0.0,0.0,0.0,
トウケイヘイロー,9,0.2222,0.2222,0.2222,8.67,0.2,0.25,0.3333,0.0,0.2,
Hard Spun,9,0.1111,0.3333,0.3333,6.44,0.5,0.2857,0.2857,1.0,0.0,
エーシンフォワード,9,0.1111,0.1111,0.1111,9.89,0.0,0.3333,0.1667,0.0,0.0,
アポロソニック,9,0.0,0.0,0.0,12.67,0.0,0.0,0.0,0.0,0.0,
Raven's Pass,9,0.1111,0.2222,0.2222,7.33,0.25,0.0,0.0,0.0,1.0,
Practical Joke,9,0.1111,0.1111,0.2222,7.67,0.5,0.1429,0.3333,0.0,0.0,
Sea The Stars,9,0.0,0.1111,0.3333,8.0,0.375,0.0,,0.3333,0.3333,
アサクサデンエン,9,0.0,0.0,0.2222,7.78,0.1429,0.5,0.5,0.0,0.0,
アイファーソング,9,0.0,0.0,0.0,11.89,0.0,0.0,0.0,0.0,0.0,
ブルドッグボス,9,0.0,0.1111,0.1111,10.11,0.0,0.125,0.1667,0.0,0.0,
ボストンハーバー,9,0.0,0.0,0.0,11.0,0.0,0.0,0.0,0.0,,
ペルーサ,9,0.0,0.0,0.0,11.89,0.0,0.0,0.0,,0.0,
Congrats,9,0.0,0.1111,0.2222,5.56,0.4,0.0,0.4,0.0,0.0,
スノードラゴン,9,0.0,0.0,0.0,10.11,0.0,0.0,0.0,0.0,,
Blame,9,0.0,0.1111,0.1111,7.11,0.2,0.0,0.0,0.0,0.2,
ウインクリューガー,8,0.125,0.125,0.125,11.12,0.1429,0.0,0.1429,0.0,,
Candy Ride,8,0.0,0.0,0.125,8.88,0.0,0.25,0.0,0.0,0.25,
エーシントップ,8,0.0,0.125,0.125,10.25,0.125,,0.1429,0.0,,
ユアーズトゥルーリ,8,0.0,0.0,0.0,11.12,0.0,0.0,0.0,0.0,0.0,
Violence,8,0.0,0.125,0.5,5.88,1.0,0.3333,0.5714,,0.0,
ダノンゴーゴー,8,0.0,0.125,0.25,9.5,0.25,,0.25,,,
More Than Ready,8,0.0,0.0,0.125,7.75,0.1429,0.0,0.1429,0.0,,
スマートオーディン,8,0.0,0.0,0.0,9.0,0.0,0.0,0.0,0.0,0.0,
New Bay,8,0.0,0.0,0.0,8.88,0.0,0.0,0.0,0.0,0.0,
シングンオペラ,8,0.0,0.25,0.25,8.38,0.2857,0.0,0.0,0.3333,0.25,
Point of Entry,8,0.375,0.625,0.75,2.88,0.8571,0.0,1.0,1.0,0.6,
Constitution,8,0.375,0.5,0.5,5.12,0.3333,0.6,0.0,1.0,0.6,
Galileo,8,0.0,0.125,0.125,7.62,0.125,,,0.0,0.1667,
ワイルドワンダー,8,0.0,0.125,0.25,7.88,0.0,0.3333,0.0,0.0,0.6667,
ノーザンリバー,8,0.125,0.125,0.125,10.12,0.0,0.2,0.1429,,0.0,
Lemon Drop Kid,8,0.125,0.125,0.25,7.38,1.0,0.1429,0.25,,0.25,
Palace Malice,7,0.2857,0.2857,0.2857,5.43,0.3333,0.0,0.0,0.5,0.3333,
キモンノカシワ,7,0.1429,0.2857,0.2857,5.14,0.0,0.6667,0.5,,0.0,
Authentic,7,0.1429,0.2857,0.2857,6.57,0.0,0.4,0.3333,0.0,0.3333,
レッドベルジュール,7,0.0,0.2857,0.2857,5.71,0.5,0.0,0.6667,0.0,0.0,
ヤングマンパワー,7,0.0,0.0,0.2857,7.57,0.2857,,1.0,0.0,0.3333,
オペラハウス,7,0.1429,0.1429,0.2857,6.0,0.2,0.5,0.0,0.5,0.5,
St Mark's Basilica,7,0.0,0.2857,0.4286,5.43,0.4286,,1.0,0.0,0.0,
Shackleford,7,0.2857,0.4286,0.5714,4.0,1.0,0.5,0.3333,0.5,1.0,
Shanghai Bobby,7,0.2857,0.2857,0.2857,9.0,0.0,0.4,0.3333,0.0,0.5,
Smart Strike,7,0.1429,0.1429,0.1429,6.0,0.2,0.0,0.0,1.0,0.0,
ドリームバレンチノ,7,0.0,0.0,0.0,7.71,0.0,0.0,0.0,,0.0,
サダムパテック,7,0.0,0.0,0.0,11.29,0.0,0.0,0.0,0.0,0.0,
スパイキュール,7,0.0,0.0,0.1429,7.0,0.5,0.0,0.0,0.5,,
ミスキャスト,7,0.0,0.0,0.0,7.86,0.0,0.0,0.0,,0.0,
アレスバローズ,7,0.2857,0.4286,0.4286,7.57,0.4286,,0.4286,,,
Temple City,7,0.0,0.2857,0.4286,5.43,0.4,0.5,0.5,0.0,0.5,
ラブイズブーシェ,7,0.0,0.0,0.0,10.0,0.0,0.0,0.0,,0.0,
Twirling Candy,6,0.1667,0.5,0.8333,3.67,0.6667,1.0,1.0,0.5,1.0,
Lope de Vega,6,0.1667,0.3333,0.3333,4.5,0.3333,,0.0,,0.4,
マスクゾロ,6,0.0,0.0,0.0,9.33,,0.0,0.0,0.0,0.0,
Exceed And Excel,6,0.0,0.1667,0.1667,5.67,0.2,0.0,0.2,0.0,,
Elusive Quality,6,0.1667,0.1667,0.1667,7.67,0.3333,0.0,0.5,0.0,0.0,
Zoffany,6,0.0,0.0,0.0,8.0,0.0,,0.0,0.0,0.0,
マコトスパルビエロ,6,0.0,0.0,0.0,10.33,0.0,0.0,0.0,0.0,0.0,
Wootton Bassett,6,0.0,0.1667,0.1667,8.67,0.2,0.0,,0.0,0.3333,
Oasis Dream,6,0.1667,0.1667,0.1667,6.17,0.0,0.3333,0.2,0.0,,
Good Magic,6,0.3333,0.3333,0.6667,4.0,1.0,0.6,1.0,,0.6,
Street Cry,6,0.1667,0.5,0.5,4.33,0.0,0.6,0.5,0.0,1.0,
Sottsass,6,0.1667,0.1667,0.1667,6.0,0.2,0.0,,0.0,0.25,
セレスハント,6,0.0,0.1667,0.1667,5.83,0.5,0.0,0.2,0.0,,
ゴールデンマンデラ,6,0.0,0.0,0.0,10.17,0.0,0.0,0.0,,0.0,
サクラオリオン,6,0.0,0.0,0.0,13.5,0.0,0.0,0.0,0.0,0.0,
ティンバーカントリー,6,0.0,0.0,0.0,11.67,0.0,0.0,0.0,,,
Munnings,6,0.3333,0.3333,0.6667,4.67,0.5,0.75,0.8,,0.0,
Mineshaft,6,0.5,0.8333,0.8333,3.0,0.0,1.0,1.0,0.6667,1.0,
ショウナンバッハ,6,0.0,0.0,0.0,7.0,0.0,0.0,0.0,0.0,0.0,
カルストンライトオ,6,0.0,0.0,0.0,10.33,0.0,0.0,0.0,0.0,,
Carpe Diem,6,0.0,0.1667,0.1667,6.33,0.0,0.5,0.25,0.0,,
City of Light,6,0.0,0.0,0.0,8.0,0.0,0.0,0.0,0.0,0.0,
Cairo Prince,6,0.1667,0.1667,0.5,5.83,,0.5,0.75,0.0,0.0,
California Chrome,6,0.0,0.0,0.1667,7.67,0.0,0.3333,0.0,,0.2,
テレグノシス,6,0.0,0.1667,0.1667,10.5,0.0,0.25,0.2,0.0,,
サイレントディール,6,0.0,0.0,0.1667,9.5,0.0,0.25,0.0,0.0,0.5,
ゼンノエルシド,5,0.0,0.0,0.0,9.4,0.0,0.0,0.0,,0.0,
Goldencents,5,0.0,0.8,1.0,2.2,1.0,1.0,1.0,1.0,1.0,
ダンツシアトル,5,0.0,0.2,0.2,7.0,0.25,0.0,0.2,,,
トウカイワイルド,5,0.0,0.0,0.0,9.2,0.0,0.0,0.0,0.0,0.0,
クレスコグランド,5,0.0,0.0,0.0,8.4,0.0,0.0,0.0,,0.0,
サトノアレス,5,0.0,0.2,0.2,9.6,0.3333,0.0,0.25,,0.0,
クラウンレガーロ,5,0.0,0.0,0.0,10.4,0.0,,0.0,0.0,,
クリーンエコロジー,5,0.2,0.2,0.4,7.8,0.6667,0.0,0.4,,,
グァンチャーレ,5,0.0,0.0,0.0,12.8,0.0,0.0,0.0,0.0,0.0,
セイントアレックス,5,0.0,0.0,0.0,10.4,0.0,0.0,0.0,,,
スニッツェル,5,0.0,0.4,0.6,3.6,,0.6,0.6667,,0.5,
ストーミーシー,5,0.0,0.0,0.0,9.6,0.0,0.0,0.0,0.0,0.0,
McKinzie,5,0.0,0.0,0.2,6.0,0.0,0.3333,0.3333,0.0,0.0,
Midnight Lute,5,0.0,0.0,0.0,12.2,0.0,0.0,0.0,0.0,0.0,
Highland Reel,5,0.0,0.0,0.0,12.8,0.0,0.0,0.0,,0.0,
Hat Trick,5,0.0,0.2,0.2,7.0,0.25,0.0,,0.3333,0.0,
ネイティヴハート,5,0.0,0.0,0.0,7.4,0.0,,0.0,0.0,0.0,
King's Best,5,0.0,0.2,0.2,7.4,0.25,0.0,0.0,,0.3333,
フィガロ,5,0.0,0.0,0.0,10.0,0.0,0.0,0.0,0.0,0.0,
メジロダイボサツ,5,0.0,0.0,0.0,14.2,0.0,0.0,0.0,0.0,,
Verrazano,5,0.2,0.4,0.4,5.4,0.0,0.5,0.5,0.5,0.0,
Will Take Charge,5,0.2,0.4,0.4,3.4,,0.4,0.3333,,0.5,
ポアゾンブラック,5,0.2,0.2,0.2,4.8,0.0,0.25,0.25,0.0,,
ミッキースワロー,5,0.0,0.0,0.4,4.6,0.4,,,0.5,0.3333,
Take Charge Indy,5,0.2,0.4,0.6,6.0,0.0,1.0,0.6667,0.5,,
ワールドプレミア,5,0.2,0.2,0.2,8.0,0.25,0.0,,,0.25,
Tiz the Law,5,0.2,0.4,0.6,4.8,0.3333,1.0,0.5,,0.6667,
Too Darn Hot,5,0.2,0.4,0.4,6.0,0.5,0.0,0.5,0.0,,
Discreet Cat,5,0.2,0.6,0.6,3.2,1.0,0.5,0.5,,1.0,
リッカロイヤル,5,0.0,0.0,0.0,11.2,0.0,0.0,0.0,,0.0,
ロッコウオロシ,5,0.2,0.2,0.2,9.2,0.2,,0.0,0.3333,0.0,
Animal Kingdom,5,0.0,0.0,0.2,7.0,0.25,0.0,1.0,0.0,0.0,
Almanzor,5,0.2,0.2,0.2,8.0,0.2,,1.0,0.0,0.0,
ヴィットリオドーロ,5,0.2,0.2,0.2,5.4,,0.2,0.3333,,0.0,
