trainer_id,trainer,total_races,wins,top3,total_prize,win_rate,top3_rate,turf_races,turf_wins,turf_top3,turf_wr,dirt_races,dirt_wins,dirt_top3,dirt_wr
00131,梅田康雄,29,0,1,892,0.0,0.034482758620689655,11.0,0.0,1.0,0.0,18.0,0.0,0.0,0.0
00138,大久保洋,43,4,8,7500,0.09302325581395349,0.18604651162790697,22.0,0.0,0.0,0.0,21.0,4.0,8.0,0.19047619047619047
00201,白井寿昭,39,3,8,5090,0.07692307692307693,0.20512820512820512,5.0,0.0,0.0,0.0,34.0,3.0,8.0,0.08823529411764706
00208,鈴木康弘,36,1,9,6910,0.027777777777777776,0.25,20.0,1.0,6.0,0.05,16.0,0.0,3.0,0.0
00224,武田博,294,10,35,20704,0.034013605442176874,0.11904761904761904,122.0,3.0,12.0,0.02459016393442623,172.0,7.0,23.0,0.040697674418604654
00261,中村均,1117,64,220,134044,0.05729632945389436,0.19695613249776187,642.0,36.0,124.0,0.056074766355140186,475.0,28.0,96.0,0.05894736842105263
00339,畠山重則,55,0,2,1025,0.0,0.03636363636363636,21.0,0.0,0.0,0.0,34.0,0.0,2.0,0.0
00341,栗田博憲,954,65,191,149930,0.06813417190775681,0.20020964360587,611.0,42.0,142.0,0.06873977086743044,343.0,23.0,49.0,0.06705539358600583
00343,橋口弘次,347,29,81,70047,0.08357348703170028,0.2334293948126801,254.0,23.0,56.0,0.09055118110236221,93.0,6.0,25.0,0.06451612903225806
00346,境直行,38,2,7,2597,0.05263157894736842,0.18421052631578946,9.0,0.0,1.0,0.0,29.0,2.0,6.0,0.06896551724137931
00348,松田博資,427,41,116,109540,0.09601873536299765,0.2716627634660422,335.0,36.0,95.0,0.10746268656716418,92.0,5.0,21.0,0.05434782608695652
00349,尾形充弘,811,51,169,99091,0.06288532675709001,0.20838471023427868,344.0,18.0,79.0,0.05232558139534884,467.0,33.0,90.0,0.07066381156316917
00350,小野幸治,44,1,5,1645,0.022727272727272728,0.11363636363636363,10.0,0.0,0.0,0.0,34.0,1.0,5.0,0.029411764705882353
00353,和田正道,1092,46,159,92197,0.04212454212454213,0.14560439560439561,653.0,25.0,91.0,0.03828483920367534,439.0,21.0,68.0,0.04783599088838269
00356,坂口正則,998,52,153,94977,0.052104208416833664,0.1533066132264529,486.0,29.0,86.0,0.059670781893004114,512.0,23.0,67.0,0.044921875
00359,高橋祥泰,1757,102,364,189644,0.05805350028457598,0.20717131474103587,1044.0,65.0,224.0,0.06226053639846743,713.0,37.0,140.0,0.051893408134642355
00361,坪憲章,353,5,23,11200,0.014164305949008499,0.06515580736543909,92.0,2.0,7.0,0.021739130434782608,261.0,3.0,16.0,0.011494252873563218
00362,橋田満,1596,118,345,284465,0.07393483709273183,0.2161654135338346,909.0,68.0,187.0,0.0748074807480748,687.0,50.0,158.0,0.07278020378457059
00365,崎山博樹,989,37,134,71565,0.03741152679474216,0.13549039433771487,319.0,9.0,34.0,0.02821316614420063,670.0,28.0,100.0,0.041791044776119404
00370,二本柳俊,466,9,31,16186,0.019313304721030045,0.06652360515021459,202.0,4.0,16.0,0.019801980198019802,264.0,5.0,15.0,0.01893939393939394
00378,沖芳夫,857,46,174,92349,0.05367561260210035,0.20303383897316218,288.0,12.0,55.0,0.041666666666666664,569.0,34.0,119.0,0.05975395430579965
00379,加藤敬二,702,23,82,51057,0.03276353276353276,0.1168091168091168,298.0,8.0,33.0,0.026845637583892617,404.0,15.0,49.0,0.03712871287128713
00380,柄崎孝,1018,27,122,64493,0.026522593320235755,0.11984282907662082,502.0,12.0,56.0,0.02390438247011952,516.0,15.0,66.0,0.029069767441860465
00383,伊藤正徳,882,22,92,40583,0.024943310657596373,0.10430839002267574,445.0,9.0,48.0,0.020224719101123594,437.0,13.0,44.0,0.029748283752860413
00386,藤沢和雄,2025,316,782,822372,0.15604938271604937,0.3861728395061728,1543.0,237.0,598.0,0.15359688917692807,482.0,79.0,184.0,0.16390041493775934
00387,目野哲也,776,40,128,83768,0.05154639175257732,0.16494845360824742,298.0,12.0,44.0,0.040268456375838924,478.0,28.0,84.0,0.058577405857740586
00388,山内研二,1797,125,391,239293,0.06956037840845854,0.21758486366165833,791.0,40.0,152.0,0.05056890012642225,1006.0,85.0,239.0,0.08449304174950298
00390,池上昌弘,776,59,181,92624,0.07603092783505154,0.23324742268041238,349.0,20.0,72.0,0.05730659025787966,427.0,39.0,109.0,0.09133489461358314
00392,古賀史生,1475,62,215,112440,0.04203389830508475,0.14576271186440679,494.0,17.0,55.0,0.03441295546558704,981.0,45.0,160.0,0.045871559633027525
00395,長浜博之,408,20,66,39312,0.049019607843137254,0.16176470588235295,241.0,9.0,36.0,0.03734439834024896,167.0,11.0,30.0,0.0658682634730539
00396,福島信晴,743,47,143,92239,0.063257065948856,0.19246298788694483,320.0,25.0,64.0,0.078125,423.0,22.0,79.0,0.05200945626477541
00397,岩元市三,848,38,195,100042,0.04481132075471698,0.22995283018867924,403.0,12.0,85.0,0.02977667493796526,445.0,26.0,110.0,0.058426966292134834
00398,梅内忍,61,0,6,1585,0.0,0.09836065573770492,8.0,0.0,1.0,0.0,53.0,0.0,5.0,0.0
00399,国枝栄,3376,433,1078,1103516,0.12825829383886256,0.3193127962085308,2546.0,353.0,878.0,0.13864886095836607,830.0,80.0,200.0,0.0963855421686747
00400,柴田光陽,568,17,57,23975,0.02992957746478873,0.10035211267605634,152.0,2.0,6.0,0.013157894736842105,416.0,15.0,51.0,0.036057692307692304
00402,谷原義明,709,18,76,31561,0.02538787023977433,0.1071932299012694,420.0,10.0,41.0,0.023809523809523808,289.0,8.0,35.0,0.02768166089965398
00405,小西一男,2465,134,440,232489,0.05436105476673428,0.17849898580121704,582.0,26.0,93.0,0.044673539518900345,1883.0,108.0,347.0,0.05735528412108338
00406,柴田政見,118,6,18,10342,0.05084745762711865,0.15254237288135594,46.0,2.0,6.0,0.043478260869565216,72.0,4.0,12.0,0.05555555555555555
00408,田中清隆,1583,67,219,112605,0.04232469993682881,0.13834491471888818,878.0,38.0,125.0,0.04328018223234624,705.0,29.0,94.0,0.04113475177304964
00409,二ノ宮敬,883,49,164,120616,0.05549263873159683,0.1857304643261608,500.0,26.0,92.0,0.052,383.0,23.0,72.0,0.06005221932114883
00411,浅見秀一,2392,188,587,421129,0.07859531772575251,0.24540133779264214,1197.0,89.0,286.0,0.07435254803675856,1195.0,99.0,301.0,0.08284518828451883
00412,高橋裕,1997,120,398,217888,0.06009013520280421,0.19929894842263396,1188.0,75.0,230.0,0.06313131313131314,809.0,45.0,168.0,0.05562422744128554
00413,田中章博,396,17,58,35091,0.04292929292929293,0.14646464646464646,164.0,6.0,14.0,0.036585365853658534,232.0,11.0,44.0,0.04741379310344827
00415,菅原泰夫,462,13,58,28051,0.02813852813852814,0.12554112554112554,204.0,6.0,24.0,0.029411764705882353,258.0,7.0,34.0,0.027131782945736434
00417,土田稔,2385,80,317,162189,0.033542976939203356,0.1329140461215933,942.0,25.0,111.0,0.02653927813163482,1443.0,55.0,206.0,0.038115038115038115
00419,松元茂樹,960,80,253,162642,0.08333333333333333,0.2635416666666667,479.0,42.0,124.0,0.08768267223382047,481.0,38.0,129.0,0.079002079002079
00420,宗像義忠,2910,162,578,374842,0.05567010309278351,0.1986254295532646,1856.0,115.0,397.0,0.06196120689655173,1054.0,47.0,181.0,0.04459203036053131
00421,浅野洋一,1406,30,117,51341,0.021337126600284494,0.08321479374110953,523.0,10.0,40.0,0.019120458891013385,883.0,20.0,77.0,0.022650056625141562
00422,五十嵐忠,1916,152,479,280386,0.07933194154488518,0.25,816.0,70.0,191.0,0.0857843137254902,1100.0,82.0,288.0,0.07454545454545454
00423,上原博之,2720,165,564,345274,0.06066176470588235,0.2073529411764706,1571.0,100.0,310.0,0.06365372374283895,1149.0,65.0,254.0,0.05657093124456049
00425,加用正,2414,169,511,327119,0.0700082850041425,0.2116818558409279,1230.0,67.0,228.0,0.05447154471544716,1184.0,102.0,283.0,0.08614864864864864
00427,森秀行,3336,252,755,549780,0.07553956834532374,0.2263189448441247,1367.0,89.0,294.0,0.06510607168983175,1969.0,163.0,461.0,0.08278313864906044
00428,石毛善彦,2110,48,178,103656,0.022748815165876776,0.08436018957345971,1148.0,36.0,121.0,0.0313588850174216,962.0,12.0,57.0,0.012474012474012475
00429,佐々木晶,2644,218,675,485030,0.08245083207261725,0.2552950075642965,1599.0,129.0,403.0,0.08067542213883677,1045.0,89.0,272.0,0.08516746411483253
00431,谷潔,2661,127,465,266012,0.04772641863960917,0.17474633596392333,1107.0,57.0,190.0,0.051490514905149054,1554.0,70.0,275.0,0.04504504504504504
00433,成島英春,264,4,20,10437,0.015151515151515152,0.07575757575757576,118.0,1.0,11.0,0.00847457627118644,146.0,3.0,9.0,0.02054794520547945
00434,西橋豊治,1389,37,140,80140,0.02663786897048236,0.1007919366450684,641.0,16.0,65.0,0.0249609984399376,748.0,21.0,75.0,0.02807486631016043
00435,藤原辰雄,1302,65,223,111563,0.04992319508448541,0.17127496159754224,278.0,6.0,32.0,0.02158273381294964,1024.0,59.0,191.0,0.0576171875
00436,堀井雅広,2056,91,302,167164,0.04426070038910506,0.14688715953307394,1026.0,48.0,152.0,0.04678362573099415,1030.0,43.0,150.0,0.04174757281553398
00437,南田美知,2444,63,232,120270,0.025777414075286414,0.09492635024549918,1181.0,30.0,111.0,0.02540220152413209,1263.0,33.0,121.0,0.026128266033254157
00438,安田隆行,3335,383,1059,894283,0.11484257871064468,0.3175412293853073,1678.0,192.0,532.0,0.11442193087008343,1657.0,191.0,527.0,0.11526855763427882
00803,アトフィ,1,0,0,0,0.0,0.0,0.0,0.0,0.0,0.0,1.0,0.0,0.0,0.0
00823,錦見勇夫,1,0,0,0,0.0,0.0,0.0,0.0,0.0,0.0,1.0,0.0,0.0,0.0
00844,桑原義光,5,1,2,2400,0.2,0.4,5.0,1.0,2.0,0.2,0.0,0.0,0.0,0.0
00862,若松平,3,0,0,0,0.0,0.0,3.0,0.0,0.0,0.0,0.0,0.0,0.0,0.0
00886,田中正二,19,0,2,1495,0.0,0.10526315789473684,19.0,0.0,2.0,0.0,0.0,0.0,0.0,0.0
00985,ヘイズ,1,0,0,0,0.0,0.0,1.0,0.0,0.0,0.0,0.0,0.0,0.0,0.0
01002,音無秀孝,3737,379,1049,1027660,0.10141824993310142,0.2807064490232807,2254.0,236.0,640.0,0.10470275066548358,1483.0,143.0,409.0,0.0964261631827377
01003,川村禎彦,2674,137,484,270031,0.0512341062079282,0.18100224382946897,917.0,38.0,157.0,0.04143947655398037,1757.0,99.0,327.0,0.056346044393853156
01005,小桧山悟,2875,77,305,161310,0.026782608695652174,0.10608695652173913,1248.0,38.0,145.0,0.030448717948717948,1627.0,39.0,160.0,0.023970497848801474
01006,作田誠二,1011,33,115,65528,0.032640949554896145,0.11374876360039565,455.0,14.0,50.0,0.03076923076923077,556.0,19.0,65.0,0.0341726618705036
01007,柴田政人,721,18,75,31306,0.024965325936199722,0.10402219140083217,314.0,8.0,38.0,0.025477707006369428,407.0,10.0,37.0,0.02457002457002457
01008,杉浦宏昭,2856,113,458,236897,0.03956582633053221,0.16036414565826332,1479.0,59.0,232.0,0.03989181879648411,1377.0,54.0,226.0,0.0392156862745098
01009,田所秀孝,1763,78,242,152282,0.04424276800907544,0.13726602382302894,806.0,34.0,107.0,0.04218362282878412,957.0,44.0,135.0,0.04597701149425287
01010,中野栄治,2521,105,386,232237,0.04165013883379611,0.15311384371281236,1396.0,66.0,223.0,0.04727793696275072,1125.0,39.0,163.0,0.034666666666666665
01011,松田国英,1369,147,432,288794,0.10737764791818846,0.3155588020452885,713.0,63.0,226.0,0.08835904628330996,656.0,84.0,206.0,0.12804878048780488
01012,大江原哲,1899,80,258,123533,0.042127435492364404,0.1358609794628752,822.0,30.0,110.0,0.0364963503649635,1077.0,50.0,148.0,0.04642525533890436
01013,小島太,887,54,164,120551,0.060879368658399095,0.18489289740698986,426.0,29.0,79.0,0.06807511737089202,461.0,25.0,85.0,0.05422993492407809
01014,高市圭二,1333,69,245,128365,0.051762940735183796,0.1837959489872468,657.0,29.0,102.0,0.0441400304414003,676.0,40.0,143.0,0.05917159763313609
01016,西浦勝一,1741,138,422,289072,0.07926479035037334,0.24238943136128663,990.0,79.0,240.0,0.0797979797979798,751.0,59.0,182.0,0.07856191744340879
01017,萩原清,2142,270,683,496493,0.12605042016806722,0.3188608776844071,1026.0,130.0,336.0,0.1267056530214425,1116.0,140.0,347.0,0.12544802867383512
01018,宮徹,3012,177,649,387816,0.05876494023904383,0.2154714475431607,1793.0,100.0,398.0,0.05577244841048522,1219.0,77.0,251.0,0.06316652994257588
01020,相沢郁,3179,224,685,419536,0.07046240956275558,0.2154765649575338,1636.0,106.0,343.0,0.0647921760391198,1543.0,118.0,342.0,0.07647440051847051
01021,池添兼雄,2191,141,466,330762,0.06435417617526244,0.2126882701962574,1102.0,72.0,243.0,0.06533575317604355,1089.0,69.0,223.0,0.06336088154269973
01022,石坂正,1927,191,577,399259,0.09911779968863518,0.299429164504411,1014.0,104.0,315.0,0.10256410256410256,913.0,87.0,262.0,0.09529025191675794
01023,伊藤圭三,3443,284,829,440397,0.08248620389195468,0.24077839093813536,784.0,56.0,161.0,0.07142857142857142,2659.0,228.0,668.0,0.0857465212485897
01024,萱野浩二,2711,106,355,191242,0.03909996311324235,0.13094798967170787,1141.0,43.0,132.0,0.03768624014022787,1570.0,63.0,223.0,0.040127388535031845
01025,佐藤正雄,609,36,133,65101,0.059113300492610835,0.21839080459770116,152.0,4.0,16.0,0.02631578947368421,457.0,32.0,117.0,0.0700218818380744
01026,鈴木伸尋,2693,184,553,302206,0.06832528778314148,0.20534719643520238,812.0,54.0,169.0,0.0665024630541872,1881.0,130.0,384.0,0.06911217437533226
01027,田村康仁,3420,287,795,477513,0.08391812865497077,0.2324561403508772,1446.0,112.0,347.0,0.07745504840940526,1974.0,175.0,448.0,0.08865248226950355
01028,西園正都,3808,332,956,656677,0.08718487394957983,0.2510504201680672,1803.0,135.0,382.0,0.07487520798668885,2005.0,197.0,574.0,0.09825436408977556
01029,根本康広,2594,76,299,150335,0.029298380878951428,0.11526599845797995,1024.0,26.0,107.0,0.025390625,1570.0,50.0,192.0,0.03184713375796178
01030,星野忍,1069,33,107,61448,0.03086997193638915,0.10009354536950421,447.0,16.0,60.0,0.035794183445190156,622.0,17.0,47.0,0.027331189710610933
01031,伊藤伸一,2566,71,264,136774,0.027669524551831644,0.10288386593920498,1234.0,35.0,133.0,0.028363047001620744,1332.0,36.0,131.0,0.02702702702702703
01032,大根田裕,2255,117,421,233738,0.05188470066518847,0.18669623059866963,768.0,24.0,107.0,0.03125,1487.0,93.0,314.0,0.06254203093476798
01033,木原一良,2445,159,450,293858,0.06503067484662577,0.18404907975460122,873.0,42.0,156.0,0.048109965635738834,1572.0,117.0,294.0,0.07442748091603053
01035,佐藤吉勝,2288,46,211,110641,0.020104895104895104,0.09222027972027973,1046.0,23.0,102.0,0.02198852772466539,1242.0,23.0,109.0,0.018518518518518517
01036,高橋義博,859,20,79,40644,0.023282887077997673,0.0919674039580908,515.0,16.0,62.0,0.031067961165048542,344.0,4.0,17.0,0.011627906976744186
01038,手塚貴久,3501,370,1048,976805,0.10568409025992574,0.29934304484433016,2255.0,258.0,708.0,0.11441241685144124,1246.0,112.0,340.0,0.0898876404494382
01039,中竹和也,3739,318,909,703951,0.0850494784701792,0.24311313185343675,1828.0,166.0,500.0,0.09080962800875274,1911.0,152.0,409.0,0.07953950811093669
01040,服部利之,1683,50,177,97996,0.029708853238265002,0.1051693404634581,714.0,25.0,78.0,0.0350140056022409,969.0,25.0,99.0,0.025799793601651185
01041,藤沢則雄,2146,78,284,153540,0.036346691519105315,0.13233923578751164,740.0,17.0,78.0,0.022972972972972974,1406.0,61.0,206.0,0.04338549075391181
01042,安達昭夫,2355,143,435,298941,0.06072186836518047,0.18471337579617833,931.0,52.0,178.0,0.055853920515574654,1424.0,91.0,257.0,0.06390449438202248
01043,石栗龍彦,2111,71,251,125248,0.033633349123638086,0.11890099478919944,742.0,16.0,57.0,0.0215633423180593,1369.0,55.0,194.0,0.04017531044558072
01044,昆貢,2244,210,625,492576,0.09358288770053476,0.2785204991087344,1418.0,125.0,374.0,0.08815232722143865,826.0,85.0,251.0,0.10290556900726393
01046,鮫島一歩,2940,191,649,448616,0.06496598639455782,0.2207482993197279,1678.0,115.0,371.0,0.06853396901072706,1262.0,76.0,278.0,0.060221870047543584
01047,勢司和浩,2110,77,259,135356,0.036492890995260666,0.12274881516587678,987.0,36.0,119.0,0.0364741641337386,1123.0,41.0,140.0,0.0365093499554764
01048,畠山吉宏,2817,154,523,317098,0.054668086616968405,0.18565850195243166,1528.0,76.0,276.0,0.049738219895287955,1289.0,78.0,247.0,0.060512024825446084
01049,南井克巳,2275,186,548,365121,0.08175824175824176,0.2408791208791209,1031.0,71.0,224.0,0.06886517943743937,1244.0,115.0,324.0,0.09244372990353698
01050,飯田雄三,1986,119,371,230900,0.05991943605236657,0.18680765357502518,742.0,33.0,115.0,0.0444743935309973,1244.0,86.0,256.0,0.06913183279742766
01051,岩戸孝樹,3057,179,614,339961,0.058554138043833824,0.20085050703303892,1461.0,93.0,275.0,0.06365503080082136,1596.0,86.0,339.0,0.05388471177944862
01052,菊川正達,2889,139,455,248852,0.04811353409484251,0.1574939425406715,1729.0,81.0,275.0,0.04684788895315211,1160.0,58.0,180.0,0.05
01053,角居勝彦,1714,233,593,596724,0.13593932322053676,0.3459743290548425,1181.0,161.0,436.0,0.1363251481795089,533.0,72.0,157.0,0.1350844277673546
01054,戸田博文,3041,197,709,443733,0.06478132193357448,0.23314699112134166,1856.0,120.0,454.0,0.06465517241379311,1185.0,77.0,255.0,0.06497890295358649
01055,藤原英昭,3163,457,1137,1067277,0.14448308567815366,0.3594688586784698,2278.0,314.0,828.0,0.13784021071115013,885.0,143.0,309.0,0.1615819209039548
01056,本間忍,2337,79,274,136145,0.03380402225074882,0.11724433033804023,926.0,30.0,99.0,0.032397408207343416,1411.0,49.0,175.0,0.03472714386959603
01057,湯窪幸雄,1458,65,243,128819,0.04458161865569273,0.16666666666666666,430.0,12.0,51.0,0.027906976744186046,1028.0,53.0,192.0,0.05155642023346303
01058,大久保龍,2925,343,924,754352,0.11726495726495727,0.3158974358974359,1421.0,147.0,456.0,0.10344827586206896,1504.0,196.0,468.0,0.13031914893617022
01059,加藤征弘,3008,339,891,577304,0.11269946808510638,0.29621010638297873,1212.0,109.0,342.0,0.08993399339933994,1796.0,230.0,549.0,0.12806236080178174
01061,友道康夫,2966,479,1140,1597559,0.16149696561024948,0.38435603506405935,2438.0,420.0,993.0,0.1722723543888433,528.0,59.0,147.0,0.11174242424242424
01062,藤岡健一,3009,321,870,688049,0.10667996011964108,0.28913260219341974,2079.0,228.0,642.0,0.10966810966810966,930.0,93.0,228.0,0.1
01063,的場均,2217,40,161,78786,0.018042399639152006,0.07262065854758683,944.0,18.0,79.0,0.019067796610169493,1273.0,22.0,82.0,0.01728201099764336
01064,武藤善則,2982,169,548,294270,0.05667337357478203,0.18376928236083165,1352.0,64.0,232.0,0.047337278106508875,1630.0,105.0,316.0,0.06441717791411043
01065,大橋勇樹,3176,207,660,358793,0.06517632241813602,0.20780856423173805,764.0,37.0,125.0,0.04842931937172775,2412.0,170.0,535.0,0.07048092868988391
01066,岡田稲男,2785,229,667,446054,0.0822262118491921,0.23949730700179533,1047.0,86.0,233.0,0.08213944603629417,1738.0,143.0,434.0,0.08227848101265822
01067,久保田貴,2709,246,688,462976,0.09080841638981174,0.25396825396825395,1352.0,119.0,337.0,0.08801775147928995,1357.0,127.0,351.0,0.09358879882092852
01068,小島茂之,2500,179,501,347581,0.0716,0.2004,1533.0,120.0,345.0,0.07827788649706457,967.0,59.0,156.0,0.06101344364012409
01069,中尾秀正,2584,164,528,323953,0.06346749226006192,0.2043343653250774,1082.0,65.0,203.0,0.06007393715341959,1502.0,99.0,325.0,0.0659121171770972
01070,堀宣行,2575,489,991,1213418,0.18990291262135922,0.38485436893203884,1901.0,351.0,735.0,0.1846396633350868,674.0,138.0,256.0,0.20474777448071216
01071,池江泰寿,3521,465,1224,1453354,0.13206475433115591,0.34762851462652655,2648.0,369.0,974.0,0.13935045317220543,873.0,96.0,250.0,0.10996563573883161
01072,河内洋,2452,175,584,371193,0.07137030995106036,0.23817292006525284,1392.0,102.0,349.0,0.07327586206896551,1060.0,73.0,235.0,0.06886792452830189
01073,宮本博,2797,187,643,437579,0.06685734715766893,0.22988916696460493,1495.0,94.0,372.0,0.06287625418060201,1302.0,93.0,271.0,0.07142857142857142
01074,奥平雅士,2574,135,476,223252,0.05244755244755245,0.18492618492618493,875.0,31.0,135.0,0.03542857142857143,1699.0,104.0,341.0,0.06121247792819305
01075,矢作芳人,5595,568,1517,1474105,0.10151921358355674,0.2711349419124218,3498.0,360.0,958.0,0.10291595197255575,2097.0,208.0,559.0,0.09918931807343824
01076,小笠倫弘,2589,157,481,255127,0.06064117419853225,0.1857860177674778,949.0,37.0,141.0,0.03898840885142255,1640.0,120.0,340.0,0.07317073170731707
01077,加藤和宏,2391,36,196,87374,0.015056461731493099,0.08197406942701799,1107.0,14.0,101.0,0.012646793134598013,1284.0,22.0,95.0,0.017133956386292833
01078,北出成人,3098,189,630,403488,0.06100710135571336,0.20335700451904454,1524.0,87.0,313.0,0.05708661417322835,1574.0,102.0,317.0,0.06480304955527319
01079,古賀慎明,2607,177,616,337378,0.06789413118527042,0.23628691983122363,1354.0,95.0,358.0,0.07016248153618906,1253.0,82.0,258.0,0.06544293695131684
01080,清水英克,2601,124,413,213303,0.04767397154940407,0.1587850826605152,1280.0,67.0,206.0,0.05234375,1321.0,57.0,207.0,0.04314912944738834
01081,中川公成,2406,171,499,325956,0.07107231920199501,0.20739817123857024,953.0,70.0,204.0,0.07345225603357818,1453.0,101.0,295.0,0.06951135581555402
01082,平田修,2835,206,614,430983,0.07266313932980599,0.21657848324514992,1365.0,97.0,284.0,0.07106227106227106,1470.0,109.0,330.0,0.07414965986394557
01083,松永昌博,2233,171,528,338910,0.07657859381997313,0.23645320197044334,875.0,50.0,181.0,0.05714285714285714,1358.0,121.0,347.0,0.08910162002945508
01084,梅田智之,3075,198,630,438401,0.06439024390243903,0.2048780487804878,1585.0,97.0,299.0,0.061198738170347,1490.0,101.0,331.0,0.06778523489932886
01085,小崎憲,2686,160,510,287356,0.05956813104988831,0.189873417721519,1004.0,42.0,150.0,0.04183266932270916,1682.0,118.0,360.0,0.07015457788347206
01086,斎藤誠,3961,371,1036,670579,0.09366321635950517,0.26155011360767483,2103.0,183.0,526.0,0.08701854493580599,1858.0,188.0,510.0,0.10118406889128095
01087,庄野靖志,2688,221,650,532920,0.0822172619047619,0.2418154761904762,1306.0,109.0,316.0,0.08346094946401225,1382.0,112.0,334.0,0.08104196816208394
01088,高木登,2999,285,803,560315,0.09503167722574192,0.2677559186395465,1284.0,96.0,320.0,0.07476635514018691,1715.0,189.0,483.0,0.11020408163265306
01089,武市康男,3323,149,534,278580,0.04483900090279867,0.16069816430935902,1590.0,75.0,276.0,0.04716981132075472,1733.0,74.0,258.0,0.04270051933064051
01090,天間昭一,2566,56,226,125711,0.021823850350740453,0.08807482462977397,1332.0,26.0,105.0,0.01951951951951952,1234.0,30.0,121.0,0.024311183144246355
01091,羽月友彦,2660,133,432,246445,0.05,0.162406015037594,757.0,30.0,105.0,0.03963011889035667,1903.0,103.0,327.0,0.054125065685759324
01092,松永幹夫,3251,366,990,769097,0.11258074438634266,0.30452168563518917,1857.0,197.0,548.0,0.10608508346795907,1394.0,169.0,442.0,0.1212338593974175
01093,松永康利,2335,68,282,123649,0.029122055674518203,0.12077087794432548,1043.0,25.0,103.0,0.023969319271332695,1292.0,43.0,179.0,0.033281733746130034
01094,水野貴広,3154,135,516,261621,0.04280279010779962,0.1636017755231452,1353.0,50.0,202.0,0.03695491500369549,1801.0,85.0,314.0,0.04719600222098834
01095,荒川義之,3205,164,620,353561,0.05117004680187207,0.1934477379095164,1381.0,56.0,253.0,0.04055032585083273,1824.0,108.0,367.0,0.05921052631578947
01096,粕谷昌央,2523,61,257,121493,0.024177566389219182,0.10186286167261197,1235.0,30.0,129.0,0.024291497975708502,1288.0,31.0,128.0,0.02406832298136646
01097,鹿戸雄一,3268,326,910,694867,0.09975520195838433,0.2784577723378213,2473.0,262.0,714.0,0.10594419733117671,795.0,64.0,196.0,0.08050314465408805
01098,野中賢二,2422,246,658,466516,0.10156895127993394,0.27167630057803466,921.0,60.0,196.0,0.06514657980456026,1501.0,186.0,462.0,0.12391738840772819
01099,本田優,3728,272,783,502266,0.07296137339055794,0.21003218884120173,1879.0,127.0,377.0,0.06758914316125599,1849.0,145.0,406.0,0.07842076798269335
01100,松山将樹,2408,83,317,136761,0.03446843853820598,0.13164451827242524,1029.0,32.0,128.0,0.031098153547133137,1379.0,51.0,189.0,0.03698332124728064
01101,吉田直弘,2786,185,575,347101,0.06640344580043073,0.20638908829863603,1069.0,57.0,189.0,0.05332086061739944,1717.0,128.0,386.0,0.07454863133372161
01102,大竹正博,2668,263,675,519133,0.09857571214392803,0.2529985007496252,1736.0,193.0,465.0,0.11117511520737328,932.0,70.0,210.0,0.07510729613733906
01103,尾関知人,2985,258,697,546359,0.0864321608040201,0.23350083752093803,1799.0,174.0,450.0,0.09672040022234575,1186.0,84.0,247.0,0.07082630691399663
01104,笹田和秀,2335,156,492,357330,0.06680942184154176,0.2107066381156317,1281.0,98.0,295.0,0.07650273224043716,1054.0,58.0,197.0,0.05502846299810247
01105,須貝尚介,3639,419,1207,1019321,0.11514152239626271,0.3316845287166804,2520.0,301.0,847.0,0.11944444444444445,1119.0,118.0,360.0,0.10545129579982127
01106,牧光二,3528,234,787,395554,0.0663265306122449,0.22307256235827663,1449.0,85.0,313.0,0.05866114561766736,2079.0,149.0,474.0,0.07166907166907167
01107,村山明,2744,161,497,344417,0.058673469387755105,0.18112244897959184,869.0,31.0,104.0,0.03567318757192175,1875.0,130.0,393.0,0.06933333333333333
01108,矢野英一,2750,181,605,301317,0.06581818181818182,0.22,1064.0,66.0,224.0,0.06203007518796992,1686.0,115.0,381.0,0.06820877817319099
01109,伊藤大士,3109,148,550,303197,0.047603731103248635,0.17690575747828885,1788.0,93.0,342.0,0.05201342281879195,1321.0,55.0,208.0,0.041635124905374715
01110,清水久詞,4407,371,1112,914301,0.08418425232584524,0.2523258452461992,2968.0,260.0,774.0,0.0876010781671159,1439.0,111.0,338.0,0.07713690062543432
01111,鈴木孝志,2977,230,743,404320,0.07725898555592879,0.24958011420893517,1365.0,91.0,310.0,0.06666666666666667,1612.0,139.0,433.0,0.08622828784119106
01112,田島俊明,2907,154,502,266004,0.052975576195390436,0.17268661850705194,978.0,46.0,144.0,0.04703476482617587,1929.0,108.0,358.0,0.05598755832037325
01113,牧浦充徳,2805,232,655,407759,0.08270944741532976,0.23351158645276293,1192.0,95.0,258.0,0.0796979865771812,1613.0,137.0,397.0,0.08493490390576565
01114,和田正一,2389,176,489,385935,0.07367099204688154,0.204688154039347,1429.0,114.0,313.0,0.07977606717984605,960.0,62.0,176.0,0.06458333333333334
01115,菊沢隆徳,2702,225,651,493794,0.08327165062916358,0.24093264248704663,1486.0,123.0,377.0,0.08277254374158816,1216.0,102.0,274.0,0.08388157894736842
01116,新開幸一,2319,137,456,232875,0.05907718844329452,0.19663648124191463,665.0,35.0,112.0,0.05263157894736842,1654.0,102.0,344.0,0.06166868198307134
01117,高野友和,3031,345,949,911056,0.11382382052128011,0.31309798746288353,1939.0,239.0,619.0,0.12325941206807632,1092.0,106.0,330.0,0.09706959706959707
01118,高柳瑞樹,2404,205,586,443841,0.08527454242928452,0.2437603993344426,1058.0,88.0,261.0,0.0831758034026465,1346.0,117.0,325.0,0.08692421991084695
01119,田中剛,2315,116,436,247530,0.05010799136069115,0.18833693304535637,1201.0,61.0,224.0,0.0507910074937552,1114.0,55.0,212.0,0.04937163375224417
01120,千田輝彦,2819,175,548,349525,0.06207875133025896,0.19439517559418235,1552.0,88.0,288.0,0.05670103092783505,1267.0,87.0,260.0,0.06866614048934491
01121,角田晃一,2958,249,777,461139,0.08417849898580122,0.26267748478701824,1279.0,104.0,329.0,0.08131352619233777,1679.0,145.0,448.0,0.08636092912447886
01122,日吉正和,492,15,48,21906,0.03048780487804878,0.0975609756097561,205.0,5.0,17.0,0.024390243902439025,287.0,10.0,31.0,0.03484320557491289
01123,牧田和弥,3073,179,565,346459,0.05824926781646599,0.18385942076147088,1390.0,78.0,246.0,0.05611510791366906,1683.0,101.0,319.0,0.06001188354129531
01124,大和田成,2591,151,479,268417,0.05827865688923196,0.18487070629100733,1076.0,51.0,192.0,0.047397769516728624,1515.0,100.0,287.0,0.066006600660066
01125,小野次郎,2687,130,407,218075,0.048381094157052475,0.1514700409378489,1170.0,45.0,156.0,0.038461538461538464,1517.0,85.0,251.0,0.05603164139749506
01126,木村哲也,2324,405,931,1103451,0.17426850258175558,0.4006024096385542,1674.0,301.0,706.0,0.17980884109916367,650.0,104.0,225.0,0.16
01127,栗田徹,2993,262,784,518927,0.08753758770464418,0.26194453725359174,1445.0,123.0,375.0,0.08512110726643599,1548.0,139.0,409.0,0.08979328165374677
01128,今野貞一,2686,212,595,384892,0.07892777364110201,0.22151898734177214,1236.0,88.0,269.0,0.07119741100323625,1450.0,124.0,326.0,0.08551724137931034
01129,高橋義忠,2923,234,652,509481,0.08005473828258639,0.2230585015395142,1501.0,120.0,338.0,0.07994670219853431,1422.0,114.0,314.0,0.08016877637130802
01130,吉村圭司,2858,255,727,527894,0.08922323303009097,0.2543736878936319,1529.0,142.0,397.0,0.09287115761935906,1329.0,113.0,330.0,0.08502633559066967
01131,蛯名利弘,2716,79,281,141365,0.029086892488954345,0.10346097201767304,1099.0,22.0,72.0,0.020018198362147407,1617.0,57.0,209.0,0.03525046382189239
01132,金成貴史,2895,202,629,357693,0.06977547495682211,0.21727115716753023,1691.0,118.0,363.0,0.06978119455943228,1204.0,84.0,266.0,0.06976744186046512
01133,黒岩陽一,2572,200,541,383946,0.07776049766718507,0.21034214618973562,1494.0,132.0,325.0,0.08835341365461848,1078.0,68.0,216.0,0.06307977736549165
01134,高橋文雅,2528,133,477,254025,0.05261075949367089,0.1886867088607595,1155.0,59.0,220.0,0.05108225108225108,1373.0,74.0,257.0,0.053896576839038604
01135,高橋康之,2694,128,419,260236,0.047512991833704527,0.15553080920564216,1313.0,73.0,202.0,0.055597867479055596,1381.0,55.0,217.0,0.03982621288921072
01136,高橋亮,2712,220,665,415896,0.08112094395280237,0.24520648967551623,1434.0,114.0,372.0,0.0794979079497908,1278.0,106.0,293.0,0.08294209702660407
01137,中内田充,2552,470,1051,1072942,0.1841692789968652,0.41183385579937304,1605.0,317.0,699.0,0.19750778816199377,947.0,153.0,352.0,0.16156282998944033
01138,浜田多実,2797,193,576,362456,0.06900250268144441,0.20593493028244547,983.0,65.0,180.0,0.06612410986775177,1814.0,128.0,396.0,0.07056229327453142
01139,飯田祐史,2527,155,498,284045,0.06133755441234666,0.19707162643450732,738.0,37.0,118.0,0.05013550135501355,1789.0,118.0,380.0,0.06595863610955842
01140,石橋守,2653,173,527,359380,0.0652091971353185,0.19864304560874482,1309.0,83.0,261.0,0.06340718105423988,1344.0,90.0,266.0,0.06696428571428571
01141,尾形和幸,2736,150,469,238071,0.05482456140350877,0.17141812865497075,1323.0,62.0,229.0,0.04686318972033258,1413.0,88.0,240.0,0.06227883934890304
01142,森田直行,2998,150,532,318291,0.05003335557038025,0.17745163442294865,1724.0,80.0,295.0,0.04640371229698376,1274.0,70.0,237.0,0.054945054945054944
01143,和田雄二,2920,104,396,195132,0.03561643835616438,0.13561643835616438,1410.0,60.0,196.0,0.0425531914893617,1510.0,44.0,200.0,0.02913907284768212
01144,池添学,2770,313,813,682149,0.11299638989169675,0.29350180505415163,1711.0,197.0,526.0,0.11513734658094682,1059.0,116.0,287.0,0.10953729933899906
01145,奥村武,2559,218,592,388114,0.0851895271590465,0.23134036733098867,1560.0,137.0,376.0,0.08782051282051281,999.0,81.0,216.0,0.08108108108108109
01146,奥村豊,3000,246,721,427237,0.082,0.24033333333333334,1301.0,104.0,298.0,0.07993850883935434,1699.0,142.0,423.0,0.08357857563272514
01147,武井亮,2896,250,734,432951,0.08632596685082873,0.2534530386740331,1463.0,116.0,387.0,0.07928913192071087,1433.0,134.0,347.0,0.09351011863224006
01148,西村真幸,3194,270,790,587872,0.08453350031308704,0.24733876017532874,1847.0,157.0,467.0,0.08500270709258256,1347.0,113.0,323.0,0.08389012620638456
01149,松下武士,3076,227,651,450600,0.07379713914174252,0.21163849154746425,1383.0,104.0,300.0,0.07519884309472162,1693.0,123.0,351.0,0.07265209686946249
01150,池上昌和,2468,160,520,290237,0.06482982171799027,0.2106969205834684,1180.0,80.0,263.0,0.06779661016949153,1288.0,80.0,257.0,0.062111801242236024
01151,斉藤崇史,2629,312,773,792413,0.11867630277672118,0.2940281475846329,1775.0,216.0,540.0,0.12169014084507042,854.0,96.0,233.0,0.11241217798594848
01152,竹内正洋,2709,165,531,280481,0.06090808416389812,0.19601328903654486,1057.0,58.0,175.0,0.05487228003784295,1652.0,107.0,356.0,0.06476997578692494
01153,中舘英二,2741,227,626,347091,0.08281649033199562,0.2283838015322875,903.0,65.0,180.0,0.07198228128460686,1838.0,162.0,446.0,0.088139281828074
01154,橋口慎介,2383,222,640,424777,0.0931598825010491,0.26856903063365506,1315.0,121.0,348.0,0.09201520912547528,1068.0,101.0,292.0,0.0945692883895131
01155,渡辺薫彦,2597,166,574,387545,0.06391990758567578,0.2210242587601078,1271.0,80.0,288.0,0.06294256490952006,1326.0,86.0,286.0,0.06485671191553545
01156,青木孝文,2363,105,378,209723,0.04443504020313161,0.1599661447312738,1350.0,72.0,220.0,0.05333333333333334,1013.0,33.0,158.0,0.03257650542941757
01157,杉山晴紀,3126,365,943,918849,0.11676263595649392,0.3016634676903391,1636.0,207.0,506.0,0.1265281173594132,1490.0,158.0,437.0,0.10604026845637583
01158,寺島良,2988,254,729,461620,0.08500669344042838,0.24397590361445784,1438.0,97.0,305.0,0.0674547983310153,1550.0,157.0,424.0,0.10129032258064516
01159,高柳大輔,1992,183,549,456939,0.09186746987951808,0.2756024096385542,734.0,65.0,190.0,0.0885558583106267,1258.0,118.0,359.0,0.09379968203497616
01160,武幸四郎,1959,201,593,373563,0.10260336906584992,0.30270546197039305,1126.0,110.0,327.0,0.09769094138543517,833.0,91.0,266.0,0.1092436974789916
01161,武英智,2425,199,616,440474,0.08206185567010309,0.25402061855670105,1301.0,99.0,321.0,0.07609531129900077,1124.0,100.0,295.0,0.08896797153024912
01162,田中博康,1627,229,555,417933,0.1407498463429625,0.34111862323294406,770.0,87.0,239.0,0.11298701298701298,857.0,142.0,316.0,0.16569428238039674
01163,林徹,1717,158,404,304439,0.09202096680256261,0.23529411764705882,858.0,96.0,212.0,0.11188811188811189,859.0,62.0,192.0,0.07217694994179279
01164,安田翔伍,1785,176,521,458943,0.09859943977591036,0.29187675070028013,887.0,98.0,280.0,0.1104847801578354,898.0,78.0,241.0,0.08685968819599109
01165,和田勇介,1844,114,366,213995,0.06182212581344902,0.1984815618221258,872.0,56.0,161.0,0.06422018348623854,972.0,58.0,205.0,0.059670781893004114
01166,石坂公一,1636,147,423,289266,0.08985330073349633,0.25855745721271395,715.0,66.0,190.0,0.09230769230769231,921.0,81.0,233.0,0.08794788273615635
01167,稲垣幸雄,1302,99,282,159164,0.07603686635944701,0.21658986175115208,520.0,30.0,102.0,0.057692307692307696,782.0,69.0,180.0,0.08823529411764706
01168,上村洋行,1467,212,499,488474,0.1445126107702795,0.3401499659168371,814.0,117.0,291.0,0.14373464373464373,653.0,95.0,208.0,0.14548238897396631
01169,加藤士津,1722,118,388,246367,0.06852497096399536,0.22531939605110338,727.0,35.0,140.0,0.048143053645116916,995.0,83.0,248.0,0.08341708542713568
01170,坂口智康,1505,88,270,176385,0.05847176079734219,0.17940199335548174,631.0,35.0,113.0,0.0554675118858954,874.0,53.0,157.0,0.06064073226544622
01171,小手川準,1494,50,227,120631,0.03346720214190094,0.15194109772423026,744.0,20.0,99.0,0.026881720430107527,750.0,30.0,128.0,0.04
01172,新谷功一,1483,111,329,204072,0.07484828051247472,0.22184760620364127,662.0,42.0,129.0,0.0634441087613293,821.0,69.0,200.0,0.08404384896467722
01173,長谷川浩,1636,133,405,314759,0.0812958435207824,0.24755501222493886,994.0,90.0,271.0,0.09054325955734406,642.0,43.0,134.0,0.06697819314641744
01174,深山雅史,1626,67,249,157835,0.04120541205412054,0.15313653136531366,772.0,29.0,126.0,0.03756476683937824,854.0,38.0,123.0,0.04449648711943794
01175,宮田敬介,1144,148,363,281535,0.12937062937062938,0.3173076923076923,733.0,106.0,256.0,0.1446111869031378,411.0,42.0,107.0,0.10218978102189781
01176,吉岡辰弥,1366,162,414,322666,0.11859443631039532,0.30307467057101023,790.0,88.0,232.0,0.11139240506329114,576.0,74.0,182.0,0.1284722222222222
01177,伊坂重信,1188,62,189,98169,0.05218855218855219,0.1590909090909091,449.0,19.0,57.0,0.042316258351893093,739.0,43.0,132.0,0.058186738836265225
01178,杉山佳明,1458,96,322,199991,0.06584362139917696,0.22085048010973937,635.0,45.0,133.0,0.07086614173228346,823.0,51.0,189.0,0.061968408262454436
01179,鈴木慎太,1097,67,217,112868,0.061075660893345485,0.19781221513217867,399.0,19.0,77.0,0.047619047619047616,698.0,48.0,140.0,0.06876790830945559
01180,田中克典,1068,123,307,213630,0.1151685393258427,0.28745318352059923,486.0,52.0,126.0,0.10699588477366255,582.0,71.0,181.0,0.12199312714776632
01181,茶木太樹,1155,81,250,140613,0.07012987012987013,0.21645021645021645,482.0,30.0,96.0,0.06224066390041494,673.0,51.0,154.0,0.07578008915304606
01182,辻哲英,950,72,219,133696,0.07578947368421053,0.2305263157894737,448.0,38.0,108.0,0.08482142857142858,502.0,34.0,111.0,0.06772908366533864
01183,辻野泰之,1053,121,323,253423,0.11490978157644824,0.3067426400759734,570.0,71.0,183.0,0.12456140350877193,483.0,50.0,140.0,0.10351966873706005
01184,四位洋文,1080,111,318,206813,0.10277777777777777,0.29444444444444445,620.0,57.0,175.0,0.09193548387096774,460.0,54.0,143.0,0.11739130434782609
01185,小林真也,1078,90,246,173795,0.08348794063079777,0.22820037105751392,470.0,36.0,85.0,0.07659574468085106,608.0,54.0,161.0,0.08881578947368421
01186,中村直也,1018,83,244,177788,0.08153241650294696,0.23968565815324164,513.0,43.0,133.0,0.08382066276803118,505.0,40.0,111.0,0.07920792079207921
01187,西田雄一,869,46,163,79643,0.05293440736478711,0.18757192174913695,400.0,13.0,54.0,0.0325,469.0,33.0,109.0,0.07036247334754797
01188,畑端省吾,967,38,159,85661,0.03929679420889348,0.16442605997931747,369.0,10.0,42.0,0.02710027100271003,598.0,28.0,117.0,0.046822742474916385
01189,堀内岳志,926,26,122,59288,0.028077753779697623,0.13174946004319654,366.0,14.0,47.0,0.03825136612021858,560.0,12.0,75.0,0.02142857142857143
01190,村田一誠,850,36,132,64959,0.042352941176470586,0.15529411764705883,445.0,17.0,73.0,0.038202247191011236,405.0,19.0,59.0,0.04691358024691358
01191,蛯名正義,706,65,199,114448,0.09206798866855524,0.2818696883852691,441.0,43.0,125.0,0.09750566893424037,265.0,22.0,74.0,0.0830188679245283
01192,上原佑紀,635,69,196,127923,0.10866141732283464,0.30866141732283464,388.0,43.0,118.0,0.11082474226804123,247.0,26.0,78.0,0.10526315789473684
01193,緒方努,661,23,95,53320,0.03479576399394856,0.1437216338880484,297.0,6.0,38.0,0.020202020202020204,364.0,17.0,57.0,0.046703296703296704
01194,小栗実,691,63,166,103592,0.09117221418234443,0.2402315484804631,404.0,33.0,95.0,0.08168316831683169,287.0,30.0,71.0,0.10452961672473868
01195,嘉藤貴行,773,68,196,116197,0.08796895213454076,0.2535575679172057,382.0,30.0,96.0,0.07853403141361257,391.0,38.0,100.0,0.09718670076726342
01196,西園翔太,691,59,181,103607,0.085383502170767,0.2619392185238784,348.0,27.0,83.0,0.07758620689655173,343.0,32.0,98.0,0.09329446064139942
01197,小椋研介,438,18,63,37435,0.0410958904109589,0.14383561643835616,246.0,9.0,37.0,0.036585365853658534,192.0,9.0,26.0,0.046875
01198,河嶋宏樹,518,24,105,52749,0.04633204633204633,0.20270270270270271,249.0,7.0,43.0,0.028112449799196786,269.0,17.0,62.0,0.06319702602230483
01199,千葉直人,410,28,99,53035,0.06829268292682927,0.24146341463414633,194.0,11.0,43.0,0.05670103092783505,216.0,17.0,56.0,0.0787037037037037
01200,藤野健太,429,19,60,38267,0.04428904428904429,0.13986013986013987,236.0,15.0,39.0,0.0635593220338983,193.0,4.0,21.0,0.02072538860103627
01201,森一誠,304,41,94,86360,0.13486842105263158,0.3092105263157895,148.0,21.0,53.0,0.14189189189189189,156.0,20.0,41.0,0.1282051282051282
01202,矢嶋大樹,409,15,58,29009,0.03667481662591687,0.14180929095354522,243.0,9.0,40.0,0.037037037037037035,166.0,6.0,18.0,0.03614457831325301
01203,福永祐一,382,46,135,104999,0.12041884816753927,0.35340314136125656,245.0,35.0,97.0,0.14285714285714285,137.0,11.0,38.0,0.08029197080291971
01204,浅利英明,110,5,19,10067,0.045454545454545456,0.17272727272727273,68.0,2.0,13.0,0.029411764705882353,42.0,3.0,6.0,0.07142857142857142
01205,佐藤悠太,214,21,58,39925,0.09813084112149532,0.27102803738317754,109.0,11.0,33.0,0.10091743119266056,105.0,10.0,25.0,0.09523809523809523
01206,高橋一哉,439,22,71,39545,0.05011389521640091,0.16173120728929385,227.0,10.0,30.0,0.04405286343612335,212.0,12.0,41.0,0.05660377358490566
01207,田中勝春,132,5,24,18567,0.03787878787878788,0.18181818181818182,71.0,2.0,16.0,0.028169014084507043,61.0,3.0,8.0,0.04918032786885246
01208,柄崎将寿,103,6,12,8790,0.05825242718446602,0.11650485436893204,50.0,2.0,5.0,0.04,53.0,4.0,7.0,0.07547169811320754
01209,東田明士,225,16,42,26992,0.07111111111111111,0.18666666666666668,90.0,6.0,19.0,0.06666666666666667,135.0,10.0,23.0,0.07407407407407407
01210,前川恭子,234,7,34,22927,0.029914529914529916,0.1452991452991453,108.0,3.0,11.0,0.027777777777777776,126.0,4.0,23.0,0.031746031746031744
01211,宮地貴稔,277,22,70,35852,0.07942238267148015,0.2527075812274368,142.0,10.0,36.0,0.07042253521126761,135.0,12.0,34.0,0.08888888888888889
01212,秋山真一,197,9,24,16883,0.04568527918781726,0.1218274111675127,63.0,2.0,9.0,0.031746031746031744,134.0,7.0,15.0,0.05223880597014925
01214,井上智史,151,11,41,23197,0.0728476821192053,0.271523178807947,65.0,4.0,13.0,0.06153846153846154,86.0,7.0,28.0,0.08139534883720931
01215,加藤公太,168,8,28,14568,0.047619047619047616,0.16666666666666666,108.0,5.0,19.0,0.046296296296296294,60.0,3.0,9.0,0.05
05005,九日俊光,6,0,0,650,0.0,0.0,6.0,0.0,0.0,0.0,0.0,0.0,0.0,0.0
05029,伊藤和,2,0,0,0,0.0,0.0,2.0,0.0,0.0,0.0,0.0,0.0,0.0,0.0
05033,菅原右吉,2,0,0,0,0.0,0.0,2.0,0.0,0.0,0.0,0.0,0.0,0.0,0.0
05055,堂山芳則,7,0,1,540,0.0,0.14285714285714285,6.0,0.0,0.0,0.0,1.0,0.0,1.0,0.0
05061,原孝明,2,0,1,180,0.0,0.5,0.0,0.0,0.0,0.0,2.0,0.0,1.0,0.0
05071,森山英雄,3,0,0,0,0.0,0.0,3.0,0.0,0.0,0.0,0.0,0.0,0.0,0.0
05076,伊藤強一,8,0,0,0,0.0,0.0,8.0,0.0,0.0,0.0,0.0,0.0,0.0,0.0
05079,井上孝彦,11,0,0,0,0.0,0.0,10.0,0.0,0.0,0.0,1.0,0.0,0.0,0.0
05094,山中静治,2,0,2,520,0.0,1.0,2.0,0.0,2.0,0.0,0.0,0.0,0.0,0.0
05105,田部和則,3,1,2,2800,0.3333333333333333,0.6666666666666666,3.0,1.0,2.0,0.3333333333333333,0.0,0.0,0.0,0.0
05106,真島元徳,13,0,0,100,0.0,0.0,13.0,0.0,0.0,0.0,0.0,0.0,0.0,0.0
05108,桧森邦夫,13,0,3,1990,0.0,0.23076923076923078,13.0,0.0,3.0,0.0,0.0,0.0,0.0,0.0
05109,古賀光範,5,0,0,0,0.0,0.0,5.0,0.0,0.0,0.0,0.0,0.0,0.0,0.0
05111,林和弘,10,0,0,0,0.0,0.0,9.0,0.0,0.0,0.0,1.0,0.0,0.0,0.0
05171,柴田高志,1,0,0,0,0.0,0.0,1.0,0.0,0.0,0.0,0.0,0.0,0.0,0.0
05177,藤ヶ崎一,2,0,0,0,0.0,0.0,1.0,0.0,0.0,0.0,1.0,0.0,0.0,0.0
05193,山中輝久,23,0,0,0,0.0,0.0,19.0,0.0,0.0,0.0,4.0,0.0,0.0,0.0
05217,佐々木由,1,0,0,0,0.0,0.0,1.0,0.0,0.0,0.0,0.0,0.0,0.0,0.0
05235,金田一昌,3,0,0,0,0.0,0.0,3.0,0.0,0.0,0.0,0.0,0.0,0.0,0.0
05242,角田輝也,20,0,0,107,0.0,0.0,19.0,0.0,0.0,0.0,1.0,0.0,0.0,0.0
05254,シールゲ,3,0,0,0,0.0,0.0,3.0,0.0,0.0,0.0,0.0,0.0,0.0,0.0
05257,手島勝利,4,0,1,350,0.0,0.25,4.0,0.0,1.0,0.0,0.0,0.0,0.0,0.0
05266,田中道夫,1,0,0,0,0.0,0.0,1.0,0.0,0.0,0.0,0.0,0.0,0.0,0.0
05281,塚田隆男,1,0,0,0,0.0,0.0,1.0,0.0,0.0,0.0,0.0,0.0,0.0,0.0
05301,村上正和,9,0,2,535,0.0,0.2222222222222222,9.0,0.0,2.0,0.0,0.0,0.0,0.0,0.0
05302,内田勝義,2,0,0,0,0.0,0.0,2.0,0.0,0.0,0.0,0.0,0.0,0.0,0.0
05311,角川秀樹,41,0,0,1010,0.0,0.0,41.0,0.0,0.0,0.0,0.0,0.0,0.0,0.0
05315,佐藤賢二,5,0,2,2800,0.0,0.4,2.0,0.0,0.0,0.0,3.0,0.0,2.0,0.0
05331,山崎尋美,2,0,0,0,0.0,0.0,2.0,0.0,0.0,0.0,0.0,0.0,0.0,0.0
05333,矢野久美,1,0,0,0,0.0,0.0,1.0,0.0,0.0,0.0,0.0,0.0,0.0,0.0
05370,住吉朝男,4,0,0,0,0.0,0.0,3.0,0.0,0.0,0.0,1.0,0.0,0.0,0.0
05388,佐々木仁,2,0,0,0,0.0,0.0,1.0,0.0,0.0,0.0,1.0,0.0,0.0,0.0
05423,鈴木正也,2,0,0,0,0.0,0.0,2.0,0.0,0.0,0.0,0.0,0.0,0.0,0.0
05433,クルーズ,1,0,0,0,0.0,0.0,1.0,0.0,0.0,0.0,0.0,0.0,0.0,0.0
05435,碇清次郎,1,0,0,0,0.0,0.0,1.0,0.0,0.0,0.0,0.0,0.0,0.0,0.0
05436,林正人,2,0,0,0,0.0,0.0,0.0,0.0,0.0,0.0,2.0,0.0,0.0,0.0
05439,河津裕昭,18,1,2,3740,0.05555555555555555,0.1111111111111111,18.0,1.0,2.0,0.05555555555555555,0.0,0.0,0.0,0.0
05450,川田孝好,4,0,0,0,0.0,0.0,2.0,0.0,0.0,0.0,2.0,0.0,0.0,0.0
05453,松本隆宏,14,0,1,1040,0.0,0.07142857142857142,14.0,0.0,1.0,0.0,0.0,0.0,0.0,0.0
05456,土井道隆,1,0,0,0,0.0,0.0,1.0,0.0,0.0,0.0,0.0,0.0,0.0,0.0
05466,山口浩幸,3,0,0,0,0.0,0.0,3.0,0.0,0.0,0.0,0.0,0.0,0.0,0.0
05480,田口輝彦,4,0,0,0,0.0,0.0,1.0,0.0,0.0,0.0,3.0,0.0,0.0,0.0
05481,瀬戸幸一,7,0,0,0,0.0,0.0,7.0,0.0,0.0,0.0,0.0,0.0,0.0,0.0
05486,今津博之,11,0,0,0,0.0,0.0,5.0,0.0,0.0,0.0,6.0,0.0,0.0,0.0
05503,上杉昌宏,2,0,0,0,0.0,0.0,2.0,0.0,0.0,0.0,0.0,0.0,0.0,0.0
05509,米川昇,26,2,6,6720,0.07692307692307693,0.23076923076923078,22.0,2.0,6.0,0.09090909090909091,4.0,0.0,0.0,0.0
05518,オブライ,5,0,0,3000,0.0,0.0,5.0,0.0,0.0,0.0,0.0,0.0,0.0,0.0
05524,久保秀男,1,0,0,0,0.0,0.0,0.0,0.0,0.0,0.0,1.0,0.0,0.0,0.0
05559,ダンロッ,1,0,0,0,0.0,0.0,1.0,0.0,0.0,0.0,0.0,0.0,0.0,0.0
05566,月岡健二,1,0,0,0,0.0,0.0,0.0,0.0,0.0,0.0,1.0,0.0,0.0,0.0
05567,森沢友貴,1,0,0,0,0.0,0.0,1.0,0.0,0.0,0.0,0.0,0.0,0.0,0.0
05575,矢野義幸,7,0,0,0,0.0,0.0,3.0,0.0,0.0,0.0,4.0,0.0,0.0,0.0
05576,ムーア,1,0,1,6000,0.0,1.0,1.0,0.0,1.0,0.0,0.0,0.0,0.0,0.0
05577,ファウン,1,0,0,0,0.0,0.0,0.0,0.0,0.0,0.0,1.0,0.0,0.0,0.0
05578,国信満,1,0,0,0,0.0,0.0,1.0,0.0,0.0,0.0,0.0,0.0,0.0,0.0
05590,長倉功,1,0,0,0,0.0,0.0,0.0,0.0,0.0,0.0,1.0,0.0,0.0,0.0
05601,東眞市,12,0,0,0,0.0,0.0,12.0,0.0,0.0,0.0,0.0,0.0,0.0,0.0
05604,川西毅,4,0,0,0,0.0,0.0,3.0,0.0,0.0,0.0,1.0,0.0,0.0,0.0
05606,山本学,1,0,0,0,0.0,0.0,0.0,0.0,0.0,0.0,1.0,0.0,0.0,0.0
05607,堀千亜樹,6,0,0,0,0.0,0.0,3.0,0.0,0.0,0.0,3.0,0.0,0.0,0.0
05609,小久保智,27,0,2,1730,0.0,0.07407407407407407,8.0,0.0,0.0,0.0,19.0,0.0,2.0,0.0
05611,サイズ,3,0,0,0,0.0,0.0,3.0,0.0,0.0,0.0,0.0,0.0,0.0,0.0
05615,佐久間雅,5,0,0,347,0.0,0.0,3.0,0.0,0.0,0.0,2.0,0.0,0.0,0.0
05622,宗形竹見,3,0,0,0,0.0,0.0,1.0,0.0,0.0,0.0,2.0,0.0,0.0,0.0
05624,中川竜馬,1,0,0,0,0.0,0.0,1.0,0.0,0.0,0.0,0.0,0.0,0.0,0.0
05625,荒山勝徳,9,0,1,1140,0.0,0.1111111111111111,5.0,0.0,0.0,0.0,4.0,0.0,1.0,0.0
05628,山中尊徳,5,0,1,440,0.0,0.2,5.0,0.0,1.0,0.0,0.0,0.0,0.0,0.0
05630,田中淳司,93,4,16,14739,0.043010752688172046,0.17204301075268819,89.0,4.0,16.0,0.0449438202247191,4.0,0.0,0.0,0.0
05639,小牧毅,2,0,0,0,0.0,0.0,2.0,0.0,0.0,0.0,0.0,0.0,0.0,0.0
05643,オサリバ,1,1,1,9500,1.0,1.0,1.0,1.0,1.0,1.0,0.0,0.0,0.0,0.0
05646,川島正一,1,0,0,0,0.0,0.0,1.0,0.0,0.0,0.0,0.0,0.0,0.0,0.0
05647,石井勝男,1,0,0,0,0.0,0.0,1.0,0.0,0.0,0.0,0.0,0.0,0.0,0.0
05648,斉藤敏,2,0,0,0,0.0,0.0,2.0,0.0,0.0,0.0,0.0,0.0,0.0,0.0
05649,イウ,3,0,0,2080,0.0,0.0,3.0,0.0,0.0,0.0,0.0,0.0,0.0,0.0
05655,蛯名雄太,2,0,0,0,0.0,0.0,2.0,0.0,0.0,0.0,0.0,0.0,0.0,0.0
05660,斉藤正弘,14,1,1,2210,0.07142857142857142,0.07142857142857142,14.0,1.0,1.0,0.07142857142857142,0.0,0.0,0.0,0.0
05661,石川浩文,1,0,0,0,0.0,0.0,1.0,0.0,0.0,0.0,0.0,0.0,0.0,0.0
05663,別府真司,1,0,0,0,0.0,0.0,1.0,0.0,0.0,0.0,0.0,0.0,0.0,0.0
05667,渡辺和雄,2,0,0,0,0.0,0.0,0.0,0.0,0.0,0.0,2.0,0.0,0.0,0.0
05668,坂口義幸,10,0,0,0,0.0,0.0,8.0,0.0,0.0,0.0,2.0,0.0,0.0,0.0
05670,林隆之,1,0,0,0,0.0,0.0,0.0,0.0,0.0,0.0,1.0,0.0,0.0,0.0
05673,森下淳平,2,0,0,0,0.0,0.0,0.0,0.0,0.0,0.0,2.0,0.0,0.0,0.0
05674,米田英世,2,0,0,0,0.0,0.0,0.0,0.0,0.0,0.0,2.0,0.0,0.0,0.0
05675,笹野博司,30,0,0,0,0.0,0.0,29.0,0.0,0.0,0.0,1.0,0.0,0.0,0.0
05676,シャム,3,1,2,22300,0.3333333333333333,0.6666666666666666,3.0,1.0,2.0,0.3333333333333333,0.0,0.0,0.0,0.0
05679,ヴェリア,1,0,0,1800,0.0,0.0,1.0,0.0,0.0,0.0,0.0,0.0,0.0,0.0
05681,新井清重,1,0,0,0,0.0,0.0,0.0,0.0,0.0,0.0,1.0,0.0,0.0,0.0
05683,菅原勲,6,0,0,0,0.0,0.0,3.0,0.0,0.0,0.0,3.0,0.0,0.0,0.0
05685,板垣吉則,3,0,2,540,0.0,0.6666666666666666,3.0,0.0,2.0,0.0,0.0,0.0,0.0,0.0
05688,小野望,10,0,0,0,0.0,0.0,8.0,0.0,0.0,0.0,2.0,0.0,0.0,0.0
05689,安田武広,1,0,0,0,0.0,0.0,1.0,0.0,0.0,0.0,0.0,0.0,0.0,0.0
05691,新子雅司,5,0,0,0,0.0,0.0,1.0,0.0,0.0,0.0,4.0,0.0,0.0,0.0
05694,カルヴァ,2,0,0,0,0.0,0.0,2.0,0.0,0.0,0.0,0.0,0.0,0.0,0.0
05696,立花伸,2,0,0,0,0.0,0.0,1.0,0.0,0.0,0.0,1.0,0.0,0.0,0.0
05697,後藤正義,5,0,0,0,0.0,0.0,5.0,0.0,0.0,0.0,0.0,0.0,0.0,0.0
05698,嶋田幸晴,4,0,0,0,0.0,0.0,3.0,0.0,0.0,0.0,1.0,0.0,0.0,0.0
05699,チャン,1,0,0,0,0.0,0.0,1.0,0.0,0.0,0.0,0.0,0.0,0.0,0.0
05700,土屋洋之,3,0,1,331,0.0,0.3333333333333333,3.0,0.0,1.0,0.0,0.0,0.0,0.0,0.0
05701,グラファ,5,1,1,50000,0.2,0.2,5.0,1.0,1.0,0.2,0.0,0.0,0.0,0.0
05702,盛本信春,9,0,0,0,0.0,0.0,8.0,0.0,0.0,0.0,1.0,0.0,0.0,0.0
05703,山田質,3,0,0,0,0.0,0.0,3.0,0.0,0.0,0.0,0.0,0.0,0.0,0.0
05704,飯田良弘,2,0,0,0,0.0,0.0,2.0,0.0,0.0,0.0,0.0,0.0,0.0,0.0
05705,栗本陽一,2,0,0,0,0.0,0.0,2.0,0.0,0.0,0.0,0.0,0.0,0.0,0.0
05706,川島洋人,9,0,0,390,0.0,0.0,8.0,0.0,0.0,0.0,1.0,0.0,0.0,0.0
05707,諏訪貴正,1,0,0,0,0.0,0.0,0.0,0.0,0.0,0.0,1.0,0.0,0.0,0.0
05708,湯前良人,16,0,0,0,0.0,0.0,14.0,0.0,0.0,0.0,2.0,0.0,0.0,0.0
05709,千葉博次,1,0,0,0,0.0,0.0,1.0,0.0,0.0,0.0,0.0,0.0,0.0,0.0
05710,グリュー,2,0,0,0,0.0,0.0,2.0,0.0,0.0,0.0,0.0,0.0,0.0,0.0
05711,的場直之,1,0,0,0,0.0,0.0,1.0,0.0,0.0,0.0,0.0,0.0,0.0,0.0
05712,佐々木洋,3,0,0,0,0.0,0.0,2.0,0.0,0.0,0.0,1.0,0.0,0.0,0.0
05713,山田信大,8,0,0,0,0.0,0.0,8.0,0.0,0.0,0.0,0.0,0.0,0.0,0.0
05714,渋谷信博,2,0,0,0,0.0,0.0,2.0,0.0,0.0,0.0,0.0,0.0,0.0,0.0
05715,北野真弘,1,0,0,0,0.0,0.0,1.0,0.0,0.0,0.0,0.0,0.0,0.0,0.0
05716,尾島徹,9,0,0,0,0.0,0.0,9.0,0.0,0.0,0.0,0.0,0.0,0.0,0.0
05717,張田京,3,0,0,100,0.0,0.0,3.0,0.0,0.0,0.0,0.0,0.0,0.0,0.0
05718,坂本和也,6,0,0,0,0.0,0.0,6.0,0.0,0.0,0.0,0.0,0.0,0.0,0.0
05719,佐藤裕太,8,0,0,0,0.0,0.0,7.0,0.0,0.0,0.0,1.0,0.0,0.0,0.0
05720,伊藤和忍,4,0,0,0,0.0,0.0,4.0,0.0,0.0,0.0,0.0,0.0,0.0,0.0
05721,山口竜一,3,0,0,470,0.0,0.0,3.0,0.0,0.0,0.0,0.0,0.0,0.0,0.0
05722,伊藤滋規,5,0,0,0,0.0,0.0,5.0,0.0,0.0,0.0,0.0,0.0,0.0,0.0
05723,川島雅人,2,0,0,0,0.0,0.0,2.0,0.0,0.0,0.0,0.0,0.0,0.0,0.0
05726,那俄性哲,1,0,0,0,0.0,0.0,0.0,0.0,0.0,0.0,1.0,0.0,0.0,0.0
05727,福永敏,5,0,0,0,0.0,0.0,1.0,0.0,0.0,0.0,4.0,0.0,0.0,0.0
05728,藤田輝信,1,0,0,0,0.0,0.0,0.0,0.0,0.0,0.0,1.0,0.0,0.0,0.0
05729,高橋清顕,1,0,0,0,0.0,0.0,1.0,0.0,0.0,0.0,0.0,0.0,0.0,0.0
05730,ムニュイ,1,0,0,0,0.0,0.0,1.0,0.0,0.0,0.0,0.0,0.0,0.0,0.0
05731,加藤和義,1,0,0,0,0.0,0.0,1.0,0.0,0.0,0.0,0.0,0.0,0.0,0.0
05732,モラ,1,0,0,0,0.0,0.0,0.0,0.0,0.0,0.0,1.0,0.0,0.0,0.0
05733,平山真希,1,0,0,0,0.0,0.0,1.0,0.0,0.0,0.0,0.0,0.0,0.0,0.0
05734,橋本忠明,4,0,0,72,0.0,0.0,2.0,0.0,0.0,0.0,2.0,0.0,0.0,0.0
05735,高本友芳,2,0,0,72,0.0,0.0,2.0,0.0,0.0,0.0,0.0,0.0,0.0,0.0
05736,佐々木国,3,0,1,800,0.0,0.3333333333333333,3.0,0.0,1.0,0.0,0.0,0.0,0.0,0.0
05737,沼沢英知,1,0,0,0,0.0,0.0,1.0,0.0,0.0,0.0,0.0,0.0,0.0,0.0
05738,平山宏秀,4,0,0,0,0.0,0.0,4.0,0.0,0.0,0.0,0.0,0.0,0.0,0.0
05739,斎藤雄一,2,0,0,0,0.0,0.0,2.0,0.0,0.0,0.0,0.0,0.0,0.0,0.0
05740,長南和宏,7,0,1,400,0.0,0.14285714285714285,7.0,0.0,1.0,0.0,0.0,0.0,0.0,0.0
05741,池田忠好,7,0,0,0,0.0,0.0,7.0,0.0,0.0,0.0,0.0,0.0,0.0,0.0
05742,米谷康秀,3,0,0,0,0.0,0.0,3.0,0.0,0.0,0.0,0.0,0.0,0.0,0.0
05743,須田和伸,1,0,0,0,0.0,0.0,1.0,0.0,0.0,0.0,0.0,0.0,0.0,0.0
05744,渡瀬寛彰,3,0,0,0,0.0,0.0,2.0,0.0,0.0,0.0,1.0,0.0,0.0,0.0
05745,渡辺博文,1,0,0,0,0.0,0.0,1.0,0.0,0.0,0.0,0.0,0.0,0.0,0.0
05746,佐野謙二,1,0,0,0,0.0,0.0,1.0,0.0,0.0,0.0,0.0,0.0,0.0,0.0
05747,マルチア,1,0,0,0,0.0,0.0,1.0,0.0,0.0,0.0,0.0,0.0,0.0,0.0
05748,稲益貴弘,1,0,0,0,0.0,0.0,1.0,0.0,0.0,0.0,0.0,0.0,0.0,0.0
05749,桜井拓章,4,0,0,350,0.0,0.0,4.0,0.0,0.0,0.0,0.0,0.0,0.0,0.0
05750,佐宗応和,2,0,0,0,0.0,0.0,1.0,0.0,0.0,0.0,1.0,0.0,0.0,0.0
05751,野口寛仁,1,0,0,0,0.0,0.0,1.0,0.0,0.0,0.0,0.0,0.0,0.0,0.0
05752,大山寿文,1,0,0,0,0.0,0.0,1.0,0.0,0.0,0.0,0.0,0.0,0.0,0.0
05753,山下貴之,5,0,0,300,0.0,0.0,4.0,0.0,0.0,0.0,1.0,0.0,0.0,0.0
05754,ビエトリ,2,0,0,3000,0.0,0.0,2.0,0.0,0.0,0.0,0.0,0.0,0.0,0.0
05755,永島太郎,1,0,0,0,0.0,0.0,1.0,0.0,0.0,0.0,0.0,0.0,0.0,0.0
05756,南弘樹,4,0,0,0,0.0,0.0,4.0,0.0,0.0,0.0,0.0,0.0,0.0,0.0
05757,雑賀伸一,1,0,0,0,0.0,0.0,1.0,0.0,0.0,0.0,0.0,0.0,0.0,0.0
05758,小国博行,5,0,0,160,0.0,0.0,5.0,0.0,0.0,0.0,0.0,0.0,0.0,0.0
05759,井樋明正,1,0,0,0,0.0,0.0,1.0,0.0,0.0,0.0,0.0,0.0,0.0,0.0
05760,松浦聡志,2,0,0,0,0.0,0.0,2.0,0.0,0.0,0.0,0.0,0.0,0.0,0.0
05761,ハリント,1,0,0,0,0.0,0.0,1.0,0.0,0.0,0.0,0.0,0.0,0.0,0.0
05762,千葉幸喜,2,0,0,0,0.0,0.0,1.0,0.0,0.0,0.0,1.0,0.0,0.0,0.0
05763,シャペ,1,0,0,0,0.0,0.0,1.0,0.0,0.0,0.0,0.0,0.0,0.0,0.0
05764,ワッテル,1,0,0,0,0.0,0.0,1.0,0.0,0.0,0.0,0.0,0.0,0.0,0.0
05765,加藤誠一,4,0,0,0,0.0,0.0,4.0,0.0,0.0,0.0,0.0,0.0,0.0,0.0
05766,藤原智行,3,0,0,0,0.0,0.0,1.0,0.0,0.0,0.0,2.0,0.0,0.0,0.0
05767,松平幸秀,1,0,0,0,0.0,0.0,1.0,0.0,0.0,0.0,0.0,0.0,0.0,0.0
05768,田中一巧,8,0,0,0,0.0,0.0,8.0,0.0,0.0,0.0,0.0,0.0,0.0,0.0
05769,福田真広,1,0,0,0,0.0,0.0,1.0,0.0,0.0,0.0,0.0,0.0,0.0,0.0
05770,北村欣也,2,0,0,0,0.0,0.0,2.0,0.0,0.0,0.0,0.0,0.0,0.0,0.0
05771,鮫島克也,2,0,0,0,0.0,0.0,2.0,0.0,0.0,0.0,0.0,0.0,0.0,0.0
05772,高野毅,1,0,0,0,0.0,0.0,1.0,0.0,0.0,0.0,0.0,0.0,0.0,0.0
05773,市村誠,1,0,0,0,0.0,0.0,1.0,0.0,0.0,0.0,0.0,0.0,0.0,0.0
05774,保利良平,1,0,0,0,0.0,0.0,1.0,0.0,0.0,0.0,0.0,0.0,0.0,0.0
05775,石橋満,5,0,0,0,0.0,0.0,5.0,0.0,0.0,0.0,0.0,0.0,0.0,0.0
05776,ゴーヴァ,1,0,0,0,0.0,0.0,1.0,0.0,0.0,0.0,0.0,0.0,0.0,0.0
05777,吉見真幸,1,0,0,0,0.0,0.0,1.0,0.0,0.0,0.0,0.0,0.0,0.0,0.0
05778,飯田弘道,2,0,0,0,0.0,0.0,2.0,0.0,0.0,0.0,0.0,0.0,0.0,0.0
05779,長谷川忍,4,0,0,0,0.0,0.0,4.0,0.0,0.0,0.0,0.0,0.0,0.0,0.0
05780,宇野木博,1,0,0,0,0.0,0.0,1.0,0.0,0.0,0.0,0.0,0.0,0.0,0.0
05781,井樋一也,2,0,0,0,0.0,0.0,2.0,0.0,0.0,0.0,0.0,0.0,0.0,0.0
05782,ン,1,0,0,0,0.0,0.0,1.0,0.0,0.0,0.0,0.0,0.0,0.0,0.0
05783,シュタイ,1,0,0,0,0.0,0.0,1.0,0.0,0.0,0.0,0.0,0.0,0.0,0.0
05784,リー,1,0,0,0,0.0,0.0,1.0,0.0,0.0,0.0,0.0,0.0,0.0,0.0
05785,工藤真司,1,0,0,0,0.0,0.0,0.0,0.0,0.0,0.0,1.0,0.0,0.0,0.0
05786,マン,1,0,0,0,0.0,0.0,1.0,0.0,0.0,0.0,0.0,0.0,0.0,0.0
05787,ユースタ,1,0,0,0,0.0,0.0,1.0,0.0,0.0,0.0,0.0,0.0,0.0,0.0
05788,水野貴史,1,0,0,0,0.0,0.0,1.0,0.0,0.0,0.0,0.0,0.0,0.0,0.0
