trainer_id,trainer,total_races,wins,top3,total_prize,win_rate,top3_rate,turf_races,turf_wins,turf_top3,turf_wr,dirt_races,dirt_wins,dirt_top3,dirt_wr
00106,阿部新生,537,26,83,43311,0.048417132216014895,0.15456238361266295,313.0,15.0,48.0,0.04792332268370607,224.0,11.0,35.0,0.049107142857142856
00110,池江泰郎,373,49,115,145144,0.13136729222520108,0.30831099195710454,246.0,27.0,73.0,0.10975609756097561,127.0,22.0,42.0,0.1732283464566929
00119,稲葉隆一,482,20,85,50103,0.04149377593360996,0.17634854771784234,308.0,15.0,61.0,0.048701298701298704,174.0,5.0,24.0,0.028735632183908046
00131,梅田康雄,923,38,159,66555,0.041170097508125676,0.1722643553629469,285.0,8.0,37.0,0.028070175438596492,638.0,30.0,122.0,0.047021943573667714
00138,大久保洋,1359,83,269,187532,0.061074319352465045,0.19793966151582046,904.0,55.0,165.0,0.06084070796460177,455.0,28.0,104.0,0.06153846153846154
00180,坂口正大,296,8,39,20386,0.02702702702702703,0.13175675675675674,142.0,1.0,12.0,0.007042253521126761,154.0,7.0,27.0,0.045454545454545456
00184,佐々木亜,30,1,2,1265,0.03333333333333333,0.06666666666666667,9.0,0.0,1.0,0.0,21.0,1.0,1.0,0.047619047619047616
00198,清水利章,378,21,83,50322,0.05555555555555555,0.21957671957671956,270.0,17.0,66.0,0.06296296296296296,108.0,4.0,17.0,0.037037037037037035
00201,白井寿昭,1124,100,283,173362,0.08896797153024912,0.251779359430605,361.0,35.0,96.0,0.09695290858725762,763.0,65.0,187.0,0.08519003931847968
00202,新川恵,563,19,66,30768,0.03374777975133215,0.1172291296625222,205.0,7.0,24.0,0.03414634146341464,358.0,12.0,42.0,0.0335195530726257
00203,須貝彦三,225,9,33,14276,0.04,0.14666666666666667,66.0,2.0,7.0,0.030303030303030304,159.0,7.0,26.0,0.0440251572327044
00208,鈴木康弘,1055,97,270,170104,0.09194312796208531,0.2559241706161137,515.0,54.0,144.0,0.10485436893203884,540.0,43.0,126.0,0.07962962962962963
00216,高橋成忠,292,6,31,14974,0.02054794520547945,0.10616438356164383,149.0,3.0,9.0,0.020134228187919462,143.0,3.0,22.0,0.02097902097902098
00221,武宏平,875,24,103,60701,0.027428571428571427,0.11771428571428572,380.0,9.0,42.0,0.02368421052631579,495.0,15.0,61.0,0.030303030303030304
00224,武田博,1396,84,258,144332,0.06017191977077364,0.18481375358166188,512.0,28.0,91.0,0.0546875,884.0,56.0,167.0,0.06334841628959276
00244,鶴留明雄,544,46,131,76690,0.08455882352941177,0.24080882352941177,255.0,21.0,55.0,0.08235294117647059,289.0,25.0,76.0,0.08650519031141868
00261,中村均,2551,156,511,311774,0.06115248921991376,0.20031360250882008,1484.0,94.0,302.0,0.06334231805929919,1067.0,62.0,209.0,0.05810684161199625
00288,福永甲,39,2,3,2445,0.05128205128205128,0.07692307692307693,6.0,0.0,1.0,0.0,33.0,2.0,2.0,0.06060606060606061
00289,藤岡範士,891,54,188,95606,0.06060606060606061,0.21099887766554434,310.0,13.0,50.0,0.041935483870967745,581.0,41.0,138.0,0.07056798623063683
00297,本郷一彦,189,8,28,14638,0.042328042328042326,0.14814814814814814,119.0,6.0,22.0,0.05042016806722689,70.0,2.0,6.0,0.02857142857142857
00301,増本豊,622,56,139,96386,0.09003215434083602,0.22347266881028938,272.0,16.0,49.0,0.058823529411764705,350.0,40.0,90.0,0.11428571428571428
00311,松山康久,998,84,241,149698,0.0841683366733467,0.24148296593186372,443.0,37.0,109.0,0.0835214446952596,555.0,47.0,132.0,0.08468468468468468
00331,吉岡八郎,195,1,11,6740,0.005128205128205128,0.05641025641025641,69.0,0.0,6.0,0.0,126.0,1.0,5.0,0.007936507936507936
00337,小原伊佐,824,33,105,62777,0.04004854368932039,0.12742718446601942,314.0,8.0,40.0,0.025477707006369428,510.0,25.0,65.0,0.049019607843137254
00338,野元昭,308,18,51,29650,0.05844155844155844,0.16558441558441558,166.0,12.0,30.0,0.07228915662650602,142.0,6.0,21.0,0.04225352112676056
00339,畠山重則,1341,29,137,68122,0.02162565249813572,0.10216256524981357,711.0,17.0,77.0,0.02390998593530239,630.0,12.0,60.0,0.01904761904761905
00341,栗田博憲,2071,137,423,304570,0.06615161757605022,0.2042491549975857,1237.0,88.0,267.0,0.07113985448666128,834.0,49.0,156.0,0.05875299760191847
00343,橋口弘次,1878,176,530,479146,0.09371671991480299,0.2822151224707135,1393.0,131.0,364.0,0.09404163675520459,485.0,45.0,166.0,0.09278350515463918
00345,領家政蔵,1075,119,306,220092,0.11069767441860465,0.2846511627906977,587.0,64.0,162.0,0.10902896081771721,488.0,55.0,144.0,0.11270491803278689
00346,境直行,1083,32,126,64275,0.029547553093259463,0.11634349030470914,474.0,12.0,54.0,0.02531645569620253,609.0,20.0,72.0,0.03284072249589491
00347,清水美波,810,34,143,61755,0.04197530864197531,0.1765432098765432,476.0,18.0,77.0,0.037815126050420166,334.0,16.0,66.0,0.04790419161676647
00348,松田博資,2052,242,631,653815,0.11793372319688109,0.307504873294347,1485.0,173.0,461.0,0.1164983164983165,567.0,69.0,170.0,0.12169312169312169
00349,尾形充弘,2162,162,487,290365,0.07493061979648474,0.22525439407955597,915.0,67.0,210.0,0.073224043715847,1247.0,95.0,277.0,0.07618283881315156
00350,小野幸治,1199,64,185,108330,0.05337781484570475,0.1542952460383653,410.0,21.0,57.0,0.05121951219512195,789.0,43.0,128.0,0.05449936628643853
00353,和田正道,2919,154,532,283414,0.05275779376498801,0.18225419664268586,1856.0,92.0,333.0,0.04956896551724138,1063.0,62.0,199.0,0.05832549388523048
00355,境征勝,201,6,21,11312,0.029850746268656716,0.1044776119402985,64.0,2.0,10.0,0.03125,137.0,4.0,11.0,0.029197080291970802
00356,坂口正則,2349,162,466,304555,0.06896551724137931,0.19838229033631333,1309.0,111.0,300.0,0.08479755538579067,1040.0,51.0,166.0,0.04903846153846154
00357,佐山優,844,42,155,91687,0.04976303317535545,0.18364928909952608,376.0,16.0,60.0,0.0425531914893617,468.0,26.0,95.0,0.05555555555555555
00358,鈴木勝美,309,12,28,17035,0.038834951456310676,0.09061488673139159,87.0,4.0,9.0,0.04597701149425287,222.0,8.0,19.0,0.036036036036036036
00359,高橋祥泰,3003,162,583,290319,0.053946053946053944,0.19413919413919414,1738.0,99.0,351.0,0.056962025316455694,1265.0,63.0,232.0,0.04980237154150197
00361,坪憲章,1149,31,115,57128,0.026979982593559618,0.10008703220191471,400.0,9.0,34.0,0.0225,749.0,22.0,81.0,0.029372496662216287
00362,橋田満,2678,244,670,537497,0.09111277072442121,0.2501867064973861,1567.0,139.0,383.0,0.08870453095086152,1111.0,105.0,287.0,0.09450945094509451
00364,矢野照正,748,37,120,58489,0.04946524064171123,0.16042780748663102,306.0,14.0,43.0,0.0457516339869281,442.0,23.0,77.0,0.05203619909502263
00365,崎山博樹,2189,104,349,193426,0.04751027866605756,0.15943353129282778,727.0,29.0,96.0,0.039889958734525444,1462.0,75.0,253.0,0.05129958960328317
00368,鹿戸明,746,19,64,32436,0.02546916890080429,0.08579088471849866,272.0,9.0,34.0,0.03308823529411765,474.0,10.0,30.0,0.02109704641350211
00369,清水出美,745,36,105,61757,0.04832214765100671,0.14093959731543623,339.0,20.0,60.0,0.058997050147492625,406.0,16.0,45.0,0.03940886699507389
00370,二本柳俊,1186,14,70,30595,0.011804384485666104,0.05902192242833052,565.0,8.0,47.0,0.01415929203539823,621.0,6.0,23.0,0.00966183574879227
00371,小林常泰,148,3,16,6725,0.02027027027027027,0.10810810810810811,65.0,2.0,9.0,0.03076923076923077,83.0,1.0,7.0,0.012048192771084338
00375,野村彰彦,1015,61,214,109094,0.060098522167487685,0.21083743842364533,398.0,19.0,71.0,0.04773869346733668,617.0,42.0,143.0,0.06807131280388978
00377,平井雄二,270,5,28,11744,0.018518518518518517,0.1037037037037037,85.0,0.0,7.0,0.0,185.0,5.0,21.0,0.02702702702702703
00378,沖芳夫,1836,102,358,186226,0.05555555555555555,0.19498910675381265,635.0,27.0,115.0,0.04251968503937008,1201.0,75.0,243.0,0.06244796003330558
00379,加藤敬二,1696,75,222,150026,0.044221698113207544,0.13089622641509435,801.0,36.0,100.0,0.0449438202247191,895.0,39.0,122.0,0.04357541899441341
00380,柄崎孝,1688,44,182,94121,0.026066350710900472,0.10781990521327015,774.0,17.0,67.0,0.021963824289405683,914.0,27.0,115.0,0.02954048140043764
00383,伊藤正徳,1699,69,245,135078,0.04061212477928193,0.14420247204237788,915.0,36.0,138.0,0.03934426229508197,784.0,33.0,107.0,0.042091836734693876
00385,佐藤全弘,378,2,13,4942,0.005291005291005291,0.03439153439153439,130.0,0.0,4.0,0.0,248.0,2.0,9.0,0.008064516129032258
00386,藤沢和雄,3617,555,1369,1311756,0.15344207907105337,0.3784904617085983,2732.0,418.0,1043.0,0.15300146412884333,885.0,137.0,326.0,0.15480225988700566
00387,目野哲也,1918,103,313,178834,0.053701772679874867,0.16319082377476538,709.0,28.0,101.0,0.039492242595204514,1209.0,75.0,212.0,0.062034739454094295
00388,山内研二,3526,234,758,436022,0.06636415201361316,0.2149744753261486,1773.0,109.0,381.0,0.06147772137619854,1753.0,125.0,377.0,0.0713063320022818
00389,飯田明弘,847,44,126,108772,0.05194805194805195,0.1487603305785124,421.0,30.0,78.0,0.07125890736342043,426.0,14.0,48.0,0.03286384976525822
00390,池上昌弘,2146,163,487,247004,0.07595526561043803,0.22693383038210624,1023.0,74.0,230.0,0.07233626588465299,1123.0,89.0,257.0,0.0792520035618878
00392,古賀史生,2529,126,427,206846,0.0498220640569395,0.16884143930407275,946.0,40.0,127.0,0.042283298097251586,1583.0,86.0,300.0,0.05432722678458623
00393,嶋田功,421,6,52,22187,0.014251781472684086,0.12351543942992874,145.0,2.0,17.0,0.013793103448275862,276.0,4.0,35.0,0.014492753623188406
00394,中野渡清,106,0,0,175,0.0,0.0,46.0,0.0,0.0,0.0,60.0,0.0,0.0,0.0
00395,長浜博之,1395,86,274,186349,0.06164874551971326,0.196415770609319,834.0,45.0,161.0,0.0539568345323741,561.0,41.0,113.0,0.07308377896613191
00396,福島信晴,1752,107,332,220584,0.06107305936073059,0.18949771689497716,842.0,56.0,157.0,0.0665083135391924,910.0,51.0,175.0,0.056043956043956046
00397,岩元市三,2060,99,406,219922,0.048058252427184464,0.1970873786407767,990.0,47.0,192.0,0.047474747474747475,1070.0,52.0,214.0,0.048598130841121495
00398,梅内忍,1235,30,112,59553,0.024291497975708502,0.09068825910931175,529.0,16.0,49.0,0.030245746691871456,706.0,14.0,63.0,0.019830028328611898
00399,国枝栄,4951,617,1577,1466478,0.12462128862855988,0.3185215108058978,3588.0,476.0,1203.0,0.1326644370122631,1363.0,141.0,374.0,0.10344827586206896
00400,柴田光陽,1537,54,196,98628,0.03513337670787248,0.12752114508783344,421.0,8.0,31.0,0.019002375296912115,1116.0,46.0,165.0,0.04121863799283154
00401,嶋田潤,546,6,38,17392,0.01098901098901099,0.0695970695970696,194.0,1.0,9.0,0.005154639175257732,352.0,5.0,29.0,0.014204545454545454
00402,谷原義明,1675,54,229,93349,0.032238805970149255,0.13671641791044775,904.0,27.0,107.0,0.029867256637168143,771.0,27.0,122.0,0.03501945525291829
00404,河野通文,333,25,70,41569,0.07507507507507508,0.21021021021021022,188.0,16.0,45.0,0.0851063829787234,145.0,9.0,25.0,0.06206896551724138
00405,小西一男,3722,222,702,356364,0.05964535196131112,0.18860827512090275,900.0,40.0,138.0,0.044444444444444446,2822.0,182.0,564.0,0.06449326718639263
00406,柴田政見,899,56,167,110021,0.06229143492769744,0.185761957730812,330.0,12.0,48.0,0.03636363636363636,569.0,44.0,119.0,0.0773286467486819
00407,高橋隆,304,10,32,18019,0.03289473684210526,0.10526315789473684,113.0,0.0,5.0,0.0,191.0,10.0,27.0,0.05235602094240838
00408,田中清隆,2708,143,457,295879,0.052806499261447565,0.1687592319054653,1464.0,79.0,250.0,0.05396174863387978,1244.0,64.0,207.0,0.05144694533762058
00409,二ノ宮敬,2481,190,565,404100,0.0765820233776703,0.22773075372833534,1303.0,85.0,295.0,0.06523407521105141,1178.0,105.0,270.0,0.08913412563667232
00410,秋山雅一,162,5,22,7618,0.030864197530864196,0.13580246913580246,68.0,3.0,5.0,0.04411764705882353,94.0,2.0,17.0,0.02127659574468085
00411,浅見秀一,4062,327,1017,683003,0.08050221565731167,0.25036927621861155,2121.0,161.0,510.0,0.07590759075907591,1941.0,166.0,507.0,0.08552292632663576
00412,高橋裕,3078,195,607,347056,0.06335282651072124,0.19720597790773228,1810.0,113.0,343.0,0.062430939226519336,1268.0,82.0,264.0,0.06466876971608833
00413,田中章博,1524,81,257,144848,0.0531496062992126,0.16863517060367453,750.0,36.0,125.0,0.048,774.0,45.0,132.0,0.05813953488372093
00414,中島敏文,209,7,27,11242,0.03349282296650718,0.1291866028708134,114.0,2.0,13.0,0.017543859649122806,95.0,5.0,14.0,0.05263157894736842
00415,菅原泰夫,1546,63,215,118902,0.0407503234152652,0.1390685640362225,704.0,28.0,85.0,0.03977272727272727,842.0,35.0,130.0,0.04156769596199525
00416,田島良保,802,50,158,85782,0.06234413965087282,0.1970074812967581,273.0,12.0,39.0,0.04395604395604396,529.0,38.0,119.0,0.07183364839319471
00417,土田稔,3350,128,469,234627,0.0382089552238806,0.14,1268.0,39.0,152.0,0.030757097791798107,2082.0,89.0,317.0,0.042747358309317966
00419,松元茂樹,2175,171,525,344405,0.07862068965517241,0.2413793103448276,1210.0,101.0,286.0,0.0834710743801653,965.0,70.0,239.0,0.07253886010362694
00420,宗像義忠,4554,298,943,599831,0.06543697848045674,0.20707070707070707,2918.0,204.0,639.0,0.06991089787525702,1636.0,94.0,304.0,0.05745721271393643
00421,浅野洋一,2146,57,212,98529,0.026561043802423114,0.09878844361602983,778.0,17.0,65.0,0.021850899742930592,1368.0,40.0,147.0,0.029239766081871343
00422,五十嵐忠,3013,242,744,441431,0.08031861931629605,0.2469299701294391,1374.0,108.0,315.0,0.07860262008733625,1639.0,134.0,429.0,0.08175716900549115
00423,上原博之,4031,242,822,511348,0.06003473083602084,0.20391962292235177,2377.0,154.0,473.0,0.06478754732856541,1654.0,88.0,349.0,0.053204353083434096
00425,加用正,3779,276,833,536427,0.07303519449589839,0.22042868483725853,1960.0,124.0,404.0,0.06326530612244897,1819.0,152.0,429.0,0.08356239692138538
00426,郷原洋行,139,2,16,8371,0.014388489208633094,0.11510791366906475,40.0,1.0,4.0,0.025,99.0,1.0,12.0,0.010101010101010102
00427,森秀行,4901,362,1055,748872,0.07386247704550092,0.21526219138951233,2087.0,131.0,413.0,0.06276952563488261,2814.0,231.0,642.0,0.08208955223880597
00428,石毛善彦,3040,77,284,155409,0.02532894736842105,0.09342105263157895,1610.0,50.0,172.0,0.031055900621118012,1430.0,27.0,112.0,0.01888111888111888
00429,佐々木晶,4026,342,1022,783192,0.08494783904619971,0.2538499751614506,2341.0,206.0,614.0,0.08799658265698419,1685.0,136.0,408.0,0.08071216617210683
00430,柴崎勇,732,41,137,79481,0.056010928961748634,0.1871584699453552,285.0,20.0,65.0,0.07017543859649122,447.0,21.0,72.0,0.04697986577181208
00431,谷潔,3820,193,660,384321,0.050523560209424084,0.17277486910994763,1657.0,97.0,289.0,0.058539529269764634,2163.0,96.0,371.0,0.044382801664355064
00433,成島英春,1039,17,92,40778,0.016361886429258902,0.08854667949951876,434.0,5.0,30.0,0.01152073732718894,605.0,12.0,62.0,0.019834710743801654
00434,西橋豊治,2506,73,281,160950,0.029130087789305665,0.11213088587390263,1149.0,33.0,131.0,0.028720626631853787,1357.0,40.0,150.0,0.029476787030213707
00435,藤原辰雄,2086,102,344,165734,0.0488974113135187,0.16490891658676893,526.0,10.0,50.0,0.019011406844106463,1560.0,92.0,294.0,0.05897435897435897
00436,堀井雅広,3388,165,559,300798,0.048701298701298704,0.16499409681227864,1708.0,90.0,283.0,0.05269320843091335,1680.0,75.0,276.0,0.044642857142857144
00437,南田美知,3268,76,288,143913,0.023255813953488372,0.08812729498164015,1507.0,32.0,127.0,0.021234240212342402,1761.0,44.0,161.0,0.02498580352072686
00438,安田隆行,4880,592,1582,1384568,0.12131147540983607,0.3241803278688525,2312.0,281.0,759.0,0.12153979238754326,2568.0,311.0,823.0,0.12110591900311526
00803,アトフィ,2,0,0,0,0.0,0.0,1.0,0.0,0.0,0.0,1.0,0.0,0.0,0.0
00807,鈴木良文,1,0,0,0,0.0,0.0,0.0,0.0,0.0,0.0,1.0,0.0,0.0,0.0
00809,コレ,1,0,0,0,0.0,0.0,1.0,0.0,0.0,0.0,0.0,0.0,0.0,0.0
00823,錦見勇夫,4,0,0,0,0.0,0.0,3.0,0.0,0.0,0.0,1.0,0.0,0.0,0.0
00844,桑原義光,5,1,2,2400,0.2,0.4,5.0,1.0,2.0,0.2,0.0,0.0,0.0,0.0
00857,ハモンド,1,0,0,0,0.0,0.0,1.0,0.0,0.0,0.0,0.0,0.0,0.0,0.0
00862,若松平,9,0,0,0,0.0,0.0,9.0,0.0,0.0,0.0,0.0,0.0,0.0,0.0
00873,野口孝,2,0,0,0,0.0,0.0,1.0,0.0,0.0,0.0,1.0,0.0,0.0,0.0
00874,川島正行,17,0,2,4810,0.0,0.11764705882352941,14.0,0.0,1.0,0.0,3.0,0.0,1.0,0.0
00879,カルーソ,1,0,0,0,0.0,0.0,1.0,0.0,0.0,0.0,0.0,0.0,0.0,0.0
00886,田中正二,26,0,2,1495,0.0,0.07692307692307693,26.0,0.0,2.0,0.0,0.0,0.0,0.0,0.0
00943,野島三喜,2,0,0,0,0.0,0.0,1.0,0.0,0.0,0.0,1.0,0.0,0.0,0.0
00965,後藤保,4,0,0,0,0.0,0.0,3.0,0.0,0.0,0.0,1.0,0.0,0.0,0.0
00985,ヘイズ,1,0,0,0,0.0,0.0,1.0,0.0,0.0,0.0,0.0,0.0,0.0,0.0
01002,音無秀孝,5512,584,1612,1449312,0.10595065312046444,0.29245283018867924,3377.0,361.0,987.0,0.10689961504293752,2135.0,223.0,625.0,0.10444964871194379
01003,川村禎彦,3978,215,727,399207,0.05404725992961287,0.18275515334338863,1473.0,62.0,249.0,0.042090970807875085,2505.0,153.0,478.0,0.06107784431137724
01004,後藤由之,269,16,42,26812,0.05947955390334572,0.15613382899628253,142.0,11.0,23.0,0.07746478873239436,127.0,5.0,19.0,0.03937007874015748
01005,小桧山悟,4173,115,461,243928,0.027558111670261204,0.11047208243469926,1913.0,53.0,222.0,0.02770517511761631,2260.0,62.0,239.0,0.02743362831858407
01006,作田誠二,1940,72,241,128823,0.03711340206185567,0.12422680412371134,755.0,22.0,83.0,0.02913907284768212,1185.0,50.0,158.0,0.04219409282700422
01007,柴田政人,1532,45,168,77329,0.0293733681462141,0.10966057441253264,594.0,19.0,68.0,0.03198653198653199,938.0,26.0,100.0,0.02771855010660981
01008,杉浦宏昭,4114,195,713,400526,0.047399124939231894,0.17331064657267867,2196.0,110.0,384.0,0.05009107468123861,1918.0,85.0,329.0,0.0443169968717414
01009,田所秀孝,3215,155,494,296902,0.04821150855365474,0.1536547433903577,1599.0,81.0,249.0,0.05065666041275797,1616.0,74.0,245.0,0.04579207920792079
01010,中野栄治,3389,143,490,286526,0.042195337857775156,0.14458542342874003,1792.0,84.0,274.0,0.046875,1597.0,59.0,216.0,0.036944270507201005
01011,松田国英,2596,272,776,541297,0.10477657935285054,0.29892141756548535,1404.0,122.0,420.0,0.0868945868945869,1192.0,150.0,356.0,0.12583892617449666
01012,大江原哲,2862,131,410,193988,0.045772187281621246,0.143256464011181,1165.0,44.0,157.0,0.03776824034334764,1697.0,87.0,253.0,0.05126694166175604
01013,小島太,2202,143,461,312534,0.06494096276112625,0.20935513169845596,1051.0,79.0,232.0,0.07516650808753568,1151.0,64.0,229.0,0.05560382276281494
01014,高市圭二,2477,100,408,197399,0.04037141703673799,0.16471538150989098,1304.0,48.0,195.0,0.03680981595092025,1173.0,52.0,213.0,0.0443307757885763
01015,田所清広,98,1,8,3663,0.01020408163265306,0.08163265306122448,30.0,0.0,1.0,0.0,68.0,1.0,7.0,0.014705882352941176
01016,西浦勝一,2976,242,715,490619,0.08131720430107527,0.24025537634408603,1673.0,134.0,395.0,0.08009563658099222,1303.0,108.0,320.0,0.08288564850345356
01017,萩原清,3168,393,990,686244,0.1240530303030303,0.3125,1468.0,178.0,474.0,0.12125340599455041,1700.0,215.0,516.0,0.1264705882352941
01018,宮徹,4398,274,962,606181,0.062301045929968164,0.21873578899499774,2700.0,166.0,622.0,0.061481481481481484,1698.0,108.0,340.0,0.0636042402826855
01019,保田一隆,417,7,32,12169,0.016786570743405275,0.07673860911270983,160.0,1.0,8.0,0.00625,257.0,6.0,24.0,0.023346303501945526
01020,相沢郁,4688,331,1043,647204,0.07060580204778157,0.2224829351535836,2337.0,153.0,495.0,0.06546854942233633,2351.0,178.0,548.0,0.07571246278179498
01021,池添兼雄,3587,234,753,495138,0.06523557290214664,0.2099247281851129,1795.0,110.0,363.0,0.06128133704735376,1792.0,124.0,390.0,0.06919642857142858
01022,石坂正,3291,368,1036,868254,0.11182011546642358,0.31479793375873594,1678.0,197.0,554.0,0.11740166865315853,1613.0,171.0,482.0,0.1060136391816491
01023,伊藤圭三,4920,356,1100,566196,0.07235772357723577,0.22357723577235772,1107.0,68.0,210.0,0.06142728093947606,3813.0,288.0,890.0,0.07553107789142408
01024,萱野浩二,3901,178,562,295149,0.045629325813893874,0.14406562419892335,1553.0,60.0,183.0,0.038634900193174504,2348.0,118.0,379.0,0.05025553662691652
01025,佐藤正雄,1550,87,313,187931,0.056129032258064517,0.20193548387096774,465.0,17.0,61.0,0.03655913978494624,1085.0,70.0,252.0,0.06451612903225806
01026,鈴木伸尋,3775,241,747,398742,0.063841059602649,0.19788079470198675,1265.0,74.0,247.0,0.05849802371541502,2510.0,167.0,500.0,0.06653386454183267
01027,田村康仁,5067,409,1179,674454,0.08071837379119795,0.23268206039076378,2142.0,165.0,509.0,0.07703081232492998,2925.0,244.0,670.0,0.08341880341880342
01028,西園正都,5555,503,1422,1055966,0.09054905490549055,0.255985598559856,2871.0,240.0,656.0,0.08359456635318704,2684.0,263.0,766.0,0.09798807749627422
01029,根本康広,3575,104,438,208096,0.02909090909090909,0.12251748251748251,1398.0,32.0,146.0,0.022889842632331903,2177.0,72.0,292.0,0.03307303628847037
01030,星野忍,1983,55,230,125997,0.02773575390821987,0.11598587997982854,891.0,31.0,132.0,0.03479236812570146,1092.0,24.0,98.0,0.02197802197802198
01031,伊藤伸一,3674,117,447,228673,0.03184540010887316,0.12166575939031028,1681.0,57.0,212.0,0.03390838786436645,1993.0,60.0,235.0,0.030105368790767688
01032,大根田裕,3372,176,618,341833,0.05219454329774614,0.18327402135231316,1198.0,35.0,154.0,0.02921535893155259,2174.0,141.0,464.0,0.06485740570377185
01033,木原一良,3557,238,705,452785,0.0669103176834411,0.19820073095305032,1475.0,92.0,311.0,0.062372881355932205,2082.0,146.0,394.0,0.07012487992315082
01034,坂本勝美,434,7,31,21341,0.016129032258064516,0.07142857142857142,238.0,3.0,16.0,0.012605042016806723,196.0,4.0,15.0,0.02040816326530612
01035,佐藤吉勝,3255,76,327,158526,0.023348694316436252,0.10046082949308756,1462.0,40.0,154.0,0.027359781121751026,1793.0,36.0,173.0,0.020078081427774678
01036,高橋義博,1856,47,174,112173,0.025323275862068964,0.09375,1105.0,33.0,119.0,0.02986425339366516,751.0,14.0,55.0,0.018641810918774968
01038,手塚貴久,4943,494,1409,1228613,0.09993930811248229,0.2850495650414728,3004.0,314.0,882.0,0.10452729693741677,1939.0,180.0,527.0,0.09283135636926251
01039,中竹和也,5349,473,1337,975419,0.08842774350345858,0.2499532622920172,2601.0,229.0,679.0,0.08804306036139946,2748.0,244.0,658.0,0.08879184861717612
01040,服部利之,2655,114,353,210939,0.04293785310734463,0.13295668549905837,1149.0,53.0,151.0,0.04612706701479547,1506.0,61.0,202.0,0.04050464807436919
01041,藤沢則雄,3206,135,476,267651,0.0421085464753587,0.14847161572052403,1055.0,31.0,123.0,0.029383886255924172,2151.0,104.0,353.0,0.04834960483496048
01042,安達昭夫,3405,208,621,439269,0.061086637298091044,0.18237885462555067,1313.0,71.0,230.0,0.05407463823305408,2092.0,137.0,391.0,0.06548757170172084
01043,石栗龍彦,2892,101,347,180571,0.03492392807745505,0.11998616874135547,1141.0,28.0,102.0,0.024539877300613498,1751.0,73.0,245.0,0.04169046259280411
01044,昆貢,3302,331,940,704596,0.10024227740763174,0.28467595396729256,1989.0,178.0,537.0,0.08949220713926596,1313.0,153.0,403.0,0.11652703731911652
01046,鮫島一歩,4557,328,1020,724092,0.07197717796796138,0.2238314680710994,2536.0,193.0,568.0,0.07610410094637224,2021.0,135.0,452.0,0.06679861454725383
01047,勢司和浩,3130,162,528,277047,0.05175718849840256,0.16869009584664538,1523.0,88.0,279.0,0.05778069599474721,1607.0,74.0,249.0,0.04604853764779091
01048,畠山吉宏,4116,232,778,466591,0.056365403304178816,0.1890184645286686,2140.0,112.0,400.0,0.052336448598130844,1976.0,120.0,378.0,0.06072874493927125
01049,南井克巳,3651,288,848,545760,0.07888249794576828,0.23226513284031772,1756.0,121.0,363.0,0.06890660592255125,1895.0,167.0,485.0,0.08812664907651716
01050,飯田雄三,3114,190,599,342574,0.06101477199743096,0.19235709698137443,1156.0,46.0,168.0,0.039792387543252594,1958.0,144.0,431.0,0.0735444330949949
01051,岩戸孝樹,4362,239,805,422406,0.05479138010087116,0.18454837230628152,2018.0,117.0,343.0,0.05797819623389495,2344.0,122.0,462.0,0.05204778156996587
01052,菊川正達,4306,215,721,386765,0.04993032977241059,0.167440780306549,2611.0,137.0,457.0,0.052470317885867486,1695.0,78.0,264.0,0.04601769911504425
01053,角居勝彦,3447,503,1239,1304310,0.14592399187699448,0.35944299390774587,2226.0,328.0,832.0,0.14734950584007186,1221.0,175.0,407.0,0.14332514332514332
01054,戸田博文,4586,333,1082,699564,0.07261229829917139,0.23593545573484517,2643.0,194.0,636.0,0.07340143776012108,1943.0,139.0,446.0,0.07153885743695317
01055,藤原英昭,4541,686,1682,1569265,0.15106804668575205,0.3704029949350363,3157.0,456.0,1173.0,0.1444409249287298,1384.0,230.0,509.0,0.16618497109826588
01056,本間忍,3506,126,445,225331,0.03593839132915003,0.12692527096406162,1473.0,46.0,164.0,0.031228784792939578,2033.0,80.0,281.0,0.039350713231677326
01057,湯窪幸雄,2673,149,487,268515,0.05574261129816686,0.18219229330340442,1033.0,41.0,142.0,0.03969022265246854,1640.0,108.0,345.0,0.06585365853658537
01058,大久保龍,4265,490,1368,1053357,0.11488862837045721,0.32075029308323566,2031.0,209.0,656.0,0.10290497291974397,2234.0,281.0,712.0,0.12578334825425247
01059,加藤征弘,4358,484,1288,829685,0.11106011932078935,0.2955484167049105,1862.0,177.0,516.0,0.09505907626208378,2496.0,307.0,772.0,0.12299679487179487
01060,小島貞博,415,32,88,50194,0.07710843373493977,0.21204819277108433,222.0,20.0,54.0,0.09009009009009009,193.0,12.0,34.0,0.06217616580310881
01061,友道康夫,4145,645,1552,1913343,0.15560916767189384,0.3744270205066345,3141.0,516.0,1241.0,0.16427889207258833,1004.0,129.0,311.0,0.12848605577689243
01062,藤岡健一,4336,485,1285,959258,0.11185424354243542,0.29635608856088563,2944.0,335.0,919.0,0.11379076086956522,1392.0,150.0,366.0,0.10775862068965517
01063,的場均,3149,82,308,154220,0.02604001270244522,0.09780882819942839,1416.0,43.0,159.0,0.03036723163841808,1733.0,39.0,149.0,0.022504327755337564
01064,武藤善則,4405,269,847,456544,0.06106696935300795,0.19228149829738933,2076.0,106.0,366.0,0.051059730250481696,2329.0,163.0,481.0,0.06998711893516531
01065,大橋勇樹,4470,285,892,528136,0.06375838926174497,0.19955257270693513,1241.0,57.0,196.0,0.04593070104754231,3229.0,228.0,696.0,0.07061009600495509
01066,岡田稲男,4198,339,1040,652954,0.08075273939971415,0.24773701762744163,1761.0,128.0,388.0,0.07268597387847814,2437.0,211.0,652.0,0.08658186294624538
01067,久保田貴,3973,371,1072,658719,0.09338031714069972,0.2698212937326957,1945.0,167.0,502.0,0.08586118251928021,2028.0,204.0,570.0,0.10059171597633136
01068,小島茂之,3716,270,788,493531,0.07265877287405813,0.21205597416576966,2093.0,158.0,484.0,0.0754897276636407,1623.0,112.0,304.0,0.06900800985828712
01069,中尾秀正,3684,277,830,509869,0.0751900108577633,0.2252985884907709,1636.0,120.0,358.0,0.07334963325183375,2048.0,157.0,472.0,0.07666015625
01070,堀宣行,3766,687,1448,1681292,0.18242166755177908,0.38449283058948486,2760.0,496.0,1073.0,0.17971014492753623,1006.0,191.0,375.0,0.18986083499005965
01071,池江泰寿,5140,710,1828,2223419,0.13813229571984437,0.3556420233463035,3632.0,532.0,1351.0,0.14647577092511013,1508.0,178.0,477.0,0.11803713527851459
01072,河内洋,3696,281,882,548494,0.07602813852813853,0.23863636363636365,2055.0,165.0,518.0,0.08029197080291971,1641.0,116.0,364.0,0.07068860450944546
01073,宮本博,4168,294,1018,640540,0.07053742802303263,0.2442418426103647,2241.0,150.0,559.0,0.06693440428380187,1927.0,144.0,459.0,0.07472755578619616
01074,奥平雅士,3853,214,723,351783,0.05554113677653776,0.18764599013755515,1372.0,63.0,230.0,0.04591836734693878,2481.0,151.0,493.0,0.06086255542120113
01075,矢作芳人,7921,788,2153,2008355,0.09948238858729959,0.27180911501073096,4717.0,474.0,1292.0,0.1004875980496078,3204.0,314.0,861.0,0.09800249687890138
01076,小笠倫弘,3903,235,725,378038,0.06021009479887266,0.18575454778375608,1586.0,71.0,258.0,0.04476670870113493,2317.0,164.0,467.0,0.07078118256365991
01077,加藤和宏,3389,67,309,146708,0.01976984361168486,0.09117733844791974,1597.0,30.0,163.0,0.01878522229179712,1792.0,37.0,146.0,0.020647321428571428
01078,北出成人,4458,282,900,553756,0.063257065948856,0.2018842530282638,2148.0,123.0,427.0,0.05726256983240224,2310.0,159.0,473.0,0.06883116883116883
01079,古賀慎明,3849,279,909,518536,0.0724863600935308,0.23616523772408418,2069.0,157.0,536.0,0.07588206863218946,1780.0,122.0,373.0,0.06853932584269663
01080,清水英克,3803,210,660,376750,0.05521956350249803,0.17354719957927953,1868.0,101.0,314.0,0.05406852248394004,1935.0,109.0,346.0,0.056330749354005165
01081,中川公成,3472,232,692,431371,0.06682027649769585,0.19930875576036866,1407.0,89.0,273.0,0.06325515280739161,2065.0,143.0,419.0,0.0692493946731235
01082,平田修,4150,343,971,707256,0.08265060240963855,0.23397590361445783,2096.0,164.0,466.0,0.07824427480916031,2054.0,179.0,505.0,0.08714703018500487
01083,松永昌博,3540,293,883,617689,0.0827683615819209,0.24943502824858757,1487.0,101.0,343.0,0.06792199058507062,2053.0,192.0,540.0,0.09352167559668777
01084,梅田智之,4367,282,946,635677,0.06457522326539959,0.21662468513853905,2284.0,147.0,479.0,0.06436077057793345,2083.0,135.0,467.0,0.06481036965914547
01085,小崎憲,3866,251,777,447922,0.06492498706673565,0.20098292809105017,1532.0,80.0,263.0,0.05221932114882506,2334.0,171.0,514.0,0.07326478149100257
01086,斎藤誠,5466,483,1398,895377,0.08836443468715698,0.2557628979143798,2920.0,236.0,710.0,0.08082191780821918,2546.0,247.0,688.0,0.09701492537313433
01087,庄野靖志,3658,315,883,693978,0.08611262985237834,0.24138873701476216,1694.0,143.0,393.0,0.08441558441558442,1964.0,172.0,490.0,0.08757637474541752
01088,高木登,4503,373,1122,733140,0.08283366644459249,0.2491672218520986,1956.0,127.0,439.0,0.06492842535787322,2547.0,246.0,683.0,0.09658421672555949
01089,武市康男,4692,213,752,379963,0.04539641943734015,0.16027280477408354,2294.0,104.0,396.0,0.045335658238884045,2398.0,109.0,356.0,0.045454545454545456
01090,天間昭一,3874,122,454,236773,0.03149199793495096,0.11719153329891585,1859.0,51.0,196.0,0.027434104357181282,2015.0,71.0,258.0,0.03523573200992556
01091,羽月友彦,3855,220,695,393652,0.057068741893644616,0.18028534370946822,1207.0,61.0,206.0,0.050538525269262634,2648.0,159.0,489.0,0.060045317220543806
01092,松永幹夫,4599,499,1335,994402,0.10850184822787562,0.2902804957599478,2570.0,272.0,733.0,0.10583657587548638,2029.0,227.0,602.0,0.11187777230162642
01093,松永康利,3236,98,385,178109,0.030284301606922127,0.11897404202719407,1441.0,34.0,145.0,0.02359472588480222,1795.0,64.0,240.0,0.03565459610027855
01094,水野貴広,4765,229,824,412957,0.04805876180482686,0.17292759706190977,2059.0,94.0,323.0,0.045653229723166586,2706.0,135.0,501.0,0.04988913525498891
01095,荒川義之,4787,287,980,571240,0.05995404219761855,0.2047211196991853,2290.0,121.0,474.0,0.05283842794759825,2497.0,166.0,506.0,0.06647977573087706
01096,粕谷昌央,3612,117,441,213180,0.03239202657807309,0.12209302325581395,1651.0,49.0,189.0,0.029678982434887948,1961.0,68.0,252.0,0.03467618561958185
01097,鹿戸雄一,4743,458,1311,933041,0.09656335652540586,0.27640733712839977,3536.0,360.0,1016.0,0.10180995475113122,1207.0,98.0,295.0,0.0811930405965203
01098,野中賢二,3535,357,947,653021,0.100990099009901,0.2678925035360679,1404.0,91.0,288.0,0.06481481481481481,2131.0,266.0,659.0,0.12482402627874238
01099,本田優,5249,390,1172,724346,0.074299866641265,0.2232806248809297,2697.0,183.0,580.0,0.067853170189099,2552.0,207.0,592.0,0.08111285266457681
01100,松山将樹,3560,134,515,218736,0.037640449438202245,0.1446629213483146,1555.0,50.0,220.0,0.03215434083601286,2005.0,84.0,295.0,0.041895261845386535
01101,吉田直弘,4010,274,872,516304,0.06832917705735661,0.2174563591022444,1591.0,85.0,281.0,0.05342551854179761,2419.0,189.0,591.0,0.0781314592806945
01102,大竹正博,3914,385,989,686952,0.09836484414920797,0.2526826775677057,2319.0,245.0,600.0,0.10564898663216904,1595.0,140.0,389.0,0.0877742946708464
01103,尾関知人,4250,374,961,708031,0.088,0.22611764705882353,2460.0,232.0,582.0,0.0943089430894309,1790.0,142.0,379.0,0.07932960893854749
01104,笹田和秀,3363,277,796,552025,0.0823669342848647,0.2366934284864704,1864.0,162.0,452.0,0.08690987124463519,1499.0,115.0,344.0,0.07671781187458306
01105,須貝尚介,5025,591,1647,1463678,0.11761194029850747,0.32776119402985077,3393.0,410.0,1134.0,0.12083701738874153,1632.0,181.0,513.0,0.11090686274509803
01106,牧光二,5125,362,1163,589813,0.07063414634146341,0.2269268292682927,2269.0,150.0,516.0,0.06610841780520053,2856.0,212.0,647.0,0.0742296918767507
01107,村山明,4130,285,853,597970,0.06900726392251816,0.20653753026634383,1667.0,106.0,322.0,0.0635872825434913,2463.0,179.0,531.0,0.07267559886317498
01108,矢野英一,4155,284,915,450146,0.06835138387484958,0.22021660649819494,1533.0,97.0,307.0,0.06327462491846053,2622.0,187.0,608.0,0.07131960335621663
01109,伊藤大士,4546,214,782,407471,0.047074351077870655,0.17201935767707874,2469.0,116.0,441.0,0.04698258404212231,2077.0,98.0,341.0,0.04718343765045739
01110,清水久詞,5827,468,1373,1070953,0.08031577140895829,0.23562725244551228,3938.0,335.0,976.0,0.08506856272219401,1889.0,133.0,397.0,0.07040762308099524
01111,鈴木孝志,4195,294,948,503251,0.0700834326579261,0.22598331346841477,2018.0,130.0,428.0,0.06442021803766106,2177.0,164.0,520.0,0.07533302710151585
01112,田島俊明,4283,226,749,376474,0.052766752276441745,0.17487742236749942,1543.0,75.0,232.0,0.04860661049902787,2740.0,151.0,517.0,0.05510948905109489
01113,牧浦充徳,4041,290,857,502716,0.07176441474882454,0.21207621875773325,1890.0,125.0,380.0,0.06613756613756613,2151.0,165.0,477.0,0.07670850767085077
01114,和田正一,3587,240,687,472511,0.06690827989963757,0.19152495121271257,2157.0,157.0,441.0,0.0727862772369031,1430.0,83.0,246.0,0.05804195804195804
01115,菊沢隆徳,3656,298,856,605719,0.08150984682713348,0.23413566739606126,2024.0,163.0,507.0,0.08053359683794467,1632.0,135.0,349.0,0.08272058823529412
01116,新開幸一,3218,193,651,328089,0.05997513983840895,0.20229956494717216,898.0,41.0,142.0,0.045657015590200446,2320.0,152.0,509.0,0.06551724137931035
01117,高野友和,3970,426,1183,1041849,0.10730478589420656,0.29798488664987405,2411.0,273.0,719.0,0.11323102447117378,1559.0,153.0,464.0,0.09813983322642719
01118,高柳瑞樹,3246,257,745,513249,0.0791743684534812,0.22951324707332102,1408.0,102.0,316.0,0.07244318181818182,1838.0,155.0,429.0,0.08433079434167573
01119,田中剛,3224,168,595,384606,0.052109181141439205,0.18455334987593053,1639.0,97.0,312.0,0.059182428309945086,1585.0,71.0,283.0,0.044794952681388014
01120,千田輝彦,3606,228,701,434530,0.0632279534109817,0.19439822518025512,1977.0,114.0,370.0,0.057663125948406675,1629.0,114.0,331.0,0.06998158379373849
01121,角田晃一,3846,320,997,582930,0.08320332813312532,0.2592303692147686,1717.0,133.0,424.0,0.07746068724519511,2129.0,187.0,573.0,0.0878346641615782
01122,日吉正和,1188,28,97,44724,0.02356902356902357,0.08164983164983165,583.0,12.0,43.0,0.02058319039451115,605.0,16.0,54.0,0.026446280991735537
01123,牧田和弥,3933,227,729,432602,0.05771675565725909,0.1853546910755149,1826.0,99.0,327.0,0.05421686746987952,2107.0,128.0,402.0,0.060749881347887995
01124,大和田成,3380,195,614,337028,0.057692307692307696,0.1816568047337278,1384.0,67.0,236.0,0.04841040462427745,1996.0,128.0,378.0,0.06412825651302605
01125,小野次郎,3555,157,522,266448,0.044163150492264415,0.1468354430379747,1540.0,57.0,202.0,0.03701298701298701,2015.0,100.0,320.0,0.04962779156327544
01126,木村哲也,3022,450,1077,1168097,0.14890800794176043,0.3563864990072799,1983.0,322.0,761.0,0.16238023197175996,1039.0,128.0,316.0,0.12319538017324351
01127,栗田徹,3840,304,909,570131,0.07916666666666666,0.23671875,1880.0,136.0,434.0,0.07234042553191489,1960.0,168.0,475.0,0.08571428571428572
01128,今野貞一,3182,253,709,456726,0.07950974230043997,0.22281583909490887,1496.0,102.0,325.0,0.06818181818181818,1686.0,151.0,384.0,0.08956109134045077
01129,高橋義忠,3639,305,842,636593,0.0838142346798571,0.23138224787029404,1848.0,156.0,424.0,0.08441558441558442,1791.0,149.0,418.0,0.08319374651032943
01130,吉村圭司,3412,304,849,602250,0.08909730363423213,0.2488276670574443,1768.0,160.0,439.0,0.09049773755656108,1644.0,144.0,410.0,0.08759124087591241
01131,蛯名利弘,3396,96,346,169143,0.028268551236749116,0.10188457008244994,1449.0,30.0,107.0,0.020703933747412008,1947.0,66.0,239.0,0.03389830508474576
01132,金成貴史,3478,234,725,400718,0.06728004600345026,0.2084531339850489,1988.0,133.0,409.0,0.06690140845070422,1490.0,101.0,316.0,0.06778523489932886
01133,黒岩陽一,3163,219,625,416394,0.069238065128043,0.19759721783117293,1774.0,143.0,365.0,0.080608793686584,1389.0,76.0,260.0,0.054715622750179986
01134,高橋文雅,3059,161,570,293007,0.05263157894736842,0.18633540372670807,1405.0,74.0,265.0,0.052669039145907474,1654.0,87.0,305.0,0.05259975816203144
01135,高橋康之,2860,134,439,270715,0.04685314685314685,0.15349650349650348,1397.0,76.0,214.0,0.05440229062276306,1463.0,58.0,225.0,0.039644565960355434
01136,高橋亮,2943,243,718,453478,0.08256880733944955,0.24396873938158342,1523.0,125.0,397.0,0.08207485226526592,1420.0,118.0,321.0,0.08309859154929577
01137,中内田充,2701,477,1090,1090563,0.17660125879303962,0.4035542391706775,1671.0,318.0,718.0,0.19030520646319568,1030.0,159.0,372.0,0.15436893203883495
01138,浜田多実,3125,210,645,399273,0.0672,0.2064,1127.0,72.0,211.0,0.06388642413487133,1998.0,138.0,434.0,0.06906906906906907
01139,飯田祐史,2677,162,523,301839,0.060515502428091145,0.19536794919686215,806.0,40.0,125.0,0.04962779156327544,1871.0,122.0,398.0,0.06520577231427044
01140,石橋守,2813,179,557,371395,0.06363313188766441,0.19800924280127977,1388.0,86.0,276.0,0.06195965417867435,1425.0,93.0,281.0,0.06526315789473684
01141,尾形和幸,3130,172,534,270244,0.054952076677316296,0.1706070287539936,1508.0,72.0,256.0,0.04774535809018567,1622.0,100.0,278.0,0.06165228113440197
01142,森田直行,3182,154,553,327558,0.04839723444374607,0.17379006913890635,1833.0,82.0,312.0,0.0447354064375341,1349.0,72.0,241.0,0.05337286879169755
01143,和田雄二,3291,120,425,212964,0.03646308113035551,0.12914007900334246,1602.0,71.0,215.0,0.04431960049937578,1689.0,49.0,210.0,0.02901124925991711
01144,池添学,2770,313,813,682149,0.11299638989169675,0.29350180505415163,1711.0,197.0,526.0,0.11513734658094682,1059.0,116.0,287.0,0.10953729933899906
01145,奥村武,2736,226,620,401764,0.08260233918128655,0.22660818713450293,1676.0,143.0,400.0,0.08532219570405727,1060.0,83.0,220.0,0.07830188679245283
01146,奥村豊,3000,246,721,427237,0.082,0.24033333333333334,1301.0,104.0,298.0,0.07993850883935434,1699.0,142.0,423.0,0.08357857563272514
01147,武井亮,3072,263,774,449740,0.08561197916666667,0.251953125,1551.0,122.0,408.0,0.07865892972275951,1521.0,141.0,366.0,0.09270216962524655
01148,西村真幸,3194,270,790,587872,0.08453350031308704,0.24733876017532874,1847.0,157.0,467.0,0.08500270709258256,1347.0,113.0,323.0,0.08389012620638456
01149,松下武士,3076,227,651,450600,0.07379713914174252,0.21163849154746425,1383.0,104.0,300.0,0.07519884309472162,1693.0,123.0,351.0,0.07265209686946249
01150,池上昌和,2468,160,520,290237,0.06482982171799027,0.2106969205834684,1180.0,80.0,263.0,0.06779661016949153,1288.0,80.0,257.0,0.062111801242236024
01151,斉藤崇史,2629,312,773,792413,0.11867630277672118,0.2940281475846329,1775.0,216.0,540.0,0.12169014084507042,854.0,96.0,233.0,0.11241217798594848
01152,竹内正洋,2709,165,531,280481,0.06090808416389812,0.19601328903654486,1057.0,58.0,175.0,0.05487228003784295,1652.0,107.0,356.0,0.06476997578692494
01153,中舘英二,2741,227,626,347091,0.08281649033199562,0.2283838015322875,903.0,65.0,180.0,0.07198228128460686,1838.0,162.0,446.0,0.088139281828074
01154,橋口慎介,2383,222,640,424777,0.0931598825010491,0.26856903063365506,1315.0,121.0,348.0,0.09201520912547528,1068.0,101.0,292.0,0.0945692883895131
01155,渡辺薫彦,2597,166,574,387545,0.06391990758567578,0.2210242587601078,1271.0,80.0,288.0,0.06294256490952006,1326.0,86.0,286.0,0.06485671191553545
01156,青木孝文,2363,105,378,209723,0.04443504020313161,0.1599661447312738,1350.0,72.0,220.0,0.05333333333333334,1013.0,33.0,158.0,0.03257650542941757
01157,杉山晴紀,3126,365,943,918849,0.11676263595649392,0.3016634676903391,1636.0,207.0,506.0,0.1265281173594132,1490.0,158.0,437.0,0.10604026845637583
01158,寺島良,2988,254,729,461620,0.08500669344042838,0.24397590361445784,1438.0,97.0,305.0,0.0674547983310153,1550.0,157.0,424.0,0.10129032258064516
01159,高柳大輔,1992,183,549,456939,0.09186746987951808,0.2756024096385542,734.0,65.0,190.0,0.0885558583106267,1258.0,118.0,359.0,0.09379968203497616
01160,武幸四郎,1959,201,593,373563,0.10260336906584992,0.30270546197039305,1126.0,110.0,327.0,0.09769094138543517,833.0,91.0,266.0,0.1092436974789916
01161,武英智,2425,199,616,440474,0.08206185567010309,0.25402061855670105,1301.0,99.0,321.0,0.07609531129900077,1124.0,100.0,295.0,0.08896797153024912
01162,田中博康,1627,229,555,417933,0.1407498463429625,0.34111862323294406,770.0,87.0,239.0,0.11298701298701298,857.0,142.0,316.0,0.16569428238039674
01163,林徹,1717,158,404,304439,0.09202096680256261,0.23529411764705882,858.0,96.0,212.0,0.11188811188811189,859.0,62.0,192.0,0.07217694994179279
01164,安田翔伍,1785,176,521,458943,0.09859943977591036,0.29187675070028013,887.0,98.0,280.0,0.1104847801578354,898.0,78.0,241.0,0.08685968819599109
01165,和田勇介,1844,114,366,213995,0.06182212581344902,0.1984815618221258,872.0,56.0,161.0,0.06422018348623854,972.0,58.0,205.0,0.059670781893004114
01166,石坂公一,1636,147,423,289266,0.08985330073349633,0.25855745721271395,715.0,66.0,190.0,0.09230769230769231,921.0,81.0,233.0,0.08794788273615635
01167,稲垣幸雄,1302,99,282,159164,0.07603686635944701,0.21658986175115208,520.0,30.0,102.0,0.057692307692307696,782.0,69.0,180.0,0.08823529411764706
01168,上村洋行,1467,212,499,488474,0.1445126107702795,0.3401499659168371,814.0,117.0,291.0,0.14373464373464373,653.0,95.0,208.0,0.14548238897396631
01169,加藤士津,1722,118,388,246367,0.06852497096399536,0.22531939605110338,727.0,35.0,140.0,0.048143053645116916,995.0,83.0,248.0,0.08341708542713568
01170,坂口智康,1505,88,270,176385,0.05847176079734219,0.17940199335548174,631.0,35.0,113.0,0.0554675118858954,874.0,53.0,157.0,0.06064073226544622
01171,小手川準,1494,50,227,120631,0.03346720214190094,0.15194109772423026,744.0,20.0,99.0,0.026881720430107527,750.0,30.0,128.0,0.04
01172,新谷功一,1483,111,329,204072,0.07484828051247472,0.22184760620364127,662.0,42.0,129.0,0.0634441087613293,821.0,69.0,200.0,0.08404384896467722
01173,長谷川浩,1636,133,405,314759,0.0812958435207824,0.24755501222493886,994.0,90.0,271.0,0.09054325955734406,642.0,43.0,134.0,0.06697819314641744
01174,深山雅史,1626,67,249,157835,0.04120541205412054,0.15313653136531366,772.0,29.0,126.0,0.03756476683937824,854.0,38.0,123.0,0.04449648711943794
01175,宮田敬介,1144,148,363,281535,0.12937062937062938,0.3173076923076923,733.0,106.0,256.0,0.1446111869031378,411.0,42.0,107.0,0.10218978102189781
01176,吉岡辰弥,1366,162,414,322666,0.11859443631039532,0.30307467057101023,790.0,88.0,232.0,0.11139240506329114,576.0,74.0,182.0,0.1284722222222222
01177,伊坂重信,1188,62,189,98169,0.05218855218855219,0.1590909090909091,449.0,19.0,57.0,0.042316258351893093,739.0,43.0,132.0,0.058186738836265225
01178,杉山佳明,1458,96,322,199991,0.06584362139917696,0.22085048010973937,635.0,45.0,133.0,0.07086614173228346,823.0,51.0,189.0,0.061968408262454436
01179,鈴木慎太,1097,67,217,112868,0.061075660893345485,0.19781221513217867,399.0,19.0,77.0,0.047619047619047616,698.0,48.0,140.0,0.06876790830945559
01180,田中克典,1068,123,307,213630,0.1151685393258427,0.28745318352059923,486.0,52.0,126.0,0.10699588477366255,582.0,71.0,181.0,0.12199312714776632
01181,茶木太樹,1155,81,250,140613,0.07012987012987013,0.21645021645021645,482.0,30.0,96.0,0.06224066390041494,673.0,51.0,154.0,0.07578008915304606
01182,辻哲英,950,72,219,133696,0.07578947368421053,0.2305263157894737,448.0,38.0,108.0,0.08482142857142858,502.0,34.0,111.0,0.06772908366533864
01183,辻野泰之,1053,121,323,253423,0.11490978157644824,0.3067426400759734,570.0,71.0,183.0,0.12456140350877193,483.0,50.0,140.0,0.10351966873706005
01184,四位洋文,1080,111,318,206813,0.10277777777777777,0.29444444444444445,620.0,57.0,175.0,0.09193548387096774,460.0,54.0,143.0,0.11739130434782609
01185,小林真也,1078,90,246,173795,0.08348794063079777,0.22820037105751392,470.0,36.0,85.0,0.07659574468085106,608.0,54.0,161.0,0.08881578947368421
01186,中村直也,1018,83,244,177788,0.08153241650294696,0.23968565815324164,513.0,43.0,133.0,0.08382066276803118,505.0,40.0,111.0,0.07920792079207921
01187,西田雄一,869,46,163,79643,0.05293440736478711,0.18757192174913695,400.0,13.0,54.0,0.0325,469.0,33.0,109.0,0.07036247334754797
01188,畑端省吾,967,38,159,85661,0.03929679420889348,0.16442605997931747,369.0,10.0,42.0,0.02710027100271003,598.0,28.0,117.0,0.046822742474916385
01189,堀内岳志,926,26,122,59288,0.028077753779697623,0.13174946004319654,366.0,14.0,47.0,0.03825136612021858,560.0,12.0,75.0,0.02142857142857143
01190,村田一誠,850,36,132,64959,0.042352941176470586,0.15529411764705883,445.0,17.0,73.0,0.038202247191011236,405.0,19.0,59.0,0.04691358024691358
01191,蛯名正義,706,65,199,114448,0.09206798866855524,0.2818696883852691,441.0,43.0,125.0,0.09750566893424037,265.0,22.0,74.0,0.0830188679245283
01192,上原佑紀,635,69,196,127923,0.10866141732283464,0.30866141732283464,388.0,43.0,118.0,0.11082474226804123,247.0,26.0,78.0,0.10526315789473684
01193,緒方努,661,23,95,53320,0.03479576399394856,0.1437216338880484,297.0,6.0,38.0,0.020202020202020204,364.0,17.0,57.0,0.046703296703296704
01194,小栗実,691,63,166,103592,0.09117221418234443,0.2402315484804631,404.0,33.0,95.0,0.08168316831683169,287.0,30.0,71.0,0.10452961672473868
01195,嘉藤貴行,773,68,196,116197,0.08796895213454076,0.2535575679172057,382.0,30.0,96.0,0.07853403141361257,391.0,38.0,100.0,0.09718670076726342
01196,西園翔太,691,59,181,103607,0.085383502170767,0.2619392185238784,348.0,27.0,83.0,0.07758620689655173,343.0,32.0,98.0,0.09329446064139942
01197,小椋研介,438,18,63,37435,0.0410958904109589,0.14383561643835616,246.0,9.0,37.0,0.036585365853658534,192.0,9.0,26.0,0.046875
01198,河嶋宏樹,518,24,105,52749,0.04633204633204633,0.20270270270270271,249.0,7.0,43.0,0.028112449799196786,269.0,17.0,62.0,0.06319702602230483
01199,千葉直人,410,28,99,53035,0.06829268292682927,0.24146341463414633,194.0,11.0,43.0,0.05670103092783505,216.0,17.0,56.0,0.0787037037037037
01200,藤野健太,429,19,60,38267,0.04428904428904429,0.13986013986013987,236.0,15.0,39.0,0.0635593220338983,193.0,4.0,21.0,0.02072538860103627
01201,森一誠,304,41,94,86360,0.13486842105263158,0.3092105263157895,148.0,21.0,53.0,0.14189189189189189,156.0,20.0,41.0,0.1282051282051282
01202,矢嶋大樹,409,15,58,29009,0.03667481662591687,0.14180929095354522,243.0,9.0,40.0,0.037037037037037035,166.0,6.0,18.0,0.03614457831325301
01203,福永祐一,382,46,135,104999,0.12041884816753927,0.35340314136125656,245.0,35.0,97.0,0.14285714285714285,137.0,11.0,38.0,0.08029197080291971
01204,浅利英明,110,5,19,10067,0.045454545454545456,0.17272727272727273,68.0,2.0,13.0,0.029411764705882353,42.0,3.0,6.0,0.07142857142857142
01205,佐藤悠太,214,21,58,39925,0.09813084112149532,0.27102803738317754,109.0,11.0,33.0,0.10091743119266056,105.0,10.0,25.0,0.09523809523809523
01206,高橋一哉,439,22,71,39545,0.05011389521640091,0.16173120728929385,227.0,10.0,30.0,0.04405286343612335,212.0,12.0,41.0,0.05660377358490566
01207,田中勝春,132,5,24,18567,0.03787878787878788,0.18181818181818182,71.0,2.0,16.0,0.028169014084507043,61.0,3.0,8.0,0.04918032786885246
01208,柄崎将寿,103,6,12,8790,0.05825242718446602,0.11650485436893204,50.0,2.0,5.0,0.04,53.0,4.0,7.0,0.07547169811320754
01209,東田明士,225,16,42,26992,0.07111111111111111,0.18666666666666668,90.0,6.0,19.0,0.06666666666666667,135.0,10.0,23.0,0.07407407407407407
01210,前川恭子,234,7,34,22927,0.029914529914529916,0.1452991452991453,108.0,3.0,11.0,0.027777777777777776,126.0,4.0,23.0,0.031746031746031744
01211,宮地貴稔,277,22,70,35852,0.07942238267148015,0.2527075812274368,142.0,10.0,36.0,0.07042253521126761,135.0,12.0,34.0,0.08888888888888889
01212,秋山真一,197,9,24,16883,0.04568527918781726,0.1218274111675127,63.0,2.0,9.0,0.031746031746031744,134.0,7.0,15.0,0.05223880597014925
01214,井上智史,151,11,41,23197,0.0728476821192053,0.271523178807947,65.0,4.0,13.0,0.06153846153846154,86.0,7.0,28.0,0.08139534883720931
01215,加藤公太,168,8,28,14568,0.047619047619047616,0.16666666666666666,108.0,5.0,19.0,0.046296296296296294,60.0,3.0,9.0,0.05
05005,九日俊光,8,0,0,650,0.0,0.0,8.0,0.0,0.0,0.0,0.0,0.0,0.0,0.0
05006,久保与造,2,0,0,0,0.0,0.0,1.0,0.0,0.0,0.0,1.0,0.0,0.0,0.0
05024,北川数男,3,0,0,0,0.0,0.0,3.0,0.0,0.0,0.0,0.0,0.0,0.0,0.0
05025,谷口常信,3,0,0,160,0.0,0.0,3.0,0.0,0.0,0.0,0.0,0.0,0.0,0.0
05029,伊藤和,2,0,0,0,0.0,0.0,2.0,0.0,0.0,0.0,0.0,0.0,0.0,0.0
05033,菅原右吉,2,0,0,0,0.0,0.0,2.0,0.0,0.0,0.0,0.0,0.0,0.0,0.0
05039,バランド,1,0,0,0,0.0,0.0,1.0,0.0,0.0,0.0,0.0,0.0,0.0,0.0
05046,副島義弘,1,0,0,0,0.0,0.0,1.0,0.0,0.0,0.0,0.0,0.0,0.0,0.0
05049,八木仁,3,0,0,0,0.0,0.0,2.0,0.0,0.0,0.0,1.0,0.0,0.0,0.0
05055,堂山芳則,18,0,1,1410,0.0,0.05555555555555555,16.0,0.0,0.0,0.0,2.0,0.0,1.0,0.0
05058,山田勇,1,0,0,150,0.0,0.0,1.0,0.0,0.0,0.0,0.0,0.0,0.0,0.0
05059,大島静夫,1,0,0,0,0.0,0.0,1.0,0.0,0.0,0.0,0.0,0.0,0.0,0.0
05061,原孝明,24,1,3,1350,0.041666666666666664,0.125,18.0,0.0,1.0,0.0,6.0,1.0,2.0,0.16666666666666666
05062,桜田浩三,4,0,0,0,0.0,0.0,0.0,0.0,0.0,0.0,4.0,0.0,0.0,0.0
05071,森山英雄,4,0,0,0,0.0,0.0,4.0,0.0,0.0,0.0,0.0,0.0,0.0,0.0
05076,伊藤強一,16,0,0,220,0.0,0.0,16.0,0.0,0.0,0.0,0.0,0.0,0.0,0.0
05077,荒木市雄,2,0,0,0,0.0,0.0,1.0,0.0,0.0,0.0,1.0,0.0,0.0,0.0
05079,井上孝彦,14,0,0,0,0.0,0.0,11.0,0.0,0.0,0.0,3.0,0.0,0.0,0.0
05087,伊藤隆志,4,1,2,2000,0.25,0.5,4.0,1.0,2.0,0.25,0.0,0.0,0.0,0.0
05090,高橋司,1,0,0,0,0.0,0.0,1.0,0.0,0.0,0.0,0.0,0.0,0.0,0.0
05093,米川伸也,1,0,0,0,0.0,0.0,1.0,0.0,0.0,0.0,0.0,0.0,0.0,0.0
05094,山中静治,2,0,2,520,0.0,1.0,2.0,0.0,2.0,0.0,0.0,0.0,0.0,0.0
05105,田部和則,7,1,3,4100,0.14285714285714285,0.42857142857142855,7.0,1.0,3.0,0.14285714285714285,0.0,0.0,0.0,0.0
05106,真島元徳,23,1,1,1000,0.043478260869565216,0.043478260869565216,21.0,0.0,0.0,0.0,2.0,1.0,1.0,0.5
05108,桧森邦夫,15,0,3,1990,0.0,0.2,15.0,0.0,3.0,0.0,0.0,0.0,0.0,0.0
05109,古賀光範,5,0,0,0,0.0,0.0,5.0,0.0,0.0,0.0,0.0,0.0,0.0,0.0
05111,林和弘,18,0,0,0,0.0,0.0,17.0,0.0,0.0,0.0,1.0,0.0,0.0,0.0
05113,出川克己,2,0,0,0,0.0,0.0,1.0,0.0,0.0,0.0,1.0,0.0,0.0,0.0
05127,クマーニ,1,0,0,0,0.0,0.0,1.0,0.0,0.0,0.0,0.0,0.0,0.0,0.0
05128,ドゥロワ,1,0,0,0,0.0,0.0,1.0,0.0,0.0,0.0,0.0,0.0,0.0,0.0
05148,山浦武,1,0,0,0,0.0,0.0,1.0,0.0,0.0,0.0,0.0,0.0,0.0,0.0
05160,佐藤茂,3,0,0,0,0.0,0.0,2.0,0.0,0.0,0.0,1.0,0.0,0.0,0.0
05171,柴田高志,7,0,0,0,0.0,0.0,6.0,0.0,0.0,0.0,1.0,0.0,0.0,0.0
05177,藤ヶ崎一,6,0,0,0,0.0,0.0,2.0,0.0,0.0,0.0,4.0,0.0,0.0,0.0
05179,小笠原義,2,0,0,0,0.0,0.0,2.0,0.0,0.0,0.0,0.0,0.0,0.0,0.0
05181,鈴木七郎,1,0,0,0,0.0,0.0,1.0,0.0,0.0,0.0,0.0,0.0,0.0,0.0
05185,新山広道,5,0,0,0,0.0,0.0,5.0,0.0,0.0,0.0,0.0,0.0,0.0,0.0
05192,安部弘一,11,0,0,0,0.0,0.0,8.0,0.0,0.0,0.0,3.0,0.0,0.0,0.0
05193,山中輝久,93,0,0,500,0.0,0.0,56.0,0.0,0.0,0.0,37.0,0.0,0.0,0.0
05204,村上頼章,3,0,0,0,0.0,0.0,2.0,0.0,0.0,0.0,1.0,0.0,0.0,0.0
05208,岡林光浩,11,0,0,0,0.0,0.0,11.0,0.0,0.0,0.0,0.0,0.0,0.0,0.0
05214,原口次夫,3,0,0,0,0.0,0.0,2.0,0.0,0.0,0.0,1.0,0.0,0.0,0.0
05217,佐々木由,1,0,0,0,0.0,0.0,1.0,0.0,0.0,0.0,0.0,0.0,0.0,0.0
05222,橋本忠男,5,0,1,280,0.0,0.2,3.0,0.0,1.0,0.0,2.0,0.0,0.0,0.0
05224,曽和直栄,8,0,0,0,0.0,0.0,3.0,0.0,0.0,0.0,5.0,0.0,0.0,0.0
05228,恵多谷豊,6,1,1,700,0.16666666666666666,0.16666666666666666,3.0,0.0,0.0,0.0,3.0,1.0,1.0,0.3333333333333333
05233,広森久雄,13,0,3,1300,0.0,0.23076923076923078,11.0,0.0,1.0,0.0,2.0,0.0,2.0,0.0
05235,金田一昌,5,0,0,0,0.0,0.0,3.0,0.0,0.0,0.0,2.0,0.0,0.0,0.0
05237,藤田正治,9,0,0,0,0.0,0.0,5.0,0.0,0.0,0.0,4.0,0.0,0.0,0.0
05242,角田輝也,32,0,0,107,0.0,0.0,28.0,0.0,0.0,0.0,4.0,0.0,0.0,0.0
05254,シールゲ,4,0,0,0,0.0,0.0,4.0,0.0,0.0,0.0,0.0,0.0,0.0,0.0
05257,手島勝利,8,0,1,350,0.0,0.125,8.0,0.0,1.0,0.0,0.0,0.0,0.0,0.0
05258,柳江仁,4,0,0,0,0.0,0.0,4.0,0.0,0.0,0.0,0.0,0.0,0.0,0.0
05263,瀬戸口悟,3,0,0,100,0.0,0.0,3.0,0.0,0.0,0.0,0.0,0.0,0.0,0.0
05266,田中道夫,1,0,0,0,0.0,0.0,1.0,0.0,0.0,0.0,0.0,0.0,0.0,0.0
05272,南輝幸,7,0,0,0,0.0,0.0,5.0,0.0,0.0,0.0,2.0,0.0,0.0,0.0
05281,塚田隆男,1,0,0,0,0.0,0.0,1.0,0.0,0.0,0.0,0.0,0.0,0.0,0.0
05287,井手上慎,1,0,0,0,0.0,0.0,1.0,0.0,0.0,0.0,0.0,0.0,0.0,0.0
05289,田中範雄,2,0,0,0,0.0,0.0,1.0,0.0,0.0,0.0,1.0,0.0,0.0,0.0
05301,村上正和,11,0,3,935,0.0,0.2727272727272727,11.0,0.0,3.0,0.0,0.0,0.0,0.0,0.0
05302,内田勝義,3,0,0,0,0.0,0.0,2.0,0.0,0.0,0.0,1.0,0.0,0.0,0.0
05307,西久保政,1,0,0,0,0.0,0.0,1.0,0.0,0.0,0.0,0.0,0.0,0.0,0.0
05311,角川秀樹,59,0,1,1830,0.0,0.01694915254237288,57.0,0.0,0.0,0.0,2.0,0.0,1.0,0.0
05315,佐藤賢二,13,0,3,3655,0.0,0.23076923076923078,10.0,0.0,1.0,0.0,3.0,0.0,2.0,0.0
05323,松野勝己,1,0,0,0,0.0,0.0,0.0,0.0,0.0,0.0,1.0,0.0,0.0,0.0
05329,大橋敬永,3,0,0,0,0.0,0.0,1.0,0.0,0.0,0.0,2.0,0.0,0.0,0.0
05331,山崎尋美,5,0,0,0,0.0,0.0,3.0,0.0,0.0,0.0,2.0,0.0,0.0,0.0
05333,矢野久美,2,0,0,0,0.0,0.0,2.0,0.0,0.0,0.0,0.0,0.0,0.0,0.0
05346,荒巻透,3,0,0,0,0.0,0.0,3.0,0.0,0.0,0.0,0.0,0.0,0.0,0.0
05347,寺嶋正勝,1,0,0,0,0.0,0.0,1.0,0.0,0.0,0.0,0.0,0.0,0.0,0.0
05352,岡田利一,1,0,0,0,0.0,0.0,1.0,0.0,0.0,0.0,0.0,0.0,0.0,0.0
05364,柳沢好美,2,0,0,230,0.0,0.0,2.0,0.0,0.0,0.0,0.0,0.0,0.0,0.0
05370,住吉朝男,5,0,0,0,0.0,0.0,4.0,0.0,0.0,0.0,1.0,0.0,0.0,0.0
05387,野田学,4,0,0,0,0.0,0.0,3.0,0.0,0.0,0.0,1.0,0.0,0.0,0.0
05388,佐々木仁,4,0,0,0,0.0,0.0,3.0,0.0,0.0,0.0,1.0,0.0,0.0,0.0
05390,高橋俊之,1,0,0,0,0.0,0.0,1.0,0.0,0.0,0.0,0.0,0.0,0.0,0.0
05392,池田孝,1,0,0,0,0.0,0.0,1.0,0.0,0.0,0.0,0.0,0.0,0.0,0.0
05395,中塚猛,1,0,0,0,0.0,0.0,1.0,0.0,0.0,0.0,0.0,0.0,0.0,0.0
05417,佐藤雅彦,4,0,1,740,0.0,0.25,4.0,0.0,1.0,0.0,0.0,0.0,0.0,0.0
05420,東美義,1,0,0,0,0.0,0.0,1.0,0.0,0.0,0.0,0.0,0.0,0.0,0.0
05423,鈴木正也,2,0,0,0,0.0,0.0,2.0,0.0,0.0,0.0,0.0,0.0,0.0,0.0
05429,出川龍一,5,0,0,0,0.0,0.0,5.0,0.0,0.0,0.0,0.0,0.0,0.0,0.0
05433,クルーズ,3,0,0,0,0.0,0.0,3.0,0.0,0.0,0.0,0.0,0.0,0.0,0.0
05435,碇清次郎,1,0,0,0,0.0,0.0,1.0,0.0,0.0,0.0,0.0,0.0,0.0,0.0
05436,林正人,4,0,0,0,0.0,0.0,0.0,0.0,0.0,0.0,4.0,0.0,0.0,0.0
05439,河津裕昭,34,2,4,8140,0.058823529411764705,0.11764705882352941,34.0,2.0,4.0,0.058823529411764705,0.0,0.0,0.0,0.0
05450,川田孝好,5,0,0,0,0.0,0.0,3.0,0.0,0.0,0.0,2.0,0.0,0.0,0.0
05452,岩切敏男,1,0,0,0,0.0,0.0,1.0,0.0,0.0,0.0,0.0,0.0,0.0,0.0
05453,松本隆宏,16,0,1,1270,0.0,0.0625,16.0,0.0,1.0,0.0,0.0,0.0,0.0,0.0
05456,土井道隆,3,0,0,0,0.0,0.0,3.0,0.0,0.0,0.0,0.0,0.0,0.0,0.0
05460,佐藤英明,3,0,0,0,0.0,0.0,3.0,0.0,0.0,0.0,0.0,0.0,0.0,0.0
05464,コレ,2,0,1,4000,0.0,0.5,2.0,0.0,1.0,0.0,0.0,0.0,0.0,0.0
05466,山口浩幸,4,0,0,0,0.0,0.0,4.0,0.0,0.0,0.0,0.0,0.0,0.0,0.0
05480,田口輝彦,4,0,0,0,0.0,0.0,1.0,0.0,0.0,0.0,3.0,0.0,0.0,0.0
05481,瀬戸幸一,7,0,0,0,0.0,0.0,7.0,0.0,0.0,0.0,0.0,0.0,0.0,0.0
05486,今津博之,23,0,0,0,0.0,0.0,15.0,0.0,0.0,0.0,8.0,0.0,0.0,0.0
05489,坂本昇,1,0,0,0,0.0,0.0,0.0,0.0,0.0,0.0,1.0,0.0,0.0,0.0
05491,阪本泰之,1,0,0,0,0.0,0.0,0.0,0.0,0.0,0.0,1.0,0.0,0.0,0.0
05492,遠藤茂,1,0,0,0,0.0,0.0,1.0,0.0,0.0,0.0,0.0,0.0,0.0,0.0
05503,上杉昌宏,9,0,0,0,0.0,0.0,8.0,0.0,0.0,0.0,1.0,0.0,0.0,0.0
05508,栗田裕光,1,0,0,0,0.0,0.0,0.0,0.0,0.0,0.0,1.0,0.0,0.0,0.0
05509,米川昇,31,2,6,6720,0.06451612903225806,0.1935483870967742,26.0,2.0,6.0,0.07692307692307693,5.0,0.0,0.0,0.0
05518,オブライ,6,0,0,3000,0.0,0.0,6.0,0.0,0.0,0.0,0.0,0.0,0.0,0.0
05520,ギブソン,1,0,0,0,0.0,0.0,1.0,0.0,0.0,0.0,0.0,0.0,0.0,0.0
05524,久保秀男,1,0,0,0,0.0,0.0,0.0,0.0,0.0,0.0,1.0,0.0,0.0,0.0
05527,照沼一二,1,0,0,0,0.0,0.0,1.0,0.0,0.0,0.0,0.0,0.0,0.0,0.0
05528,平松徳彦,6,0,0,95,0.0,0.0,6.0,0.0,0.0,0.0,0.0,0.0,0.0,0.0
05530,荒山義則,2,0,0,0,0.0,0.0,2.0,0.0,0.0,0.0,0.0,0.0,0.0,0.0
05534,寺地隆,2,0,1,400,0.0,0.5,2.0,0.0,1.0,0.0,0.0,0.0,0.0,0.0
05540,小森勝政,1,0,0,0,0.0,0.0,1.0,0.0,0.0,0.0,0.0,0.0,0.0,0.0
05544,加藤幸保,2,0,0,0,0.0,0.0,2.0,0.0,0.0,0.0,0.0,0.0,0.0,0.0
05545,佐々木功,1,0,0,0,0.0,0.0,1.0,0.0,0.0,0.0,0.0,0.0,0.0,0.0
05554,ギヴン,1,0,0,0,0.0,0.0,1.0,0.0,0.0,0.0,0.0,0.0,0.0,0.0
05559,ダンロッ,7,2,3,21300,0.2857142857142857,0.42857142857142855,7.0,2.0,3.0,0.2857142857142857,0.0,0.0,0.0,0.0
05563,松浦備,3,0,0,0,0.0,0.0,2.0,0.0,0.0,0.0,1.0,0.0,0.0,0.0
05566,月岡健二,4,0,0,0,0.0,0.0,1.0,0.0,0.0,0.0,3.0,0.0,0.0,0.0
05567,森沢友貴,3,0,0,0,0.0,0.0,3.0,0.0,0.0,0.0,0.0,0.0,0.0,0.0
05569,田島寿一,1,0,0,0,0.0,0.0,1.0,0.0,0.0,0.0,0.0,0.0,0.0,0.0
05571,松浦裕之,1,0,0,0,0.0,0.0,1.0,0.0,0.0,0.0,0.0,0.0,0.0,0.0
05574,大塚信次,3,0,0,0,0.0,0.0,2.0,0.0,0.0,0.0,1.0,0.0,0.0,0.0
05575,矢野義幸,10,0,0,110,0.0,0.0,6.0,0.0,0.0,0.0,4.0,0.0,0.0,0.0
05576,ムーア,1,0,1,6000,0.0,1.0,1.0,0.0,1.0,0.0,0.0,0.0,0.0,0.0
05577,ファウン,11,0,2,6500,0.0,0.18181818181818182,10.0,0.0,2.0,0.0,1.0,0.0,0.0,0.0
05578,国信満,8,0,0,0,0.0,0.0,7.0,0.0,0.0,0.0,1.0,0.0,0.0,0.0
05580,田中守,1,0,0,0,0.0,0.0,0.0,0.0,0.0,0.0,1.0,0.0,0.0,0.0
05586,柏原誠路,2,0,0,0,0.0,0.0,2.0,0.0,0.0,0.0,0.0,0.0,0.0,0.0
05590,長倉功,2,0,0,0,0.0,0.0,1.0,0.0,0.0,0.0,1.0,0.0,0.0,0.0
05592,岩本洋,2,0,0,0,0.0,0.0,1.0,0.0,0.0,0.0,1.0,0.0,0.0,0.0
05593,小野寺晋,1,0,0,0,0.0,0.0,1.0,0.0,0.0,0.0,0.0,0.0,0.0,0.0
05601,東眞市,27,0,0,0,0.0,0.0,23.0,0.0,0.0,0.0,4.0,0.0,0.0,0.0
05604,川西毅,9,0,0,0,0.0,0.0,6.0,0.0,0.0,0.0,3.0,0.0,0.0,0.0
05606,山本学,2,0,0,0,0.0,0.0,1.0,0.0,0.0,0.0,1.0,0.0,0.0,0.0
05607,堀千亜樹,8,0,0,0,0.0,0.0,5.0,0.0,0.0,0.0,3.0,0.0,0.0,0.0
05609,小久保智,38,0,3,3130,0.0,0.07894736842105263,14.0,0.0,0.0,0.0,24.0,0.0,3.0,0.0
05611,サイズ,7,0,0,1000,0.0,0.0,7.0,0.0,0.0,0.0,0.0,0.0,0.0,0.0
05614,佐藤晴記,1,0,0,0,0.0,0.0,1.0,0.0,0.0,0.0,0.0,0.0,0.0,0.0
05615,佐久間雅,10,0,0,347,0.0,0.0,8.0,0.0,0.0,0.0,2.0,0.0,0.0,0.0
05618,ブラック,1,0,0,0,0.0,0.0,1.0,0.0,0.0,0.0,0.0,0.0,0.0,0.0
05622,宗形竹見,4,0,0,0,0.0,0.0,2.0,0.0,0.0,0.0,2.0,0.0,0.0,0.0
05623,栗林徹治,1,0,0,0,0.0,0.0,1.0,0.0,0.0,0.0,0.0,0.0,0.0,0.0
05624,中川竜馬,2,0,0,0,0.0,0.0,2.0,0.0,0.0,0.0,0.0,0.0,0.0,0.0
05625,荒山勝徳,17,0,2,1420,0.0,0.11764705882352941,12.0,0.0,0.0,0.0,5.0,0.0,2.0,0.0
05628,山中尊徳,5,0,1,440,0.0,0.2,5.0,0.0,1.0,0.0,0.0,0.0,0.0,0.0
05629,鷹見浩,2,0,0,0,0.0,0.0,1.0,0.0,0.0,0.0,1.0,0.0,0.0,0.0
05630,田中淳司,125,4,18,17629,0.032,0.144,120.0,4.0,18.0,0.03333333333333333,5.0,0.0,0.0,0.0
05632,デルザン,1,0,0,2500,0.0,0.0,1.0,0.0,0.0,0.0,0.0,0.0,0.0,0.0
05637,大石省三,3,0,0,0,0.0,0.0,3.0,0.0,0.0,0.0,0.0,0.0,0.0,0.0
05638,山藤統宏,4,0,0,0,0.0,0.0,2.0,0.0,0.0,0.0,2.0,0.0,0.0,0.0
05639,小牧毅,3,0,0,0,0.0,0.0,2.0,0.0,0.0,0.0,1.0,0.0,0.0,0.0
05640,フーラハ,1,0,0,170,0.0,0.0,1.0,0.0,0.0,0.0,0.0,0.0,0.0,0.0
05642,椎名広明,1,0,0,0,0.0,0.0,1.0,0.0,0.0,0.0,0.0,0.0,0.0,0.0
05643,オサリバ,2,1,1,9500,0.5,0.5,2.0,1.0,1.0,0.5,0.0,0.0,0.0,0.0
05644,三宅直之,1,0,0,0,0.0,0.0,1.0,0.0,0.0,0.0,0.0,0.0,0.0,0.0
05645,久保勇,2,0,0,0,0.0,0.0,2.0,0.0,0.0,0.0,0.0,0.0,0.0,0.0
05646,川島正一,3,0,0,0,0.0,0.0,3.0,0.0,0.0,0.0,0.0,0.0,0.0,0.0
05647,石井勝男,5,0,0,0,0.0,0.0,4.0,0.0,0.0,0.0,1.0,0.0,0.0,0.0
05648,斉藤敏,4,0,0,0,0.0,0.0,4.0,0.0,0.0,0.0,0.0,0.0,0.0,0.0
05649,イウ,4,1,1,11580,0.25,0.25,4.0,1.0,1.0,0.25,0.0,0.0,0.0,0.0
05650,高橋優子,3,0,0,0,0.0,0.0,2.0,0.0,0.0,0.0,1.0,0.0,0.0,0.0
05651,川村守男,3,0,0,105,0.0,0.0,3.0,0.0,0.0,0.0,0.0,0.0,0.0,0.0
05652,ヘッド,1,0,0,0,0.0,0.0,1.0,0.0,0.0,0.0,0.0,0.0,0.0,0.0
05653,ドゥーメ,1,0,0,0,0.0,0.0,1.0,0.0,0.0,0.0,0.0,0.0,0.0,0.0
05654,桜田浩樹,2,0,0,0,0.0,0.0,0.0,0.0,0.0,0.0,2.0,0.0,0.0,0.0
05655,蛯名雄太,3,0,0,0,0.0,0.0,2.0,0.0,0.0,0.0,1.0,0.0,0.0,0.0
05656,柘榴浩樹,1,0,0,0,0.0,0.0,1.0,0.0,0.0,0.0,0.0,0.0,0.0,0.0
05658,リヨン,1,0,0,0,0.0,0.0,1.0,0.0,0.0,0.0,0.0,0.0,0.0,0.0
05659,武智政明,1,0,0,0,0.0,0.0,1.0,0.0,0.0,0.0,0.0,0.0,0.0,0.0
05660,斉藤正弘,25,2,2,3860,0.08,0.08,24.0,2.0,2.0,0.08333333333333333,1.0,0.0,0.0,0.0
05661,石川浩文,2,0,0,0,0.0,0.0,2.0,0.0,0.0,0.0,0.0,0.0,0.0,0.0
05662,堀江仁,1,0,0,0,0.0,0.0,1.0,0.0,0.0,0.0,0.0,0.0,0.0,0.0
05663,別府真司,3,0,0,0,0.0,0.0,2.0,0.0,0.0,0.0,1.0,0.0,0.0,0.0
05664,ショー,1,0,0,1400,0.0,0.0,1.0,0.0,0.0,0.0,0.0,0.0,0.0,0.0
05665,ハガス,1,0,0,0,0.0,0.0,1.0,0.0,0.0,0.0,0.0,0.0,0.0,0.0
05666,チャタポ,1,0,0,0,0.0,0.0,1.0,0.0,0.0,0.0,0.0,0.0,0.0,0.0
05667,渡辺和雄,4,0,0,0,0.0,0.0,1.0,0.0,0.0,0.0,3.0,0.0,0.0,0.0
05668,坂口義幸,15,0,0,0,0.0,0.0,10.0,0.0,0.0,0.0,5.0,0.0,0.0,0.0
05669,佐藤厚弘,1,0,0,0,0.0,0.0,0.0,0.0,0.0,0.0,1.0,0.0,0.0,0.0
05670,林隆之,2,0,0,70,0.0,0.0,0.0,0.0,0.0,0.0,2.0,0.0,0.0,0.0
05671,倉地学,4,0,0,0,0.0,0.0,3.0,0.0,0.0,0.0,1.0,0.0,0.0,0.0
05672,朝倉実,1,0,0,0,0.0,0.0,1.0,0.0,0.0,0.0,0.0,0.0,0.0,0.0
05673,森下淳平,5,0,0,0,0.0,0.0,1.0,0.0,0.0,0.0,4.0,0.0,0.0,0.0
05674,米田英世,3,0,0,0,0.0,0.0,1.0,0.0,0.0,0.0,2.0,0.0,0.0,0.0
05675,笹野博司,43,0,0,0,0.0,0.0,37.0,0.0,0.0,0.0,6.0,0.0,0.0,0.0
05676,シャム,4,1,2,22300,0.25,0.5,4.0,1.0,2.0,0.25,0.0,0.0,0.0,0.0
05677,バリッジ,1,0,0,0,0.0,0.0,1.0,0.0,0.0,0.0,0.0,0.0,0.0,0.0
05678,ラフォン,1,0,0,0,0.0,0.0,1.0,0.0,0.0,0.0,0.0,0.0,0.0,0.0
05679,ヴェリア,2,0,0,1800,0.0,0.0,2.0,0.0,0.0,0.0,0.0,0.0,0.0,0.0
05680,ボッティ,1,0,0,0,0.0,0.0,1.0,0.0,0.0,0.0,0.0,0.0,0.0,0.0
05681,新井清重,3,0,0,0,0.0,0.0,2.0,0.0,0.0,0.0,1.0,0.0,0.0,0.0
05682,マリンズ,3,1,1,6500,0.3333333333333333,0.3333333333333333,3.0,1.0,1.0,0.3333333333333333,0.0,0.0,0.0,0.0
05683,菅原勲,7,0,0,0,0.0,0.0,3.0,0.0,0.0,0.0,4.0,0.0,0.0,0.0
05684,三小田幸,1,0,0,0,0.0,0.0,1.0,0.0,0.0,0.0,0.0,0.0,0.0,0.0
05685,板垣吉則,5,0,2,540,0.0,0.4,5.0,0.0,2.0,0.0,0.0,0.0,0.0,0.0
05686,ブリーン,1,0,0,0,0.0,0.0,0.0,0.0,0.0,0.0,1.0,0.0,0.0,0.0
05687,栗林信文,1,0,0,0,0.0,0.0,1.0,0.0,0.0,0.0,0.0,0.0,0.0,0.0
05688,小野望,12,0,0,0,0.0,0.0,10.0,0.0,0.0,0.0,2.0,0.0,0.0,0.0
05689,安田武広,2,0,0,0,0.0,0.0,2.0,0.0,0.0,0.0,0.0,0.0,0.0,0.0
05691,新子雅司,6,0,0,0,0.0,0.0,1.0,0.0,0.0,0.0,5.0,0.0,0.0,0.0
05693,ピアース,1,0,0,0,0.0,0.0,1.0,0.0,0.0,0.0,0.0,0.0,0.0,0.0
05694,カルヴァ,3,0,0,0,0.0,0.0,3.0,0.0,0.0,0.0,0.0,0.0,0.0,0.0
05695,パパプロ,1,0,0,0,0.0,0.0,0.0,0.0,0.0,0.0,1.0,0.0,0.0,0.0
05696,立花伸,2,0,0,0,0.0,0.0,1.0,0.0,0.0,0.0,1.0,0.0,0.0,0.0
05697,後藤正義,5,0,0,0,0.0,0.0,5.0,0.0,0.0,0.0,0.0,0.0,0.0,0.0
05698,嶋田幸晴,4,0,0,0,0.0,0.0,3.0,0.0,0.0,0.0,1.0,0.0,0.0,0.0
05699,チャン,1,0,0,0,0.0,0.0,1.0,0.0,0.0,0.0,0.0,0.0,0.0,0.0
05700,土屋洋之,3,0,1,331,0.0,0.3333333333333333,3.0,0.0,1.0,0.0,0.0,0.0,0.0,0.0
05701,グラファ,5,1,1,50000,0.2,0.2,5.0,1.0,1.0,0.2,0.0,0.0,0.0,0.0
05702,盛本信春,9,0,0,0,0.0,0.0,8.0,0.0,0.0,0.0,1.0,0.0,0.0,0.0
05703,山田質,3,0,0,0,0.0,0.0,3.0,0.0,0.0,0.0,0.0,0.0,0.0,0.0
05704,飯田良弘,2,0,0,0,0.0,0.0,2.0,0.0,0.0,0.0,0.0,0.0,0.0,0.0
05705,栗本陽一,2,0,0,0,0.0,0.0,2.0,0.0,0.0,0.0,0.0,0.0,0.0,0.0
05706,川島洋人,9,0,0,390,0.0,0.0,8.0,0.0,0.0,0.0,1.0,0.0,0.0,0.0
05707,諏訪貴正,1,0,0,0,0.0,0.0,0.0,0.0,0.0,0.0,1.0,0.0,0.0,0.0
05708,湯前良人,16,0,0,0,0.0,0.0,14.0,0.0,0.0,0.0,2.0,0.0,0.0,0.0
05709,千葉博次,1,0,0,0,0.0,0.0,1.0,0.0,0.0,0.0,0.0,0.0,0.0,0.0
05710,グリュー,2,0,0,0,0.0,0.0,2.0,0.0,0.0,0.0,0.0,0.0,0.0,0.0
05711,的場直之,1,0,0,0,0.0,0.0,1.0,0.0,0.0,0.0,0.0,0.0,0.0,0.0
05712,佐々木洋,3,0,0,0,0.0,0.0,2.0,0.0,0.0,0.0,1.0,0.0,0.0,0.0
05713,山田信大,8,0,0,0,0.0,0.0,8.0,0.0,0.0,0.0,0.0,0.0,0.0,0.0
05714,渋谷信博,2,0,0,0,0.0,0.0,2.0,0.0,0.0,0.0,0.0,0.0,0.0,0.0
05715,北野真弘,1,0,0,0,0.0,0.0,1.0,0.0,0.0,0.0,0.0,0.0,0.0,0.0
05716,尾島徹,9,0,0,0,0.0,0.0,9.0,0.0,0.0,0.0,0.0,0.0,0.0,0.0
05717,張田京,3,0,0,100,0.0,0.0,3.0,0.0,0.0,0.0,0.0,0.0,0.0,0.0
05718,坂本和也,6,0,0,0,0.0,0.0,6.0,0.0,0.0,0.0,0.0,0.0,0.0,0.0
05719,佐藤裕太,8,0,0,0,0.0,0.0,7.0,0.0,0.0,0.0,1.0,0.0,0.0,0.0
05720,伊藤和忍,4,0,0,0,0.0,0.0,4.0,0.0,0.0,0.0,0.0,0.0,0.0,0.0
05721,山口竜一,3,0,0,470,0.0,0.0,3.0,0.0,0.0,0.0,0.0,0.0,0.0,0.0
05722,伊藤滋規,5,0,0,0,0.0,0.0,5.0,0.0,0.0,0.0,0.0,0.0,0.0,0.0
05723,川島雅人,2,0,0,0,0.0,0.0,2.0,0.0,0.0,0.0,0.0,0.0,0.0,0.0
05726,那俄性哲,1,0,0,0,0.0,0.0,0.0,0.0,0.0,0.0,1.0,0.0,0.0,0.0
05727,福永敏,5,0,0,0,0.0,0.0,1.0,0.0,0.0,0.0,4.0,0.0,0.0,0.0
05728,藤田輝信,1,0,0,0,0.0,0.0,0.0,0.0,0.0,0.0,1.0,0.0,0.0,0.0
05729,高橋清顕,1,0,0,0,0.0,0.0,1.0,0.0,0.0,0.0,0.0,0.0,0.0,0.0
05730,ムニュイ,1,0,0,0,0.0,0.0,1.0,0.0,0.0,0.0,0.0,0.0,0.0,0.0
05731,加藤和義,1,0,0,0,0.0,0.0,1.0,0.0,0.0,0.0,0.0,0.0,0.0,0.0
05732,モラ,1,0,0,0,0.0,0.0,0.0,0.0,0.0,0.0,1.0,0.0,0.0,0.0
05733,平山真希,1,0,0,0,0.0,0.0,1.0,0.0,0.0,0.0,0.0,0.0,0.0,0.0
05734,橋本忠明,4,0,0,72,0.0,0.0,2.0,0.0,0.0,0.0,2.0,0.0,0.0,0.0
05735,高本友芳,2,0,0,72,0.0,0.0,2.0,0.0,0.0,0.0,0.0,0.0,0.0,0.0
05736,佐々木国,3,0,1,800,0.0,0.3333333333333333,3.0,0.0,1.0,0.0,0.0,0.0,0.0,0.0
05737,沼沢英知,1,0,0,0,0.0,0.0,1.0,0.0,0.0,0.0,0.0,0.0,0.0,0.0
05738,平山宏秀,4,0,0,0,0.0,0.0,4.0,0.0,0.0,0.0,0.0,0.0,0.0,0.0
05739,斎藤雄一,2,0,0,0,0.0,0.0,2.0,0.0,0.0,0.0,0.0,0.0,0.0,0.0
05740,長南和宏,7,0,1,400,0.0,0.14285714285714285,7.0,0.0,1.0,0.0,0.0,0.0,0.0,0.0
05741,池田忠好,7,0,0,0,0.0,0.0,7.0,0.0,0.0,0.0,0.0,0.0,0.0,0.0
05742,米谷康秀,3,0,0,0,0.0,0.0,3.0,0.0,0.0,0.0,0.0,0.0,0.0,0.0
05743,須田和伸,1,0,0,0,0.0,0.0,1.0,0.0,0.0,0.0,0.0,0.0,0.0,0.0
05744,渡瀬寛彰,3,0,0,0,0.0,0.0,2.0,0.0,0.0,0.0,1.0,0.0,0.0,0.0
05745,渡辺博文,1,0,0,0,0.0,0.0,1.0,0.0,0.0,0.0,0.0,0.0,0.0,0.0
05746,佐野謙二,1,0,0,0,0.0,0.0,1.0,0.0,0.0,0.0,0.0,0.0,0.0,0.0
05747,マルチア,1,0,0,0,0.0,0.0,1.0,0.0,0.0,0.0,0.0,0.0,0.0,0.0
05748,稲益貴弘,1,0,0,0,0.0,0.0,1.0,0.0,0.0,0.0,0.0,0.0,0.0,0.0
05749,桜井拓章,4,0,0,350,0.0,0.0,4.0,0.0,0.0,0.0,0.0,0.0,0.0,0.0
05750,佐宗応和,2,0,0,0,0.0,0.0,1.0,0.0,0.0,0.0,1.0,0.0,0.0,0.0
05751,野口寛仁,1,0,0,0,0.0,0.0,1.0,0.0,0.0,0.0,0.0,0.0,0.0,0.0
05752,大山寿文,1,0,0,0,0.0,0.0,1.0,0.0,0.0,0.0,0.0,0.0,0.0,0.0
05753,山下貴之,5,0,0,300,0.0,0.0,4.0,0.0,0.0,0.0,1.0,0.0,0.0,0.0
05754,ビエトリ,2,0,0,3000,0.0,0.0,2.0,0.0,0.0,0.0,0.0,0.0,0.0,0.0
05755,永島太郎,1,0,0,0,0.0,0.0,1.0,0.0,0.0,0.0,0.0,0.0,0.0,0.0
05756,南弘樹,4,0,0,0,0.0,0.0,4.0,0.0,0.0,0.0,0.0,0.0,0.0,0.0
05757,雑賀伸一,1,0,0,0,0.0,0.0,1.0,0.0,0.0,0.0,0.0,0.0,0.0,0.0
05758,小国博行,5,0,0,160,0.0,0.0,5.0,0.0,0.0,0.0,0.0,0.0,0.0,0.0
05759,井樋明正,1,0,0,0,0.0,0.0,1.0,0.0,0.0,0.0,0.0,0.0,0.0,0.0
05760,松浦聡志,2,0,0,0,0.0,0.0,2.0,0.0,0.0,0.0,0.0,0.0,0.0,0.0
05761,ハリント,1,0,0,0,0.0,0.0,1.0,0.0,0.0,0.0,0.0,0.0,0.0,0.0
05762,千葉幸喜,2,0,0,0,0.0,0.0,1.0,0.0,0.0,0.0,1.0,0.0,0.0,0.0
05763,シャペ,1,0,0,0,0.0,0.0,1.0,0.0,0.0,0.0,0.0,0.0,0.0,0.0
05764,ワッテル,1,0,0,0,0.0,0.0,1.0,0.0,0.0,0.0,0.0,0.0,0.0,0.0
05765,加藤誠一,4,0,0,0,0.0,0.0,4.0,0.0,0.0,0.0,0.0,0.0,0.0,0.0
05766,藤原智行,3,0,0,0,0.0,0.0,1.0,0.0,0.0,0.0,2.0,0.0,0.0,0.0
05767,松平幸秀,1,0,0,0,0.0,0.0,1.0,0.0,0.0,0.0,0.0,0.0,0.0,0.0
05768,田中一巧,8,0,0,0,0.0,0.0,8.0,0.0,0.0,0.0,0.0,0.0,0.0,0.0
05769,福田真広,1,0,0,0,0.0,0.0,1.0,0.0,0.0,0.0,0.0,0.0,0.0,0.0
05770,北村欣也,2,0,0,0,0.0,0.0,2.0,0.0,0.0,0.0,0.0,0.0,0.0,0.0
05771,鮫島克也,2,0,0,0,0.0,0.0,2.0,0.0,0.0,0.0,0.0,0.0,0.0,0.0
05772,高野毅,1,0,0,0,0.0,0.0,1.0,0.0,0.0,0.0,0.0,0.0,0.0,0.0
05773,市村誠,1,0,0,0,0.0,0.0,1.0,0.0,0.0,0.0,0.0,0.0,0.0,0.0
05774,保利良平,1,0,0,0,0.0,0.0,1.0,0.0,0.0,0.0,0.0,0.0,0.0,0.0
05775,石橋満,5,0,0,0,0.0,0.0,5.0,0.0,0.0,0.0,0.0,0.0,0.0,0.0
05776,ゴーヴァ,1,0,0,0,0.0,0.0,1.0,0.0,0.0,0.0,0.0,0.0,0.0,0.0
05777,吉見真幸,1,0,0,0,0.0,0.0,1.0,0.0,0.0,0.0,0.0,0.0,0.0,0.0
05778,飯田弘道,2,0,0,0,0.0,0.0,2.0,0.0,0.0,0.0,0.0,0.0,0.0,0.0
05779,長谷川忍,4,0,0,0,0.0,0.0,4.0,0.0,0.0,0.0,0.0,0.0,0.0,0.0
05780,宇野木博,1,0,0,0,0.0,0.0,1.0,0.0,0.0,0.0,0.0,0.0,0.0,0.0
05781,井樋一也,2,0,0,0,0.0,0.0,2.0,0.0,0.0,0.0,0.0,0.0,0.0,0.0
05782,ン,1,0,0,0,0.0,0.0,1.0,0.0,0.0,0.0,0.0,0.0,0.0,0.0
05783,シュタイ,1,0,0,0,0.0,0.0,1.0,0.0,0.0,0.0,0.0,0.0,0.0,0.0
05784,リー,1,0,0,0,0.0,0.0,1.0,0.0,0.0,0.0,0.0,0.0,0.0,0.0
05785,工藤真司,1,0,0,0,0.0,0.0,0.0,0.0,0.0,0.0,1.0,0.0,0.0,0.0
05786,マン,1,0,0,0,0.0,0.0,1.0,0.0,0.0,0.0,0.0,0.0,0.0,0.0
05787,ユースタ,1,0,0,0,0.0,0.0,1.0,0.0,0.0,0.0,0.0,0.0,0.0,0.0
05788,水野貴史,1,0,0,0,0.0,0.0,1.0,0.0,0.0,0.0,0.0,0.0,0.0,0.0
