feature,fill_rate,lgb_gain,xgb_gain,lgb_gain_norm,xgb_gain_norm,avg_gain_norm,lgb_gain_pct,xgb_gain_pct,avg_gain_pct,category,rank
paci_jockey_exp_wr,0.9999715521165226,274174.17934036255,806.41455078125,0.9647505156397586,1.0,0.9823752578198792,0.993103448275862,1.0,0.996551724137931,core,1
paci_jockey_exp_3rd,0.9999981034744349,248101.09120225906,763.8375854492188,0.873005825143832,0.947202136555221,0.9101039808495265,0.9862068965517241,0.993103448275862,0.9896551724137931,core,2
paci_ninki_idx,0.9330735093309058,284191.79352140427,426.9883117675781,1.0,0.5294898403729374,0.7647449201864687,1.0,0.9862068965517241,0.993103448275862,core,3
jrdb_ze_idm_avg,0.9993191473221059,157760.0033788681,69.69901275634766,0.5551180821376751,0.08643074791845415,0.32077441502806464,0.9793103448275862,0.9655172413793104,0.9724137931034482,core,4
paci_sogo_mark,0.35752162039144286,14512.773632526398,364.8524475097656,0.0510668286817837,0.4524378276114916,0.25175232814663767,0.9172413793103448,0.9793103448275862,0.9482758620689655,improve_candidate,5
training_time_filled,1.0,89965.28129339218,55.88114929199219,0.3165653736113824,0.06929580975176457,0.19293059168157348,0.9724137931034482,0.9448275862068966,0.9586206896551723,core,6
age_group,1.0,3582.790808200836,189.4951629638672,0.01260694675172242,0.23498480127905097,0.12379587401538669,0.6,0.9724137931034482,0.7862068965517242,core,7
training_per_dist,1.0,48941.33179998398,37.507301330566406,0.17221233306407174,0.04651119116616824,0.10936176211512,0.9655172413793104,0.903448275862069,0.9344827586206896,core,8
jrdb_idm,1.0,32686.179754257202,50.52658462524414,0.11501450956498292,0.06265584441190236,0.08883517698844265,0.9517241379310345,0.9310344827586207,0.9413793103448276,core,9
jrdb_ze_ten_avg,0.9999260355029586,35753.02147960663,28.945240020751953,0.12580596025167717,0.03589374719579398,0.08084985372373557,0.9586206896551724,0.8689655172413793,0.9137931034482758,core,10
jrdb_class_code,1.0,27405.497071266174,47.76762390136719,0.09643310502279544,0.059234575882950245,0.07783384045287284,0.9448275862068966,0.9241379310344827,0.9344827586206896,core,11
paci_goal_rank,1.0,17053.142352581024,57.34785842895508,0.06000575224666593,0.07111461266838102,0.06556018245752349,0.9241379310344827,0.9517241379310345,0.9379310344827586,core,12
pop_rank_change,0.3578042027006524,14006.8640999794,54.140289306640625,0.04928665928885964,0.06713704415947085,0.058211851724165244,0.9103448275862069,0.9379310344827586,0.9241379310344828,improve_candidate,13
horse_career_wr,1.0,20327.819186210632,33.25552749633789,0.07152852281316707,0.04123874930594955,0.05638363605955831,0.9379310344827586,0.8827586206896552,0.9103448275862069,core,14
surface_dist_enc,0.8968688362919132,17674.735339164734,35.044612884521484,0.06219298284499387,0.04345731714608876,0.05282514999554132,0.9310344827586207,0.8896551724137931,0.9103448275862069,core,15
paci_idm_mark,0.35752162039144286,8271.876842975616,41.891910552978516,0.029106670324569418,0.0519483564779354,0.04052751340125241,0.8620689655172413,0.9103448275862069,0.8862068965517241,improve_candidate,16
age,1.0,1998.7105436325073,59.55735397338867,0.007032963615404228,0.07385451306116667,0.04044373833828545,0.4206896551724138,0.9586206896551724,0.6896551724137931,neutral,17
age_season,1.0,12966.34386253357,28.157041549682617,0.045625328240018276,0.03491633617275907,0.040270832206388676,0.896551724137931,0.8620689655172413,0.8793103448275862,core,18
jrdb_training_idx,0.9990327719617661,10655.381766796112,29.280916213989258,0.037493629336603586,0.036310004805372206,0.0369018170709879,0.8896551724137931,0.8758620689655172,0.8827586206896552,core,19
surface_enc,0.5049745865574268,3726.719253063202,45.518524169921875,0.013113395031171156,0.05644556404125369,0.034779479536212424,0.6206896551724138,0.9172413793103448,0.7689655172413793,neutral,20
jrdb_prev_idm,0.9985491579426491,10170.56678533554,24.6846923828125,0.035787686404707995,0.03061042531896046,0.03319905586183423,0.8758620689655172,0.8413793103448276,0.8586206896551725,core,21
jrdb_composite_idx,1.0,10597.057265281677,22.143693923950195,0.0372883999709286,0.027459442420151654,0.032373921195540126,0.8827586206896552,0.8344827586206897,0.8586206896551725,core,22
jrdb_ze_agari_avg,0.9999620694886967,13036.298838615417,14.561464309692383,0.045871482343256234,0.01805704559222712,0.03196426396774168,0.903448275862069,0.7241379310344828,0.8137931034482759,core,23
distance,1.0,7638.924573421478,26.355857849121094,0.02687946924423116,0.03268276573579641,0.029781117490013786,0.8413793103448276,0.8551724137931035,0.8482758620689655,core,24
jrdb_kta_idm,0.6049044151115157,3504.043043613434,35.23257827758789,0.01232985302001524,0.04369040494551439,0.028010128982764816,0.5862068965517241,0.896551724137931,0.7413793103448276,neutral,25
age_sex,1.0,6899.7044768333435,25.36591911315918,0.02427833820019748,0.0314551852872506,0.02786676174372404,0.8137931034482758,0.8482758620689655,0.8310344827586207,core,26
jrdb_agari_idx_pred,0.998755879229252,9156.95403432846,15.610007286071777,0.03222103608575451,0.019357298638707457,0.025789167362230983,0.8689655172413793,0.7655172413793103,0.8172413793103448,core,27
transport_distance_km,0.9983158852981339,7420.785140037537,18.9349422454834,0.02611189101587703,0.02348040747421947,0.02479614924504825,0.8344827586206897,0.8137931034482758,0.8241379310344827,core,28
horse_career_top3r,1.0,7655.241997718811,17.28227996826172,0.026936886188243317,0.021431012066335783,0.02418394912728955,0.8482758620689655,0.7862068965517242,0.8172413793103448,core,29
jrdb_pace_idx_pred,0.9980674404490972,8096.950719356537,12.464041709899902,0.02849114894919267,0.015456122037759371,0.021973635493476022,0.8551724137931035,0.6551724137931034,0.7551724137931035,core,30
avg_last3f_3r,1.0,7054.138783931732,13.797871589660645,0.024821753987067333,0.01711014710274429,0.020965950544905812,0.8206896551724138,0.696551724137931,0.7586206896551724,core,31
jrdb_position_idx_pred,0.9962903959945381,7098.701033592224,13.309586524963379,0.024978557422903124,0.016504645795477182,0.020741601609190155,0.8275862068965517,0.6758620689655173,0.7517241379310344,core,32
horse_career_races,0.8882548171749355,6110.163035392761,14.251301765441895,0.02150013890155687,0.017672426361398503,0.019586282631477686,0.7724137931034483,0.7103448275862069,0.7413793103448276,core,33
course_surface,0.9757851615839781,5933.614834308624,14.168440818786621,0.02087890984037766,0.017569674065355485,0.019224291952866575,0.7655172413793103,0.7034482758620689,0.7344827586206897,core,34
num_horses_val,1.0,4506.038944244385,18.061052322387695,0.015855626541534905,0.02239673416717276,0.01912618035435383,0.6689655172413793,0.8068965517241379,0.7379310344827585,core,35
horse_num_ratio,1.0,6254.653215408325,11.747993469238281,0.022008563786826054,0.014568181412223886,0.01828837259952497,0.7931034482758621,0.6,0.6965517241379311,neutral,36
prev2_last3f,0.9999962069488697,5732.058585643768,12.64843463897705,0.020169683700638073,0.01568477977824596,0.017927231739442016,0.7586206896551724,0.6620689655172414,0.7103448275862069,core,37
carry_diff,0.9519648004855106,6613.816104412079,9.559300422668457,0.023272368362438133,0.011854077302309909,0.01756322283237402,0.8068965517241379,0.25517241379310346,0.5310344827586206,neutral,38
trainer_top3_calc,1.0,6129.682786464691,10.306918144226074,0.02156882403433309,0.012781165883280241,0.017174994958806665,0.7862068965517242,0.45517241379310347,0.6206896551724138,neutral,39
weight_ma5,1.0,6370.3381814956665,9.510385513305664,0.022415630312758755,0.011793420027071752,0.017104525169915254,0.8,0.2482758620689655,0.5241379310344828,neutral,40
paci_goal_diff,0.9215729783037475,5401.364323616028,12.110408782958984,0.019006053118874516,0.0150175970550463,0.01701182508696041,0.7379310344827587,0.6275862068965518,0.6827586206896552,neutral,41
paci_dochu_rank,1.0,3987.2561645507812,16.061227798461914,0.014030159404481452,0.019916837788829436,0.016973498596655444,0.6413793103448275,0.7793103448275862,0.7103448275862069,core,42
frame_course_dist_wr,1.0,6129.350369930267,9.615594863891602,0.021567654343504564,0.011923885617609535,0.01674576998055705,0.7793103448275862,0.2689655172413793,0.5241379310344827,neutral,43
course_enc,0.9587847064178425,3233.0531182289124,17.809711456298828,0.0113763070994005,0.02208505716947304,0.01673068213443677,0.5724137931034483,0.8,0.6862068965517242,neutral,44
dist_cat,0.7626972386587771,1868.1657843589783,20.969532012939453,0.006573609185580776,0.02600341473578854,0.01628851196068466,0.4,0.8206896551724138,0.6103448275862069,neutral,45
jrdb_dam_rensho_avg,1.0,5695.388020992279,9.50874137878418,0.020040649134941763,0.011791381206566974,0.015916015170754368,0.7517241379310344,0.2413793103448276,0.496551724137931,neutral,46
weight_carry,1.0,3789.686414718628,14.855718612670898,0.013334960759284567,0.018421937697278352,0.01587844922828146,0.6275862068965518,0.7379310344827587,0.6827586206896552,neutral,47
jrdb_upset_idx,0.9999374146563496,5497.577984333038,9.709831237792969,0.019344604980365068,0.012040744091715778,0.015692674536040424,0.7448275862068966,0.30344827586206896,0.5241379310344828,neutral,48
oz_fukusho_base_log,1.0,3158.513719558716,15.490216255187988,0.011114021557138413,0.019208750933600034,0.015161386245369224,0.5517241379310345,0.7517241379310344,0.6517241379310345,neutral,49
rest_days,1.0,4928.387349128723,10.420096397399902,0.0173417651792874,0.012921513367169492,0.015131639273228446,0.696551724137931,0.4827586206896552,0.5896551724137931,neutral,50
weight_trend,0.7850705507510242,5242.707072257996,9.338432312011719,0.018447777845010626,0.011580188257968183,0.015013983051489405,0.7241379310344828,0.2,0.4620689655172414,neutral,51
sire_surface_wr,1.0,5264.598751068115,9.210707664489746,0.018524809199571786,0.011421802416097852,0.014973305807834819,0.7310344827586207,0.18620689655172415,0.45862068965517244,neutral,52
oz_base_pop_rank,1.0,2275.2664108276367,17.59341812133789,0.00800609469624348,0.021816841107707548,0.014911467901975513,0.4689655172413793,0.7931034482758621,0.6310344827586207,neutral,53
jrdb_stable_idx,0.9988544985586406,5131.75768661499,9.436372756958008,0.01805737464487512,0.011701639991262685,0.014879507318068901,0.7172413793103448,0.22758620689655173,0.4724137931034483,neutral,54
avg_finish_3r,1.0,4029.002303123474,12.26046085357666,0.014177053648173076,0.015203670173980359,0.014690361911076717,0.6482758620689655,0.6344827586206897,0.6413793103448275,neutral,55
sire_dist_wr,1.0,5087.915948867798,8.986021995544434,0.017903106510655083,0.011143179381918177,0.01452314294628663,0.7103448275862069,0.12413793103448276,0.41724137931034483,neutral,56
jrdb_ten_idx_pred,0.9992982855408891,4565.457676410675,10.414690017700195,0.016064706231803352,0.012914809148235855,0.014489757690019603,0.6758620689655173,0.47586206896551725,0.5758620689655173,neutral,57
jockey_course_wr_calc,1.0,5046.884804725647,9.0244722366333,0.017758728153934304,0.01119085987212215,0.014474794013028227,0.7034482758620689,0.1310344827586207,0.41724137931034483,neutral,58
jockey_wr_calc,1.0,4746.442481994629,9.753582954406738,0.016701546597041848,0.012094998713698209,0.01439827265537003,0.6896551724137931,0.32413793103448274,0.506896551724138,neutral,59
jockey_surface_wr,1.0,4637.081978321075,9.42849349975586,0.016316734276043857,0.01169186926329837,0.014004301769671114,0.6827586206896552,0.2206896551724138,0.4517241379310345,neutral,60
jrdb_prev_pace_idx,0.992558033682294,4419.403379917145,9.773118019104004,0.015550777610980846,0.01211922330721322,0.013835000459097033,0.6620689655172414,0.3310344827586207,0.496551724137931,neutral,61
is_long_transport,0.1127408587467759,61.87588977813721,21.24527359008789,0.00021772581470927288,0.026345350005782493,0.013281537910245883,0.09655172413793103,0.8275862068965517,0.46206896551724136,neutral,62
horse_num,1.0,3312.6547298431396,11.968646049499512,0.011656405305713526,0.014841803186592247,0.013249104246152887,0.5793103448275863,0.6137931034482759,0.596551724137931,neutral,63
sire_enc,0.968109922621757,3886.2897248268127,10.064474105834961,0.01367488369974382,0.012480521458950056,0.013077702579346939,0.6344827586206897,0.3931034482758621,0.5137931034482759,neutral,64
bms_surface_wr,1.0,4184.152373313904,8.828251838684082,0.014722988026741768,0.010947535396194575,0.012835261711468171,0.6551724137931034,0.1103448275862069,0.38275862068965516,neutral,65
odds_change_rate,0.5368874222424518,2081.259051799774,14.73050308227539,0.007323431215275474,0.018266663303637763,0.012795047259456618,0.4413793103448276,0.7310344827586207,0.5862068965517242,neutral,66
jrdb_running_style,0.4683356091640115,1686.1799402236938,15.523797988891602,0.005933246415494039,0.01925039419719328,0.012591820306343659,0.36551724137931035,0.7586206896551724,0.5620689655172414,improve_candidate,67
horse_surface_top3r,1.0,3551.9732155799866,10.066289901733398,0.01249850733396517,0.012482773149345126,0.012490640241655148,0.593103448275862,0.4,0.496551724137931,neutral,68
paci_manken_idx,0.9965729783037476,3693.076705932617,9.098703384399414,0.012995015303474864,0.011282910725736088,0.012138963014605476,0.6137931034482759,0.15172413793103448,0.38275862068965516,neutral,69
jrdb_kta_ten_pred,0.9992793202852375,3192.19739818573,10.450136184692383,0.011232546016306081,0.012958764415359753,0.012095655215832918,0.5655172413793104,0.4896551724137931,0.5275862068965518,neutral,70
jrdb_bms_rensho_avg,1.0,3629.6825861930847,9.068217277526855,0.012771947216412885,0.011245106215831071,0.012008526716121978,0.6068965517241379,0.13793103448275862,0.37241379310344824,neutral,71
prev_pass4,1.0,2641.169301509857,11.742576599121094,0.00929361565576289,0.014561464184574732,0.01192753992016881,0.503448275862069,0.593103448275862,0.5482758620689655,neutral,72
index_avg5_filled,1.0,2578.8642315864563,11.75623893737793,0.009074379663226361,0.01457840626262082,0.01182639296292359,0.4896551724137931,0.6068965517241379,0.5482758620689655,neutral,73
dist_change,0.5050257927476862,2619.733012199402,11.611238479614258,0.009218186703206451,0.014398597431513796,0.011808392067360124,0.496551724137931,0.5862068965517241,0.5413793103448276,neutral,74
prev_agari_relative,0.9856205431649219,2831.718928337097,11.0084810256958,0.009964112240010276,0.01365114383790675,0.011807628038958514,0.5310344827586206,0.5517241379310345,0.5413793103448276,neutral,75
oz_tansho_base_log,1.0,1958.1008195877075,13.394648551940918,0.006890068130838658,0.01661012755655792,0.01175009784369829,0.41379310344827586,0.6896551724137931,0.5517241379310345,neutral,76
best_finish_3r,1.0,1926.5255007743835,13.38351058959961,0.006778962463704233,0.0165963158485096,0.011687639156106917,0.4068965517241379,0.6827586206896552,0.5448275862068965,neutral,77
jrdb_kta_agari_pred,0.9987122591412533,2886.6747164726257,10.626882553100586,0.010157487943983197,0.013177939984844421,0.011667713964413809,0.5448275862068965,0.5172413793103449,0.5310344827586206,neutral,78
horse_dist_top3r,1.0,2817.5321412086487,10.370469093322754,0.009914192476484873,0.012859972681886631,0.011387082579185751,0.5172413793103449,0.46206896551724136,0.4896551724137931,neutral,79
jrdb_oikiri_idx,0.9996169018358367,2821.839490890503,10.158122062683105,0.0099293489650959,0.012596650262376803,0.011262999613736353,0.5241379310344828,0.43448275862068964,0.4793103448275862,neutral,80
jrdb_prev_track_bias,0.8257699893794568,3180.14825963974,8.755033493041992,0.011190148104682069,0.01085674047493335,0.01102344428980771,0.5586206896551724,0.10344827586206896,0.3310344827586207,neutral,81
prev_prize,0.34801433773327267,2669.729875087738,9.951736450195312,0.009394113186757674,0.012340720341112551,0.010867416763935113,0.5103448275862069,0.38620689655172413,0.4482758620689655,neutral,82
location_enc,0.516786147777272,522.2677931785583,15.851655960083008,0.0018377300298054633,0.0196569567658793,0.010747343397842382,0.2,0.7724137931034483,0.4862068965517241,neutral,83
prev3_finish,1.0,2119.994698524475,11.063024520874023,0.007459732289436447,0.013718780880325418,0.010589256584880934,0.45517241379310347,0.5586206896551724,0.506896551724138,neutral,84
jrdb_cid_idx,0.5365403580640267,2296.5347938537598,10.11984920501709,0.008080932828487158,0.01254918973772613,0.010315061283106644,0.47586206896551725,0.41379310344827586,0.44482758620689655,neutral,85
bms_enc,0.9599036565012896,2858.2935643196106,8.499007225036621,0.010057621752207051,0.010539253311839214,0.010298437532023133,0.5379310344827586,0.08275862068965517,0.31034482758620685,neutral,86
prev_finish,1.0,2106.728682041168,10.482658386230469,0.0074130524880286425,0.01299909379868571,0.010206073143357176,0.4482758620689655,0.496551724137931,0.4724137931034483,neutral,87
finish_trend,0.8123293126991352,2371.849395275116,9.708035469055176,0.008345946115775075,0.012038517236141242,0.010192231675958159,0.4827586206896552,0.296551724137931,0.3896551724137931,neutral,88
prev_last3f,0.9999943104233046,2047.649185180664,10.570793151855469,0.007205166482143485,0.01310838593080264,0.010156776206473062,0.42758620689655175,0.5103448275862069,0.46896551724137936,neutral,89
prev2_finish,1.0,2133.6649284362793,10.134686470031738,0.007507834417025767,0.012567588791910202,0.010037711604467984,0.46206896551724136,0.4206896551724138,0.4413793103448276,neutral,90
sex_enc,0.4525299651039296,1093.5448217391968,12.96965503692627,0.0038479113284347354,0.016083111377840763,0.00996551135313775,0.25517241379310346,0.6689655172413793,0.4620689655172414,neutral,91
sakaro_best_4f_filled,1.0,2057.8474645614624,10.151528358459473,0.007241051682255818,0.012588473693368662,0.00991476268781224,0.43448275862068964,0.42758620689655175,0.43103448275862066,neutral,92
jrdb_rise_code,0.9565524958276438,149.84640216827393,15.486695289611816,0.0005272720943540829,0.019204384735628084,0.009865828414991083,0.11724137931034483,0.7448275862068966,0.4310344827586207,neutral,93
jrdb_ze_furi_count,0.274044151115157,1164.7827143669128,12.367903709411621,0.004098579694839731,0.015336905438312917,0.009717742566576324,0.2689655172413793,0.6482758620689655,0.4586206896551724,neutral,94
training_intensity_enc,0.4638351539978759,1117.3305802345276,12.361961364746094,0.00393160747673164,0.015329536592277376,0.009630572034504507,0.2620689655172414,0.6413793103448275,0.4517241379310345,neutral,95
post_renovation_flag,0.14478834774692761,361.53711223602295,14.275408744812012,0.0012721588746678336,0.01770232038965824,0.009487239632163037,0.18620689655172415,0.7172413793103448,0.4517241379310345,neutral,96
index_run1_filled,1.0,1772.1268968582153,9.950101852416992,0.006235672307422717,0.01233869334671279,0.009287182827067753,0.38620689655172413,0.3793103448275862,0.38275862068965516,neutral,97
jrdb_shimai_time_idx,0.9975914125322409,1854.4276604652405,9.702603340148926,0.006525268156012295,0.012031781086724064,0.009278524621368179,0.3931034482758621,0.2896551724137931,0.3413793103448276,neutral,98
index_max_filled,1.0,1747.9293193817139,9.93214225769043,0.006150527070902441,0.01231642242574644,0.00923347474832444,0.3793103448275862,0.3586206896551724,0.36896551724137927,neutral,99
jrdb_tb_homestr_inner,0.9970584888484296,1245.9856042861938,11.246197700500488,0.004384312399901691,0.013945926061980446,0.009165119230941068,0.2827586206896552,0.5724137931034483,0.42758620689655175,neutral,100
season,0.7376763768775603,1383.4130239486694,10.56972599029541,0.0048678851940335,0.013107062589651337,0.008987473891842419,0.3103448275862069,0.503448275862069,0.40689655172413797,neutral,101
sakaro_best_3f_filled,0.9999867243210439,1613.445767402649,9.853835105895996,0.0056773130124924956,0.012219317094848617,0.008948315053670556,0.3448275862068966,0.35172413793103446,0.34827586206896555,neutral,102
time_1f_last_filled,0.9754475800333788,1630.412610054016,9.735444068908691,0.005737015097627088,0.012072505461957558,0.008904760279792322,0.3586206896551724,0.31724137931034485,0.33793103448275863,neutral,103
jrdb_training_arrow,1.0,678.4715456962585,11.993573188781738,0.0023873720535324276,0.014872714259883369,0.008630043156707899,0.22758620689655173,0.6206896551724138,0.4241379310344828,neutral,104
jrdb_hoof_code,0.4637915339098771,1622.5756368637085,9.261030197143555,0.005709438744723999,0.011484205224436389,0.008596821984580194,0.35172413793103446,0.19310344827586207,0.27241379310344827,neutral,105
jrdb_stable_rank,1.0,1365.2011556625366,9.839773178100586,0.004803802174392185,0.012201879503002356,0.00850284083869727,0.30344827586206896,0.3448275862068966,0.32413793103448274,neutral,106
jockey_horse_top3r,1.0,1703.3013529777527,8.843236923217773,0.0059934923942463044,0.010966117755006397,0.00847980507462635,0.3724137931034483,0.11724137931034483,0.24482758620689657,low_importance,107
jrdb_ranch_rank,0.4927325140342892,1333.7557501792908,9.777667045593262,0.004693153639845822,0.012124864359305907,0.008409008999575866,0.296551724137931,0.33793103448275863,0.3172413793103448,neutral,108
jrdb_ten_time_idx,0.9638579123046579,1509.2872004508972,9.147991180419922,0.005310805008650692,0.011344030401680374,0.008327417705165534,0.3310344827586207,0.1724137931034483,0.2517241379310345,low_importance,109
weight_peak_diff,0.5329464421180398,1495.4498529434204,9.151813507080078,0.005262114835947185,0.011348770304570833,0.00830544257025901,0.32413793103448274,0.1793103448275862,0.2517241379310345,low_importance,110
jockey_horse_wr,1.0,1455.1060390472412,9.098651885986328,0.005120155022835479,0.011282846864769,0.00820150094380224,0.31724137931034485,0.14482758620689656,0.2310344827586207,low_importance,111
jockey_horse_rides,0.47354346836595357,1198.8072872161865,9.65490436553955,0.00421830367570377,0.01197263163987546,0.008095467657789616,0.27586206896551724,0.27586206896551724,0.27586206896551724,neutral,112
dist_change_abs,0.5050257927476862,1516.783390045166,8.523385047912598,0.005337182229123472,0.010569483201481407,0.00795333271530244,0.33793103448275863,0.0896551724137931,0.21379310344827587,low_importance,113
wood_best_4f_filled,1.0,1256.7429828643799,9.1416654586792,0.004422164930563791,0.011336186146223184,0.007879175538393488,0.2896551724137931,0.16551724137931034,0.22758620689655173,low_importance,114
total_training_count,0.38302799271734184,832.6725401878357,10.24229907989502,0.0029299668715631715,0.012701034560912048,0.00781550071623761,0.23448275862068965,0.4482758620689655,0.3413793103448276,neutral,115
jrdb_dist_apt,0.3592303899256562,883.6445074081421,10.096556663513184,0.0031093245039167158,0.01252030565883477,0.007814815081375742,0.2413793103448276,0.4068965517241379,0.32413793103448274,neutral,116
bracket,1.0,548.9681701660156,10.868091583251953,0.0019316819932193763,0.013477052928575019,0.007704367460897197,0.21379310344827587,0.5448275862068965,0.3793103448275862,neutral,117
jrdb_ls_idx,0.16406273706569566,1052.8104491233826,9.128011703491211,0.0037045772366544032,0.011319254711671613,0.007511915974163008,0.2482758620689655,0.15862068965517243,0.20344827586206898,delete_candidate,118
wood_count_2w,0.18087164314974966,205.90878915786743,11.478338241577148,0.0007245416435374977,0.014233793562451219,0.0074791676029943585,0.13793103448275862,0.5793103448275863,0.35862068965517246,neutral,119
rest_category,0.9945076619632832,295.27868938446045,11.159168243408203,0.0010390120197549659,0.013838004575434883,0.007438508297594924,0.1793103448275862,0.5655172413793104,0.3724137931034483,neutral,120
jrdb_heavy_apt,1.0,620.0207772254944,10.211007118225098,0.0021816983859486313,0.01266223074513317,0.007421964565540901,0.2206896551724138,0.4413793103448276,0.3310344827586207,neutral,121
paci_jockey_mark,0.35745144894553177,534.207088470459,10.37778091430664,0.001879741430430237,0.012869039756602486,0.007374390593516362,0.20689655172413793,0.4689655172413793,0.33793103448275863,neutral,122
jrdb_prev_late_start,0.16523289333940222,413.88382959365845,10.69078540802002,0.0014563539096792612,0.013257183166725904,0.007356768538202583,0.19310344827586207,0.5241379310344828,0.35862068965517246,neutral,123
jockey_change_to_top,0.15255272341071158,175.53959941864014,10.73769760131836,0.0006176800436196239,0.013315356959910677,0.006966518501765151,0.12413793103448276,0.5310344827586206,0.3275862068965517,neutral,124
has_sakaro_training,0.2918259748141405,18.976319789886475,10.843814849853516,6.677293371054801e-05,0.013446948395645995,0.006756860664678272,0.08275862068965517,0.5379310344827586,0.31034482758620685,neutral,125
paci_train_mark,0.3574590350477924,269.45644998550415,9.949315071105957,0.0009481500033716128,0.01233771769304896,0.006642933848210286,0.16551724137931034,0.3724137931034483,0.2689655172413793,neutral,126
top3_count_3r,0.4072523137611895,210.27039909362793,9.691300392150879,0.0007398890604411177,0.012017764787058963,0.006378826923750041,0.15172413793103448,0.2827586206896552,0.21724137931034482,neutral,127
jrdb_stable_eval,1.0,273.00540018081665,9.469882011413574,0.0009606378734516657,0.011743193376457808,0.006351915624954737,0.1724137931034483,0.23448275862068965,0.20344827586206898,low_importance,128
stable_comment_score,0.07041420118343195,209.28357076644897,9.568878173828125,0.0007364166578254362,0.011865954259577594,0.006301185458701515,0.14482758620689656,0.2620689655172414,0.20344827586206898,delete_candidate,129
has_wood_training,0.18087164314974966,56.443368911743164,9.948372840881348,0.00019861012949162467,0.012336549273873367,0.006267579701682496,0.0896551724137931,0.36551724137931035,0.22758620689655173,delete_candidate,130
bracket_pos,0.6038063268092854,143.2641019821167,9.42049503326416,0.0005041106226430376,0.011681950709021354,0.006093030665832196,0.1103448275862069,0.21379310344827587,0.16206896551724137,low_importance,131
jrdb_prev_rise_code,1.0,0.0,9.720826148986816,0.0,0.012054378408188857,0.0060271892040944285,0.041379310344827586,0.3103448275862069,0.17586206896551726,low_importance,132
course_renovated,0.013192231831285086,91.82853031158447,9.408284187316895,0.00032312168192382475,0.01166680856415872,0.005994965123041273,0.10344827586206896,0.20689655172413793,0.15517241379310345,delete_candidate,133
jockey_change,0.5576069640418753,251.14806079864502,8.43022346496582,0.0008837273507678872,0.010453957529410482,0.005668842440089185,0.15862068965517243,0.07586206896551724,0.11724137931034484,low_importance,134
jrdb_prev_interference,0.018329919587316036,197.86163806915283,8.536083221435547,0.0006962257270608014,0.010585229660310365,0.005640727693685584,0.1310344827586207,0.09655172413793103,0.11379310344827587,delete_candidate,135
is_nar,0.0,0.0,0.0,0.0,0.0,0.0,0.041379310344827586,0.03793103448275862,0.0396551724137931,delete_candidate,136
prev_odds_log,1.0,0.0,0.0,0.0,0.0,0.0,0.041379310344827586,0.03793103448275862,0.0396551724137931,low_importance,137
pci,1.0,0.0,0.0,0.0,0.0,0.0,0.041379310344827586,0.03793103448275862,0.0396551724137931,low_importance,138
sire_shinba_top3r,1.0,0.0,0.0,0.0,0.0,0.0,0.041379310344827586,0.03793103448275862,0.0396551724137931,low_importance,139
prev_race_last3f,1.0,0.0,0.0,0.0,0.0,0.0,0.041379310344827586,0.03793103448275862,0.0396551724137931,low_importance,140
prev_race_pace_diff,0.0,0.0,0.0,0.0,0.0,0.0,0.041379310344827586,0.03793103448275862,0.0396551724137931,delete_candidate,141
prev_race_first3f,1.0,0.0,0.0,0.0,0.0,0.0,0.041379310344827586,0.03793103448275862,0.0396551724137931,low_importance,142
has_training,0.9701278258230921,0.0,0.0,0.0,0.0,0.0,0.041379310344827586,0.03793103448275862,0.0396551724137931,low_importance,143
odds_sharp_drop,0.25800713093612504,0.0,0.0,0.0,0.0,0.0,0.041379310344827586,0.03793103448275862,0.0396551724137931,neutral,144
gaisha_rank,0.0,0.0,0.0,0.0,0.0,0.0,0.041379310344827586,0.03793103448275862,0.0396551724137931,delete_candidate,145
