race_id,course,R,rank,horse_num,horse_name,V15_score,odds,in_finish
202604010501,新潟,1,1,4,ハイロード,0.4367249231429544,9.1,*
202604010501,新潟,1,2,8,ストロングボーイ,0.4242485108409957,2.6,*
202604010501,新潟,1,3,7,クリムゾンリーフ,0.4240798688969218,4.3,*
202604010501,新潟,1,4,14,ダノンクラウディア,0.4032560326667644,10.1,
202604010501,新潟,1,5,5,クレセントゼファー,0.3877657881777411,25.2,
202604010501,新潟,1,6,11,カリドーラ,0.2887466503504104,32.9,
202604010501,新潟,1,7,13,ショーンバローズ,0.2495144224888151,29.6,
202604010501,新潟,1,8,3,ウェイヴムーン,0.2183032601819519,6.0,
202604010501,新潟,1,9,15,オオアバレ,0.2100208233302162,12.1,
202604010501,新潟,1,10,12,ティブロン,0.1445416959062789,38.5,
202604010501,新潟,1,11,6,ユイアンゴロー,0.1316994874035033,108.5,
202604010501,新潟,1,12,10,カモンレイル,0.1212962375369251,83.5,
202604010501,新潟,1,13,9,タイガーゲイト,0.1186901208177702,83.1,
202604010501,新潟,1,14,1,ロジキセキ,0.0990484286719517,99.2,
202604010501,新潟,1,15,2,アルファシーナ,0.0926039452294034,144.0,
202604010502,新潟,2,1,14,シュヴァルツシルト,0.4821484799701783,2.0,*
202604010502,新潟,2,2,12,ナムラロダン,0.4027063209152521,4.3,*
202604010502,新潟,2,3,3,フィールマイプラン,0.4007608754823197,8.1,*
202604010502,新潟,2,4,15,アンジュレーヌ,0.3556340555509353,26.2,
202604010502,新潟,2,5,4,フローライト,0.2623121076298727,20.9,
202604010502,新潟,2,6,7,カフェプラウド,0.2392763384538572,79.6,
202604010502,新潟,2,7,13,ピョイットハレルヤ,0.2245526542467197,8.4,
202604010502,新潟,2,8,6,ロードベルファスト,0.1792255951574978,30.9,
202604010502,新潟,2,9,11,キタノソブリン,0.1742374550117398,95.8,
202604010502,新潟,2,10,9,ヴェロシスタ,0.1694740842974197,39.7,
202604010502,新潟,2,11,8,フェアリーキャット,0.1658716765746447,18.5,
202604010502,新潟,2,12,5,ヨウリンケイジュ,0.1640680988704633,29.4,
202604010502,新潟,2,13,1,アシャカバッハ,0.1118770299385625,84.5,
202604010502,新潟,2,14,2,メイショウボンテン,0.0977928687566858,91.7,
202604010502,新潟,2,15,10,ポッポヘジュセヨ,0.0843743279279738,110.4,
202604010503,新潟,3,1,9,バンオンタイム,0.5988806835766082,4.9,*
202604010503,新潟,3,2,8,リアライズガイザー,0.4717601026078853,3.3,
202604010503,新潟,3,3,14,ミラキュラスアース,0.3698647563561648,5.2,*
202604010503,新潟,3,4,11,ドラリズム,0.3445894754019128,6.6,*
202604010503,新潟,3,5,12,イルミナジーティー,0.3414594524787781,17.6,
202604010503,新潟,3,6,1,ランウェイミューズ,0.2828090991146843,9.5,
202604010503,新潟,3,7,16,イーサンミラー,0.2742651592013612,21.2,
202604010503,新潟,3,8,7,ココネ,0.2214047930226126,27.8,
202604010503,新潟,3,9,15,ネッカーズルム,0.219521670754732,21.5,
202604010503,新潟,3,10,4,ミセスジョーンズ,0.198518154183538,90.3,
202604010503,新潟,3,11,5,オレンジフィールド,0.1964810037941553,72.9,
202604010503,新潟,3,12,3,ショウナンバーボン,0.1837322595037375,18.8,
202604010503,新潟,3,13,6,トリトマフロックス,0.1354771176603441,130.5,
202604010503,新潟,3,14,13,イーリスアスター,0.1292761059091392,60.0,
202604010503,新潟,3,15,10,ポセイドンテソーロ,0.1264027994425174,105.7,
202604010503,新潟,3,16,2,ピコパープル,0.1109789181833039,134.6,
202604010504,新潟,4,1,8,テリコス,0.5181307229197973,13.9,*
202604010504,新潟,4,2,10,ワンダーブリッツ,0.409159920922965,2.2,*
202604010504,新潟,4,3,11,ボールドタワー,0.3267727010745551,6.0,*
202604010504,新潟,4,4,7,メイショウタイザン,0.3146720242473054,5.8,
202604010504,新潟,4,5,4,ゼランテ,0.2092550697265572,4.9,
202604010504,新潟,4,6,6,スナークシャラク,0.1737399455147889,18.9,
202604010504,新潟,4,7,2,コーディアリティ,0.1494975675756673,40.2,
202604010504,新潟,4,8,3,タマモブレイキン,0.1441329616168294,27.5,
202604010504,新潟,4,9,1,リュウゴピュア,0.1307113494305677,42.5,
202604010504,新潟,4,10,5,アンデルストープ,0.122795364474261,25.0,
202604010504,新潟,4,11,9,ウインプライム,0.1158173761034437,59.7,
202604010505,新潟,5,1,1,アナザーフェイス,0.3215765361150665,4.0,*
202604010505,新潟,5,2,8,シェーネエルデ,0.2984148138087512,15.9,
202604010505,新潟,5,3,11,コーディアリー,0.2876243985983248,13.8,*
202604010505,新潟,5,4,13,オーキーベルセルク,0.2853487568435122,31.4,
202604010505,新潟,5,5,9,トリニタリオ,0.2799500796795653,12.1,*
202604010505,新潟,5,6,14,レッドリファインド,0.2531150518355036,14.0,
202604010505,新潟,5,7,2,ヴェニゼロス,0.2434662646014735,4.3,
202604010505,新潟,5,8,3,スマートエラン,0.2225042964629424,14.6,
202604010505,新潟,5,9,6,エングルマン,0.2132304925692312,14.1,
202604010505,新潟,5,10,5,アート,0.208659675528481,10.4,
202604010505,新潟,5,11,4,エコロゼット,0.2025069598760949,30.4,
202604010505,新潟,5,12,15,クールチェンジ,0.1928197930580746,14.4,
202604010505,新潟,5,13,12,リメンバーシドニー,0.1775529911234938,37.8,
202604010505,新潟,5,14,16,ウインファイネスト,0.1636339233899774,20.7,
202604010505,新潟,5,15,10,スイートハイデン,0.1335872432548913,29.7,
202604010505,新潟,5,16,7,ヴァイツェン,0.1000089563936895,112.0,
202604010507,新潟,7,1,1,フルドド,0.4861651455084135,3.5,
202604010507,新潟,7,2,3,ペイシャマリーン,0.4777757978165764,6.1,
202604010507,新潟,7,3,2,マダムイグレイン,0.3310841422847315,4.9,
202604010507,新潟,7,4,4,クインズシャウラ,0.3281292682697033,9.6,
202604010507,新潟,7,5,13,アルバニー,0.2721802046934643,10.9,*
202604010507,新潟,7,6,11,アルヘンティニータ,0.2408751473991088,13.9,
202604010507,新潟,7,7,12,オースミライト,0.2137356598180197,16.3,*
202604010507,新潟,7,8,9,シャンハイナイト,0.1949150067795178,8.6,*
202604010507,新潟,7,9,6,パーティーガール,0.1660845005045623,64.1,
202604010507,新潟,7,10,5,ガールネクストドア,0.1630611995826,16.7,
202604010507,新潟,7,11,10,オッシレイション,0.1545749906658749,18.8,
202604010507,新潟,7,12,7,トルティーナ,0.1490212590638194,64.5,
202604010507,新潟,7,13,8,ヴィヴァラリス,0.1186236073374957,46.3,
202604010508,新潟,8,1,5,ダノンヴェステル,0.6991397426393329,3.0,*
202604010508,新潟,8,2,9,ファルコンミノル,0.670475226339682,1.9,*
202604010508,新潟,8,3,6,ソナタン,0.6703652504277712,7.5,
202604010508,新潟,8,4,7,ザラタン,0.3032542818989776,8.7,*
202604010508,新潟,8,5,1,ボーヌロマネ,0.3003975473284339,42.9,
202604010508,新潟,8,6,8,イーサンハンター,0.1756137745217488,16.8,
202604010508,新潟,8,7,2,オウケンベリー,0.1547004559933055,37.3,
202604010508,新潟,8,8,3,キングプロフィット,0.1322358625096609,33.7,
202604010508,新潟,8,9,4,ファーマシャイン,0.1291850940501617,64.2,
202604010509,新潟,9,1,12,ルールーリマ,0.5269599381856043,2.4,*
202604010509,新潟,9,2,14,キアラメンテ,0.39697175643471,7.3,*
202604010509,新潟,9,3,8,クイーンズワーフ,0.3950938331611225,30.7,
202604010509,新潟,9,4,6,シェーンシュティア,0.3715035707433852,4.0,*
202604010509,新潟,9,5,5,ジョワイユノエル,0.358396562688455,11.0,
202604010509,新潟,9,6,3,ソニックドライブ,0.2934848074458691,22.0,
202604010509,新潟,9,7,10,ティティナ,0.2530107953843896,16.5,
202604010509,新潟,9,8,16,ミッドタウンナイト,0.2095354190337778,38.9,
202604010509,新潟,9,9,1,リアルセンター,0.2089357728462054,36.4,
202604010509,新潟,9,10,13,ブルバンビーナ,0.1983582536645051,34.5,
202604010509,新潟,9,11,7,スピアッジャローザ,0.190549164246767,19.6,
202604010509,新潟,9,12,2,ビジュードネージュ,0.1854721421509844,66.5,
202604010509,新潟,9,13,4,ユーディキウム,0.1629722712694953,41.5,
202604010509,新潟,9,14,15,ウインイルネージュ,0.1568254175454822,39.6,
202604010509,新潟,9,15,9,アレクレア,0.1502467566345262,106.8,
202604010509,新潟,9,16,11,グランツローゼ,0.149062028463305,61.0,
202604010510,新潟,10,1,5,ソニックステップ,0.6274295481005044,7.3,
202604010510,新潟,10,2,8,ディアウス,0.6111000452882465,8.1,*
202604010510,新潟,10,3,4,スマートスピア,0.5657208152777256,1.9,
202604010510,新潟,10,4,1,アークドール,0.4789864450766853,5.2,*
202604010510,新潟,10,5,9,カレンワッツアップ,0.3967694596801136,15.1,
202604010510,新潟,10,6,6,マーゴットゲイン,0.360229536038139,17.6,
202604010510,新潟,10,7,2,ブレトワルダ,0.3109762761117776,22.0,*
202604010510,新潟,10,8,7,プラニスフェリオ,0.2547392624631804,33.8,
202604010510,新潟,10,9,3,テルアスワッド,0.1998811354665929,9.9,
202604010511,新潟,11,1,14,シンハナーダ,0.7367666324262927,8.8,
202604010511,新潟,11,2,4,アンゴラブラック,0.6796134941658656,8.2,
202604010511,新潟,11,3,6,ドゥラドーレス,0.6275966856165581,3.1,
202604010511,新潟,11,4,3,グランディア,0.5856737817060079,12.6,*
202604010511,新潟,11,5,15,シュガークン,0.5794772783765653,5.6,
202604010511,新潟,11,6,12,セキトバイースト,0.5214025475275246,9.6,
202604010511,新潟,11,7,8,ヤマニンブークリエ,0.4950573516697452,13.0,
202604010511,新潟,11,8,7,トーセンリョウ,0.4917810459952976,15.7,
202604010511,新潟,11,9,9,フクノブルーレイク,0.4553001009985254,18.1,*
202604010511,新潟,11,10,10,サフィラ,0.4287850771444282,27.3,
202604010511,新潟,11,11,1,ホールネス,0.2624657299701562,23.0,
202604010511,新潟,11,12,11,バレエマスター,0.2593554721359511,35.5,*
202604010511,新潟,11,13,2,ラインベック,0.20941000429863,102.4,
202604010511,新潟,11,14,5,グランドカリナン,0.1753964282796402,100.2,
202604010511,新潟,11,15,13,シュトルーヴェ,0.174800909863013,52.5,
202604010512,新潟,12,1,11,ワンコールアウェイ,0.6238262088176743,5.0,*
202604010512,新潟,12,2,1,ラトラース,0.4400263659829806,12.2,
202604010512,新潟,12,3,5,ピアストイヤーズ,0.3873954798357583,14.1,
202604010512,新潟,12,4,16,エイヘンハールト,0.3835898730083834,3.8,
202604010512,新潟,12,5,3,ラヴスコール,0.367772006702377,14.5,
202604010512,新潟,12,6,10,サンタアニタ,0.3064027652737351,9.6,*
202604010512,新潟,12,7,6,オーケーダイナ,0.2547444589174965,17.3,
202604010512,新潟,12,8,7,アテンスマイル,0.2513336440705914,15.5,
202604010512,新潟,12,9,8,カシオペア,0.2171798417591686,13.9,
202604010512,新潟,12,10,9,シャインズオンユー,0.2123172945693154,41.7,
202604010512,新潟,12,11,13,シュードタキライト,0.1845570283472982,5.9,*
202604010512,新潟,12,12,2,ホリーアン,0.1635996300880534,52.0,
202604010512,新潟,12,13,4,ピリカサンライズ,0.1569468935706429,42.1,
202604010512,新潟,12,14,12,アクイローネ,0.1472640043391563,57.4,
202604010512,新潟,12,15,14,バム,0.138371627474025,94.4,
202604010512,新潟,12,16,15,フォレストゲート,0.129682455048394,59.4,
202605020701,東京,1,1,1,オーシャンステラ,0.3734278041697038,2.6,*
202605020701,東京,1,2,13,アクロスメモリア,0.2839212695201364,11.3,
202605020701,東京,1,3,7,ホテルストリート,0.2655647320851043,6.6,
202605020701,東京,1,4,3,メリティス,0.2570351332001001,12.6,*
202605020701,東京,1,5,6,ホウオウデンファレ,0.2556481318362947,30.0,
202605020701,東京,1,6,4,フェスティヴハート,0.253360358740921,36.7,
202605020701,東京,1,7,15,フォワードシャッセ,0.2281610620165794,5.9,
202605020701,東京,1,8,10,カーボフリオ,0.2248558119147349,6.5,*
202605020701,東京,1,9,14,ムルーデ,0.1699811699374486,21.6,
202605020701,東京,1,10,11,カーマインジュエル,0.1475815353347617,23.4,
202605020701,東京,1,11,2,ガーデンバイザベイ,0.1425614497138682,58.9,
202605020701,東京,1,12,5,トリエンナーレ,0.1411741834411577,30.3,
202605020701,東京,1,13,9,ハクサンミレイ,0.1263553582371742,85.3,
202605020701,東京,1,14,16,グラデュエール,0.1026373068222679,90.1,
202605020701,東京,1,15,8,ニューハイ,0.0897008646014455,195.4,
202605020701,東京,1,16,12,オルナータス,0.0673391883139348,187.6,
202605020702,東京,2,1,5,アオイミズホ,0.3843151833521591,3.9,*
202605020702,東京,2,2,3,オーパパ,0.3832363261759762,25.7,
202605020702,東京,2,3,15,トロフィーポーズ,0.3316557141518224,8.6,
202605020702,東京,2,4,2,ギリーカラム,0.2839545550546906,7.6,
202605020702,東京,2,5,4,サングラント,0.2558335110474806,8.9,
202605020702,東京,2,6,10,ウェスケンジントン,0.2174739555334546,8.5,
202605020702,東京,2,7,14,エターナルホープ,0.1965756447790863,3.7,*
202605020702,東京,2,8,9,アミナス,0.1961698195338799,19.0,
202605020702,東京,2,9,11,ドゥーニ,0.1926638062681421,30.6,
202605020702,東京,2,10,6,マーゴットライズ,0.1731640471879474,19.7,
202605020702,東京,2,11,7,マジックオーラ,0.1327249156399689,71.7,
202605020702,東京,2,12,16,サンタピア,0.1298437927328718,51.2,
202605020702,東京,2,13,8,クイーンオブハート,0.1012991286768713,137.7,
202605020702,東京,2,14,13,ターフクリスタル,0.0941323569993163,50.3,*
202605020702,東京,2,15,1,ヴレクール,0.0918598444598067,106.4,
202605020702,東京,2,16,12,マウンテンドーター,0.0650082140778569,123.5,
202605020703,東京,3,1,12,ヴィスクレス,0.5486842281010571,17.6,*
202605020703,東京,3,2,16,レイズレガシー,0.4448479318832972,11.4,*
202605020703,東京,3,3,11,ゲンテン,0.3273148749812041,5.1,
202605020703,東京,3,4,10,アヴァランチ,0.2474885987772501,2.5,*
202605020703,東京,3,5,8,ココラッシー,0.2466319172379774,4.2,
202605020703,東京,3,6,14,ドヒョウノビガク,0.203347055814576,84.0,
202605020703,東京,3,7,13,リアルパラダイス,0.1960747325510093,57.3,
202605020703,東京,3,8,6,カフェタンガロア,0.181983185763189,27.5,
202605020703,東京,3,9,1,メイショウバリスタ,0.1552884182520066,22.0,
202605020703,東京,3,10,4,ダイコクヤタエモン,0.1506531100528429,29.5,
202605020703,東京,3,11,9,カプリースカラー,0.1489333703641183,23.7,
202605020703,東京,3,12,3,アサクサダイアナ,0.1215996442462422,55.2,
202605020703,東京,3,13,7,ニシノランペイジ,0.1187082528094985,29.5,
202605020703,東京,3,14,5,ガヤーズベース,0.0986002815505181,48.6,
202605020703,東京,3,15,2,セイウンサクラサケ,0.0859520792474917,53.1,
202605020703,東京,3,16,15,タケノリダー,0.076891821630407,97.5,
202605020704,東京,4,1,13,シェリーシュシュ,0.4464691982984925,4.2,
202605020704,東京,4,2,12,ブライトエアリー,0.4286242695498731,7.0,*
202605020704,東京,4,3,7,ボーントゥラブユー,0.3153184241214709,14.9,
202605020704,東京,4,4,8,カンティーナ,0.2957869340182156,4.4,*
202605020704,東京,4,5,4,ヒシナスキロ,0.2492047426719335,3.8,*
202605020704,東京,4,6,10,アールグレイ,0.2437190006279118,6.9,
202605020704,東京,4,7,1,アニゴザントス,0.1953520724366917,30.0,
202605020704,東京,4,8,5,ダイユウヴェンティ,0.1881607981765199,27.9,
202605020704,東京,4,9,6,コンフィグシス,0.1873592581302217,26.3,
202605020704,東京,4,10,3,ファンシーシェイプ,0.1740252737957765,37.3,
202605020704,東京,4,11,11,クインズロベリア,0.1561375301512598,41.7,
202605020704,東京,4,12,2,コスモペンタス,0.1188993476567161,65.0,
202605020704,東京,4,13,9,ソアサージュ,0.1028771514579077,130.6,
202605020705,東京,5,1,2,ハニージョー,0.5194015439816512,6.2,*
202605020705,東京,5,2,11,ベラジオカイザー,0.3660472501371755,10.6,
202605020705,東京,5,3,12,レヴェランジェ,0.3618640700480086,4.2,*
202605020705,東京,5,4,9,ムーンシェイド,0.2385400391637132,39.9,
202605020705,東京,5,5,1,ガヴァルニー,0.2338749412647304,11.3,
202605020705,東京,5,6,4,ガミーヌ,0.2204574495698681,22.2,
202605020705,東京,5,7,10,エラルディーク,0.1957429356927106,3.0,*
202605020705,東京,5,8,7,レーヌシェーヌ,0.1719124818942906,47.8,
202605020705,東京,5,9,13,アルデバローズ,0.1672832121551897,13.1,
202605020705,東京,5,10,15,カガラプンツェル,0.160973891454084,83.8,
202605020705,東京,5,11,17,エイシンイクサボシ,0.1601096766556354,23.4,
202605020705,東京,5,12,5,ノーブルクロンヌ,0.1482434068118492,26.5,
202605020705,東京,5,13,14,ヤジロベエバランス,0.1465559383308721,117.3,
202605020705,東京,5,14,8,マイエラ,0.1405126235580349,40.3,
202605020705,東京,5,15,18,スチョウプリンセス,0.1288777576982796,59.2,
202605020705,東京,5,16,16,ハタノグランクリュ,0.1161794693537128,58.1,
202605020705,東京,5,17,3,クイーンミスチーフ,0.1132850337812082,115.1,
202605020705,東京,5,18,6,トウシンライオット,0.1098323158149059,94.1,
202605020706,東京,6,1,4,イブキ,0.6015388892633929,2.7,*
202605020706,東京,6,2,3,マジョレルブルー,0.4880027984005524,3.4,*
202605020706,東京,6,3,8,ブラウンバナナ,0.388631611347453,5.5,*
202605020706,東京,6,4,7,ガローファノ,0.3272686860977561,3.5,
202605020706,東京,6,5,1,パッセージピーク,0.2581934605490589,26.5,
202605020706,東京,6,6,5,ソラーロ,0.1869755039183145,29.8,
202605020706,東京,6,7,2,ダノンシーホーク,0.1773291661757185,21.2,
202605020706,東京,6,8,6,スチールナイト,0.1145392160398075,114.1,
202605020707,東京,7,1,8,タイキブリッツェン,0.4644205398360904,6.0,
202605020707,東京,7,2,3,ウィッキドピケット,0.4339770006486703,15.8,
202605020707,東京,7,3,6,リアライズブライト,0.3615237005362028,4.1,
202605020707,東京,7,4,9,ショーリバース,0.3247219282811165,6.4,*
202605020707,東京,7,5,4,エアサロメ,0.3017501478445607,5.6,*
202605020707,東京,7,6,2,ルクスポップスター,0.2658900153562655,10.6,
202605020707,東京,7,7,12,ユイノカタリベ,0.2627530422055422,24.1,
202605020707,東京,7,8,5,マーガレットクレア,0.2424251685928578,26.9,
202605020707,東京,7,9,1,アンバサダネージュ,0.231852952424681,21.7,
202605020707,東京,7,10,11,アジアントレジャー,0.230788137336267,24.2,
202605020707,東京,7,11,13,ムテキシャチョウ,0.2081613720199871,12.2,*
202605020707,東京,7,12,10,エスカレイト,0.1779277770156397,29.9,
202605020707,東京,7,13,15,アンプイットアップ,0.1625216791505469,24.8,
202605020707,東京,7,14,14,ラエトゥス,0.1575609243037188,92.1,
202605020707,東京,7,15,16,ドナソール,0.1552569692605064,89.9,
202605020707,東京,7,16,7,トップマジシャン,0.1504216492462634,82.2,
202605020708,東京,8,1,15,ハクシンブライアン,0.5621184860283186,3.3,*
202605020708,東京,8,2,2,ドリーミングアップ,0.4795160950022488,7.9,
202605020708,東京,8,3,11,ファンタイムギフト,0.4574920206186987,6.7,
202605020708,東京,8,4,13,タキノボリ,0.4465954895511726,18.1,
202605020708,東京,8,5,12,ビービーバザーク,0.4223864362497084,7.6,
202605020708,東京,8,6,3,ウィズマスタング,0.3688282017274727,15.7,
202605020708,東京,8,7,1,ノアヴィヴァーチェ,0.3174034691612772,6.2,*
202605020708,東京,8,8,14,コッレヴェッキオ,0.283836488667014,28.8,*
202605020708,東京,8,9,6,ヴェーヌドール,0.2400333684280036,25.5,
202605020708,東京,8,10,5,スマートブル,0.2164132962517137,39.0,
202605020708,東京,8,11,4,カンレイスキー,0.2160028625374442,20.2,
202605020708,東京,8,12,7,カルフ,0.1521920038217279,19.8,
202605020708,東京,8,13,8,リーゼントジェイド,0.1508171158241418,37.6,
202605020708,東京,8,14,10,ウインドワンピース,0.1435795014654491,60.5,
202605020708,東京,8,15,16,ロストボール,0.1065491646357264,61.2,
202605020708,東京,8,16,9,ヴォラーレ,0.0939059384722276,99.2,
202605020709,東京,9,1,3,シャンソンドール,0.6496586459096076,1.5,*
202605020709,東京,9,2,6,ウィルサヴァイブ,0.6274011305323887,8.9,
202605020709,東京,9,3,1,ルクスジニア,0.5306668015530847,8.1,
202605020709,東京,9,4,5,ミーントゥビー,0.4652028910122888,9.5,*
202605020709,東京,9,5,9,ルージュスエルテ,0.436922139601489,9.6,
202605020709,東京,9,6,8,ラビットアイ,0.34654553075542,17.8,
202605020709,東京,9,7,2,マドモアゼルアスク,0.2442325424231698,18.0,
202605020709,東京,9,8,7,ヴォンフレ,0.2250685698369534,25.3,*
202605020709,東京,9,9,4,レッセパッセ,0.1894241279778424,42.5,
202605020710,東京,10,1,9,アンクエンチャブル,0.7146785939436101,7.5,
202605020710,東京,10,2,12,レーティッシュ,0.6919322948277191,4.9,*
202605020710,東京,10,3,6,ベラジオワールド,0.6177195927133807,6.7,*
202605020710,東京,10,4,8,メリディアンスター,0.6029767163630461,2.8,*
202605020710,東京,10,5,2,ドントゥザムーン,0.4408103592952093,10.6,
202605020710,東京,10,6,11,ポッドベル,0.3326541746354011,8.2,
202605020710,東京,10,7,1,プライベートアイズ,0.3105841281330461,16.4,
202605020710,東京,10,8,7,ホウオウゴールド,0.3038744721421212,16.8,
202605020710,東京,10,9,5,モリノアミーゴ,0.2126100189907009,37.7,
202605020710,東京,10,10,3,マーゴットレーヴ,0.1872853303381143,34.1,
202605020710,東京,10,11,4,トーレ,0.1832200067734499,77.2,
202605020710,東京,10,12,10,エンファサイズ,0.1506523297637542,65.1,
202605020711,東京,11,1,6,トリプルコーク,0.7094759689743967,2.4,
202605020711,東京,11,2,7,キングスコール,0.6873354187547717,10.5,*
202605020711,東京,11,3,2,バレンタインガール,0.6428227256670241,5.5,
202605020711,東京,11,4,4,ハーツコンチェルト,0.6196477175667146,6.4,*
202605020711,東京,11,5,8,スピードリッチ,0.5713437315851779,31.9,*
202605020711,東京,11,6,15,ホウオウアートマン,0.5088014698776616,32.5,
202605020711,東京,11,7,9,ベンサレム,0.4079843932794447,17.9,
202605020711,東京,11,8,14,レッドテリオス,0.349521923332843,23.8,
202605020711,東京,11,9,10,ロジシルバー,0.3083640693075761,10.7,
202605020711,東京,11,10,11,ハギノアルデバラン,0.2465599166848538,19.5,
202605020711,東京,11,11,12,ディヴァインスター,0.2386640835949491,37.5,
202605020711,東京,11,12,5,ウインルーティン,0.2341120516054367,34.4,
202605020711,東京,11,13,3,マイネルブリックス,0.2266053353062767,92.3,
202605020711,東京,11,14,1,リンフレスカンテ,0.2108017477818429,45.1,
202605020711,東京,11,15,13,エイカイマッケンロ,0.1692986014933458,75.0,
202605020712,東京,12,1,10,コルヴィル,0.500396691769023,9.4,
202605020712,東京,12,2,9,ケープウィッカム,0.4433903026167604,3.9,*
202605020712,東京,12,3,1,ベルフィーヌ,0.3408590263416509,13.7,
202605020712,東京,12,4,5,ノンスタンダルド,0.2756711399447054,10.3,
202605020712,東京,12,5,4,チギリ,0.269131946740968,4.5,*
202605020712,東京,12,6,11,プルーヴンウィナー,0.2478164133664954,12.0,*
202605020712,東京,12,7,12,ルージュミレネール,0.2372930392468048,13.1,
202605020712,東京,12,8,3,ザローズハーツ,0.2215182455267585,10.3,
202605020712,東京,12,9,6,リリーズブルーム,0.2207529246549109,13.1,
202605020712,東京,12,10,14,ミセスリリー,0.2011907409241759,38.3,
202605020712,東京,12,11,7,ゴールドシャーク,0.1632637868589145,43.0,
202605020712,東京,12,12,13,キカオクベシ,0.1608284932896796,24.8,
202605020712,東京,12,13,8,ノーブルノワール,0.1581703755011266,35.8,
202605020712,東京,12,14,2,カルネヴァーレ,0.1358997645044363,17.7,
202608030701,京都,1,1,14,タガノシルフィー,0.6849734456788228,10.3,
202608030701,京都,1,2,12,シャドウルーラー,0.4165193268270811,12.5,
202608030701,京都,1,3,8,プリンセスアツコ,0.3950942819271471,1.7,*
202608030701,京都,1,4,4,エイユーサクラ,0.3855861886790986,18.0,*
202608030701,京都,1,5,7,シャンパンスター,0.3845020038002132,19.0,
202608030701,京都,1,6,13,セラサイト,0.3010941381444049,30.6,
202608030701,京都,1,7,2,アステルディーヴァ,0.2772617396224916,44.9,
202608030701,京都,1,8,3,マダムカマラード,0.2386914749500708,16.6,
202608030701,京都,1,9,5,ルージュバロン,0.2340753606604525,5.1,*
202608030701,京都,1,10,6,ガーリッシュ,0.2048760856562518,23.8,
202608030701,京都,1,11,15,カツラコマチ,0.2008907199070451,92.5,
202608030701,京都,1,12,16,クールブレーブ,0.197132513306883,159.7,
202608030701,京都,1,13,11,ヒマラヤミュサ,0.1860848317379436,123.6,
202608030701,京都,1,14,9,キョウエイクローム,0.1227032508084162,74.6,
202608030701,京都,1,15,10,バーニングラン,0.0889004870155506,258.1,
202608030701,京都,1,16,1,メイショウルビー,0.08218843662458,112.9,
202608030702,京都,2,1,9,レッドフロイデ,0.5080160631146973,1.3,*
202608030702,京都,2,2,6,ダイメイクマモト,0.3461767089461143,10.1,*
202608030702,京都,2,3,11,サンロンブル,0.2890712325300416,10.4,
202608030702,京都,2,4,2,ハギノギフテッド,0.2261279742110318,18.3,
202608030702,京都,2,5,8,リリーサンダー,0.2082374796305634,14.2,
202608030702,京都,2,6,1,ゴールドコット,0.204001833935777,17.9,*
202608030702,京都,2,7,10,ビナハイバン,0.1434189569351469,20.7,
202608030702,京都,2,8,3,サンライズナスカ,0.1330042025346498,23.9,
202608030702,京都,2,9,7,フロムザムーン,0.1230762877742488,33.7,
202608030702,京都,2,10,5,チアフルラン,0.1140959977447718,82.0,
202608030702,京都,2,11,4,ホワイトラバーズ,0.100829838084798,74.2,
202608030703,京都,3,1,4,アクアアイ,0.6543661723536852,2.6,
202608030703,京都,3,2,18,タナブイハチターボ,0.3127713152426337,4.9,*
202608030703,京都,3,3,16,ルナフィオーレ,0.2787391865754159,11.7,
202608030703,京都,3,4,11,タワワ,0.2628397190974748,27.7,
202608030703,京都,3,5,17,ルナカカオ,0.2433693817792993,19.3,
202608030703,京都,3,6,2,ジョービスコッティ,0.225795523172879,15.5,*
202608030703,京都,3,7,1,アラビアンジョイ,0.2027155924367538,8.1,
202608030703,京都,3,8,15,マイシドニー,0.1947892274652552,13.6,
202608030703,京都,3,9,13,キシャール,0.190573656592014,14.7,*
202608030703,京都,3,10,8,ロジャートアリー,0.1833298116724749,33.3,
202608030703,京都,3,11,3,スカイピア,0.1456329360987097,43.3,
202608030703,京都,3,12,12,オリヒメボシ,0.1361813050885921,26.3,
202608030703,京都,3,13,5,ヴェネラブル,0.1259137115159892,61.9,
202608030703,京都,3,14,10,メイショウユウゲン,0.1173692994544597,45.0,
202608030703,京都,3,15,6,ジェム,0.1169729887393414,80.3,
202608030703,京都,3,16,7,パープルウインド,0.1135675154521609,100.1,
202608030703,京都,3,17,9,シャンティフレーズ,0.0866487485676611,144.0,
202608030703,京都,3,18,14,ドールズ,0.0614880119524852,133.7,
202608030704,京都,4,1,6,ドンテスタマスター,0.4070123333802258,3.1,*
202608030704,京都,4,2,8,カラバッシュ,0.3376315038511586,7.0,
202608030704,京都,4,3,7,ナムラヴンダー,0.2846272487764871,7.9,
202608030704,京都,4,4,1,ソルトハッピー,0.2332609461363834,8.1,
202608030704,京都,4,5,10,タガノミトゥンドゥ,0.2141386554904638,11.6,
202608030704,京都,4,6,2,シャンドラファール,0.187551009027032,4.2,*
202608030704,京都,4,7,5,スリーキズナヒメ,0.1739518834135824,18.3,
202608030704,京都,4,8,4,アウラニ,0.1604925760133502,26.1,
202608030704,京都,4,9,3,フィエールシャンテ,0.1501700935803529,9.8,
202608030704,京都,4,10,9,サトノビダーヤ,0.1390480003800787,34.1,*
202608030705,京都,5,1,2,ウイルソン,0.4912378169428862,2.1,*
202608030705,京都,5,2,12,ロッサコメータ,0.2819120261780375,13.5,
202608030705,京都,5,3,4,プシュパ,0.2455658685635908,5.5,
202608030705,京都,5,4,5,ロサルゴサ,0.2445351569670644,6.3,*
202608030705,京都,5,5,7,スパルタンエックス,0.2388226226257543,14.1,
202608030705,京都,5,6,1,レッドパラジウム,0.2378709409373185,6.8,
202608030705,京都,5,7,8,エリカアズーラ,0.2263809754661604,43.2,
202608030705,京都,5,8,3,ゼンノゾンターク,0.2074185280076807,48.5,
202608030705,京都,5,9,14,メイショウプレマ,0.1887672162635395,18.4,*
202608030705,京都,5,10,13,オーケーキュート,0.1657709683143802,78.3,
202608030705,京都,5,11,9,タイセイグローバル,0.1354232977638585,71.7,
202608030705,京都,5,12,10,アメジストロード,0.1085674680404922,86.1,
202608030705,京都,5,13,6,ユウブルボン,0.1002374909775511,124.5,
202608030705,京都,5,14,11,アージュドール,0.0810359762697025,99.0,
202608030706,京都,6,1,5,ニホンピロカラット,0.4952233372410363,3.7,*
202608030706,京都,6,2,13,チムニーパイプ,0.3556264176322883,11.9,
202608030706,京都,6,3,7,グランデスフィーダ,0.2678739418828867,5.1,*
202608030706,京都,6,4,2,バーケンティン,0.2659614841215417,18.1,
202608030706,京都,6,5,11,カネコメファミリー,0.2635562105322703,6.7,
202608030706,京都,6,6,8,クリノミニスター,0.2494224079262013,21.6,
202608030706,京都,6,7,3,エブライト,0.2229463481163787,9.0,
202608030706,京都,6,8,6,ダディーズアイル,0.2186299905350964,18.7,
202608030706,京都,6,9,1,メラヴィリオーザ,0.2015229098657086,12.1,
202608030706,京都,6,10,10,トッレブランカ,0.1914642127903927,14.4,
202608030706,京都,6,11,12,コヒロ,0.1789201883614389,79.5,
202608030706,京都,6,12,4,ワイルドブッター,0.1545823968794037,28.7,
202608030706,京都,6,13,9,ピオニエーレ,0.1533630944101254,55.6,
202608030706,京都,6,14,14,ダイアナクイーン,0.1485598631061682,22.7,*
202608030706,京都,6,15,15,シャインミラカナ,0.144955501285371,33.0,
202608030707,京都,7,1,1,シャンパンライフ,0.5179627111847471,3.8,
202608030707,京都,7,2,5,パスコード,0.4855091557639141,6.2,*
202608030707,京都,7,3,3,ビップディラン,0.3824319881157885,8.4,*
202608030707,京都,7,4,6,コルドンブルー,0.3696912002899113,3.5,*
202608030707,京都,7,5,2,ダノンクロム,0.3024608780051429,5.6,
202608030707,京都,7,6,8,ニシノイツキムスメ,0.2733498209481543,17.9,
202608030707,京都,7,7,7,グロリアスグレイス,0.2529090333908289,21.4,
202608030707,京都,7,8,4,シャーリーゴールド,0.2018885987162797,13.2,
202608030707,京都,7,9,10,アウクソー,0.1833080906519511,36.8,
202608030707,京都,7,10,9,ワンダーイロネ,0.1790043538798467,61.3,
202608030707,京都,7,11,11,クインズメレンゲ,0.1632828627199733,26.1,
202608030709,京都,9,1,3,サイモンシャリオ,0.4803135126338465,9.2,
202608030709,京都,9,2,6,エチゴドラゴン,0.4201238068718884,5.5,
202608030709,京都,9,3,4,サトノアイボリー,0.4067629527820494,4.4,
202608030709,京都,9,4,2,レッドラージャ,0.3562118418235105,5.2,*
202608030709,京都,9,5,9,エイシンイグニース,0.3232493173348906,6.5,
202608030709,京都,9,6,10,マテンロウゼロ,0.2926542140876773,21.7,
202608030709,京都,9,7,8,ワンダフルデイズ,0.287168638524121,11.1,*
202608030709,京都,9,8,7,アイガーリー,0.2850495293383706,10.7,
202608030709,京都,9,9,5,ヨカオウ,0.2410029873232017,14.7,
202608030709,京都,9,10,1,ミッキージャンプ,0.2363176465070149,9.8,*
202608030710,京都,10,1,13,ヒルノハンブルク,0.7425059954163308,7.0,*
202608030710,京都,10,2,10,タガノマカシヤ,0.6560943340686003,2.9,
202608030710,京都,10,3,1,ペンナヴェローチェ,0.6442858496979678,9.8,*
202608030710,京都,10,4,4,リューデスハイム,0.5610449207044542,12.0,
202608030710,京都,10,5,7,ポルポラジール,0.5151321904705697,12.4,
202608030710,京都,10,6,14,タイセイアディクト,0.4855683577646681,26.3,*
202608030710,京都,10,7,12,ヒロノラメール,0.4614815888674526,9.3,
202608030710,京都,10,8,2,メイショウソウタ,0.3544273969146742,22.6,
202608030710,京都,10,9,3,ストップヤーニング,0.3502293369428457,6.9,
202608030710,京都,10,10,8,メイショウシナノ,0.3300473323721818,32.4,
202608030710,京都,10,11,15,メイプルタピット,0.3246993068773396,30.5,
202608030710,京都,10,12,9,ショウサンジョージ,0.2761868876484573,22.2,
202608030710,京都,10,13,6,シャルクハフト,0.2472324179051483,49.5,
202608030710,京都,10,14,5,ゴールドダイアー,0.2245578524783577,48.9,
202608030710,京都,10,15,11,フランスゴデイナ,0.142780521436153,48.6,
202608030711,京都,11,1,13,ヤンキーバローズ,0.5971700308146437,7.0,
202608030711,京都,11,2,16,アスクワンタイム,0.5083342885237844,16.1,
202608030711,京都,11,3,15,ソウテン,0.4863587178634416,40.3,
202608030711,京都,11,4,9,ティニア,0.4571185121102715,42.8,
202608030711,京都,11,5,12,フリッカージャブ,0.4368167662908473,2.4,*
202608030711,京都,11,6,6,アンクルクロス,0.3899006051507815,8.0,*
202608030711,京都,11,7,3,ディアナザール,0.3863844695156413,6.0,*
202608030711,京都,11,8,1,デイトナモード,0.3801284617267556,62.9,
202608030711,京都,11,9,11,イツモニコニコ,0.3521595007415385,39.3,
202608030711,京都,11,10,14,アブキールベイ,0.3274377304012662,9.8,
202608030711,京都,11,11,10,イフェイオン,0.3103520362116296,41.1,
202608030711,京都,11,12,8,フロムダスク,0.2978518875478314,23.9,
202608030711,京都,11,13,4,ガロンヌ,0.28172023331035,22.1,
202608030711,京都,11,14,5,マイネルレノン,0.2036202632138236,65.1,
202608030711,京都,11,15,2,モリノドリーム,0.1969872820204724,58.1,
202608030711,京都,11,16,7,オタルエバー,0.1352158677969827,69.2,
202608030712,京都,12,1,10,ライトニングゼウス,0.7024845750545786,3.4,*
202608030712,京都,12,2,2,ドンパッショーネ,0.6367607118910845,6.0,
202608030712,京都,12,3,13,フェデラー,0.4769969089722136,7.2,*
202608030712,京都,12,4,14,インディゴアスール,0.3987939533260948,6.5,
202608030712,京都,12,5,8,ピコニ,0.3852509716353159,19.4,
202608030712,京都,12,6,15,メイショウドライブ,0.360453338553457,11.4,*
202608030712,京都,12,7,9,フェンダー,0.2956572833410371,9.0,
202608030712,京都,12,8,1,ズバットマサムネ,0.2822896688302949,21.3,
202608030712,京都,12,9,11,テラステラ,0.236293082022573,17.5,
202608030712,京都,12,10,3,オコタンペ,0.2199004946294857,24.8,
202608030712,京都,12,11,6,ショウナンラリー,0.2118348688679937,26.3,
202608030712,京都,12,12,4,ゴイゴイスー,0.1812817315039313,44.6,
202608030712,京都,12,13,7,アストラカ,0.168865671320475,35.2,
202608030712,京都,12,14,12,ラヴァグロウ,0.1424759802475465,82.8,
202608030712,京都,12,15,5,ハピアーザンエバー,0.1379797947951568,96.1,
