horse_career_n_races,horse_career_top3,horse_id,horse_last_agari,horse_last_class,horse_last_distance,horse_last_finish,horse_last_jockey,horse_last_pass1,horse_last_pass4,horse_last_surface,horse_last_trainer,horse_recent5_top3,horse_recent5_win,is_jackpot,jockey_id,jockey_recent30_n,jockey_recent30_top3,jockey_recent30_win,jockey_trainer_combo_top3,race_id,trainer_recent30_top3,trainer_recent30_win,umaban
3,0.0,2023100332,41.1,7,1800,10,1069,3.0,9.0,ダ,1027,0.0,0.0,0,01096,30,0.3,0.16666666666666666,0.2127659574468085,202606030501,0.2,0.1,1
2,0.5,2023109067,41.7,7,1800,6,1197,1.0,1.0,ダ,1152,0.5,0.0,0,01170,30,0.3,0.03333333333333333,0.17647058823529413,202606030501,0.23333333333333334,0.06666666666666667,2
2,0.0,2023101063,39.7,7,1200,15,1218,0.0,14.0,ダ,1118,0.0,0.0,0,01009,30,0.1,0.0,0.0,202606030501,0.13333333333333333,0.03333333333333333,3
,,2023100985,,,,,,,,,,,,0,00733,30,0.13333333333333333,0.06666666666666667,,202606030501,,,4
1,0.0,2023106929,37.0,15,1200,5,1135,0.0,9.0,ダ,1153,0.0,0.0,0,01184,30,0.1,0.0,0.25,202606030501,0.26666666666666666,0.03333333333333333,5
6,0.16666666666666666,2023106586,35.3,7,1600,11,422,0.0,11.0,芝,1056,0.2,0.0,0,01134,30,0.1,0.0,0.14285714285714285,202606030501,0.13333333333333333,0.06666666666666667,6
2,0.0,2023107456,35.1,7,1400,16,733,0.0,13.0,芝,1077,0.0,0.0,0,01201,30,0.03333333333333333,0.03333333333333333,0.0392156862745098,202606030501,0.06666666666666667,0.03333333333333333,7
,,2023106130,,,,,,,,,,,,0,01183,30,0.03333333333333333,0.0,,202606030501,,,8
,,2023101731,,,,,,,,,,,,0,05203,30,0.3,0.13333333333333333,,202606030501,,,9
,,2023106330,,,,,,,,,,,,0,01217,30,0.03333333333333333,0.0,,202606030501,,,10
1,0.0,2023100693,38.3,15,1200,13,1177,0.0,11.0,ダ,405,0.0,0.0,0,01197,30,0.2,0.06666666666666667,0.0,202606030501,0.2,0.06666666666666667,11
2,0.0,2023101260,41.4,7,1200,16,1170,0.0,16.0,ダ,1023,0.0,0.0,0,01207,30,0.1,0.0,0.08108108108108109,202606030501,0.13333333333333333,0.06666666666666667,12
4,0.25,2023101046,35.9,7,1600,10,1162,0.0,7.0,芝,1106,0.25,0.0,0,01077,30,0.23333333333333334,0.06666666666666667,0.33440514469453375,202606030501,0.1,0.0,13
2,0.0,2023106349,41.5,7,1800,10,1162,13.0,13.0,ダ,1035,0.0,0.0,0,01162,30,0.13333333333333333,0.03333333333333333,0.046875,202606030501,0.06666666666666667,0.0,14
2,0.0,2023105830,37.8,7,1600,7,1154,0.0,10.0,ダ,1165,0.0,0.0,0,01140,30,0.26666666666666666,0.13333333333333333,0.3220338983050847,202606030501,0.13333333333333333,0.06666666666666667,15
1,0.0,2023103602,38.6,15,1800,9,1179,1.0,1.0,芝,1109,0.0,0.0,0,01092,30,0.26666666666666666,0.06666666666666667,0.3076923076923077,202606030501,0.13333333333333333,0.03333333333333333,16
2,0.0,2023102072,39.9,7,1600,10,1184,0.0,7.0,ダ,1171,0.0,0.0,0,01207,30,0.1,0.0,0.10638297872340426,202606030502,0.13333333333333333,0.0,1
2,0.0,2023105022,39.2,7,1400,6,1178,0.0,3.0,ダ,1187,0.0,0.0,0,05674,30,0.26666666666666666,0.03333333333333333,,202606030502,0.1,0.06666666666666667,2
2,0.0,2023103308,36.7,7,1200,7,1181,0.0,11.0,ダ,1018,0.0,0.0,0,01182,30,0.1,0.03333333333333333,0.20952380952380953,202606030502,0.2,0.13333333333333333,3
2,0.0,2023105803,41.3,7,1600,6,1140,0.0,2.0,ダ,1199,0.0,0.0,0,01140,30,0.26666666666666666,0.13333333333333333,0.4,202606030502,0.3,0.13333333333333333,4
7,0.2857142857142857,2023106605,34.2,7,1600,10,1184,0.0,10.0,芝,1195,0.2,0.0,0,01184,30,0.1,0.0,0.3181818181818182,202606030502,0.16666666666666666,0.06666666666666667,5
3,0.0,2023101479,40.4,7,1800,8,1160,5.0,3.0,ダ,1207,0.0,0.0,0,00641,30,0.2,0.06666666666666667,0.25,202606030502,0.13333333333333333,0.0,6
,,2023102159,,,,,,,,,,,,0,01167,30,0.06666666666666667,0.0,,202606030502,,,7
2,0.0,2023101869,39.5,7,1300,14,1184,0.0,8.0,ダ,1076,0.0,0.0,0,05203,30,0.3,0.13333333333333333,0.2727272727272727,202606030502,0.3,0.06666666666666667,8
2,0.0,2023106162,34.9,7,1400,7,1160,0.0,11.0,芝,1051,0.0,0.0,0,01162,30,0.13333333333333333,0.03333333333333333,0.20930232558139536,202606030502,0.23333333333333334,0.03333333333333333,9
2,0.0,2023105600,35.0,7,1600,4,1009,0.0,7.0,芝,1132,0.0,0.0,0,01119,30,0.2,0.06666666666666667,0.15217391304347827,202606030502,0.26666666666666666,0.06666666666666667,10
,,2023105781,,,,,,,,,,,,0,01201,30,0.03333333333333333,0.03333333333333333,,202606030502,,,11
4,0.25,2023106407,38.8,7,1400,7,1197,0.0,5.0,ダ,1052,0.25,0.0,0,01197,30,0.2,0.06666666666666667,0.18674698795180722,202606030502,0.06666666666666667,0.03333333333333333,12
5,0.0,2023104288,42.8,7,1800,15,1209,8.0,12.0,ダ,1143,0.0,0.0,0,01009,30,0.1,0.0,0.1448692152917505,202606030502,0.06666666666666667,0.03333333333333333,13
4,0.0,2023100949,37.6,7,1300,10,1095,0.0,10.0,ダ,1174,0.0,0.0,0,01075,30,0.36666666666666664,0.1,0.3333333333333333,202606030502,0.13333333333333333,0.03333333333333333,14
,,2023104590,,,,,,,,,,,,0,01217,30,0.03333333333333333,0.0,,202606030502,,,15
,,2023101347,,,,,,,,,,,,0,00733,30,0.13333333333333333,0.06666666666666667,,202606030502,,,16
,,2023101124,,,,,,,,,,,,0,05386,30,0.43333333333333335,0.16666666666666666,,202606030503,,,1
1,0.0,2023103475,33.7,15,1800,4,1153,0.0,7.0,芝,1174,0.0,0.0,0,01153,30,0.16666666666666666,0.03333333333333333,0.030303030303030304,202606030503,0.13333333333333333,0.03333333333333333,2
2,0.0,2023105973,38.5,7,1800,7,1215,12.0,11.0,ダ,1174,0.0,0.0,0,01075,30,0.36666666666666664,0.1,0.3333333333333333,202606030503,0.13333333333333333,0.03333333333333333,3
1,0.0,2023103778,41.2,15,1800,5,1184,12.0,6.0,ダ,1145,0.0,0.0,0,01184,30,0.1,0.0,0.030303030303030304,202606030503,0.16666666666666666,0.0,4
,,2023102220,,,,,,,,,,,,0,01092,30,0.26666666666666666,0.06666666666666667,,202606030503,,,5
7,0.0,2023107440,41.5,7,1800,11,1177,3.0,4.0,ダ,1124,0.0,0.0,0,01207,30,0.1,0.0,0.0,202606030503,0.0,0.0,6
5,0.2,2023103932,37.7,7,2000,15,1174,8.0,10.0,芝,1114,0.2,0.0,0,05674,30,0.26666666666666666,0.03333333333333333,1.0,202606030503,0.1,0.06666666666666667,7
3,0.0,2023101482,37.7,7,1200,10,1215,0.0,15.0,ダ,1063,0.0,0.0,0,01201,30,0.03333333333333333,0.03333333333333333,0.0,202606030503,0.03333333333333333,0.0,8
4,0.5,2023101778,39.4,7,1400,9,1127,0.0,5.0,ダ,1077,0.5,0.0,0,05203,30,0.3,0.13333333333333333,0.0,202606030503,0.06666666666666667,0.03333333333333333,9
,,2023103750,,,,,,,,,,,,0,01197,30,0.2,0.06666666666666667,,202606030503,,,10
3,0.0,2023103506,34.1,7,2000,5,1150,7.0,7.0,芝,1079,0.0,0.0,0,01077,30,0.23333333333333334,0.06666666666666667,0.1388888888888889,202606030503,0.13333333333333333,0.1,11
,,2023102714,,,,,,,,,,,,0,01162,30,0.13333333333333333,0.03333333333333333,,202606030503,,,12
,,2023101160,,,,,,,,,,,,0,01096,30,0.3,0.16666666666666666,,202606030503,,,13
,,2023102805,,,,,,,,,,,,0,01092,30,0.26666666666666666,0.06666666666666667,,202606030505,,,1
1,0.0,2023101171,34.8,15,1600,5,1140,0.0,2.0,芝,1102,0.0,0.0,0,01140,30,0.26666666666666666,0.13333333333333333,0.45454545454545453,202606030505,0.26666666666666666,0.1,2
3,0.3333333333333333,2023106411,34.4,7,1600,11,1197,0.0,7.0,芝,1052,0.3333333333333333,0.0,0,01197,30,0.2,0.06666666666666667,0.18674698795180722,202606030505,0.06666666666666667,0.03333333333333333,3
2,1.0,2023103437,34.8,7,1600,3,1092,0.0,7.0,芝,1150,1.0,0.0,0,01075,30,0.36666666666666664,0.1,0.23943661971830985,202606030505,0.16666666666666666,0.0,4
3,0.6666666666666666,2023102518,35.0,7,1800,3,1197,2.0,2.0,芝,1145,0.6666666666666666,0.0,0,01170,30,0.3,0.03333333333333333,0.36,202606030505,0.16666666666666666,0.0,5
2,1.0,2023107111,34.3,7,2000,2,5339,0.0,4.0,芝,1059,1.0,0.0,0,05386,30,0.43333333333333335,0.16666666666666666,0.4652777777777778,202606030505,0.26666666666666666,0.13333333333333333,6
5,0.6,2023106829,33.6,7,1600,2,1170,0.0,7.0,芝,1008,0.6,0.0,0,01096,30,0.3,0.16666666666666666,0.20699708454810495,202606030505,0.2,0.06666666666666667,7
1,0.0,2023103583,34.4,15,1800,14,1214,0.0,15.0,芝,1038,0.0,0.0,0,01134,30,0.1,0.0,0.19795918367346937,202606030505,0.3333333333333333,0.06666666666666667,8
3,0.3333333333333333,2023103178,33.8,7,1600,2,1140,0.0,8.0,芝,1145,0.3333333333333333,0.0,0,05203,30,0.3,0.13333333333333333,0.25862068965517243,202606030505,0.16666666666666666,0.0,9
,,2023100777,,,,,,,,,,,,0,01108,30,0.03333333333333333,0.03333333333333333,,202606030505,,,10
,,2023106299,,,,,,,,,,,,0,01207,30,0.1,0.0,,202606030505,,,11
,,2023100727,,,,,,,,,,,,0,00733,30,0.13333333333333333,0.06666666666666667,,202606030505,,,12
,,2023100759,,,,,,,,,,,,0,05674,30,0.26666666666666666,0.03333333333333333,,202606030505,,,13
,,2023102690,,,,,,,,,,,,0,01162,30,0.13333333333333333,0.03333333333333333,,202606030505,,,14
1,0.0,2023103831,34.3,15,1800,11,1161,0.0,10.0,芝,1132,0.0,0.0,0,01009,30,0.1,0.0,0.20114942528735633,202606030505,0.26666666666666666,0.06666666666666667,15
,,2023102388,,,,,,,,,,,,0,01077,30,0.23333333333333334,0.06666666666666667,,202606030505,,,16
2,0.0,2023104027,35.7,7,1600,11,1018,0.0,9.0,芝,1099,0.0,0.0,0,01077,30,0.23333333333333334,0.06666666666666667,0.4,202606030506,0.2,0.1,1
2,0.5,2023106919,35.2,7,1800,3,1170,6.0,4.0,芝,1067,0.5,0.0,0,01170,30,0.3,0.03333333333333333,0.39436619718309857,202606030506,0.16666666666666666,0.06666666666666667,2
,,2023106389,,,,,,,,,,,,0,01131,30,0.13333333333333333,0.03333333333333333,,202606030506,,,3
4,0.25,2023105102,34.6,7,1600,6,422,0.0,7.0,芝,1093,0.25,0.0,0,01075,30,0.36666666666666664,0.1,0.2647058823529412,202606030506,0.16666666666666666,0.0,4
1,0.0,2023102251,37.1,15,2000,10,5678,4.0,6.0,芝,1145,0.0,0.0,0,05203,30,0.3,0.13333333333333333,0.25862068965517243,202606030506,0.16666666666666666,0.0,5
5,0.0,2023101689,40.8,7,1600,13,1117,0.0,1.0,ダ,1043,0.0,0.0,0,01201,30,0.03333333333333333,0.03333333333333333,0.13043478260869565,202606030506,0.03333333333333333,0.0,6
3,0.3333333333333333,2023104486,36.9,7,2000,10,1091,14.0,13.0,芝,1127,0.3333333333333333,0.0,0,01140,30,0.26666666666666666,0.13333333333333333,0.27350427350427353,202606030506,0.4,0.1,7
3,0.0,2023106418,35.3,7,2000,11,1168,6.0,7.0,芝,1202,0.0,0.0,0,01122,30,0.23333333333333334,0.1,0.25,202606030506,0.1,0.03333333333333333,8
1,0.0,2023107044,33.9,15,1800,9,1043,0.0,13.0,芝,1134,0.0,0.0,0,05674,30,0.26666666666666666,0.03333333333333333,0.0,202606030506,0.0,0.0,9
2,0.0,2023100494,36.1,7,2000,13,1219,18.0,18.0,芝,1100,0.0,0.0,0,01134,30,0.1,0.0,0.17307692307692307,202606030506,0.16666666666666666,0.03333333333333333,10
1,0.0,2023105230,33.9,15,1800,5,1043,0.0,5.0,芝,1079,0.0,0.0,0,01197,30,0.2,0.06666666666666667,0.21428571428571427,202606030506,0.13333333333333333,0.1,11
3,0.3333333333333333,2023101215,34.2,7,2000,10,1077,0.0,12.0,芝,1106,0.3333333333333333,0.0,0,01162,30,0.13333333333333333,0.03333333333333333,0.2071156289707751,202606030506,0.1,0.0,12
,,2023107010,,,,,,,,,,,,0,01096,30,0.3,0.16666666666666666,,202606030506,,,13
3,0.0,2023105156,35.7,7,1600,11,1181,0.0,13.0,芝,1093,0.0,0.0,0,01167,30,0.06666666666666667,0.0,0.08823529411764706,202606030506,0.16666666666666666,0.0,14
,,2023107134,,,,,,,,,,,,0,01217,30,0.03333333333333333,0.0,,202606030506,,,15
,,2023100653,,,,,,,,,,,,0,01092,30,0.26666666666666666,0.06666666666666667,,202606030506,,,16
1,0.0,2023103435,35.6,15,1800,7,5386,8.0,7.0,芝,1038,0.0,0.0,0,05386,30,0.43333333333333335,0.16666666666666666,0.4623115577889447,202606030506,0.3333333333333333,0.06666666666666667,17
,,2023106113,,,,,,,,,,,,0,01184,30,0.1,0.0,,202606030506,,,18
1,1.0,2023102767,37.2,15,1200,1,1180,0.0,4.0,ダ,1196,1.0,1.0,0,01184,30,0.1,0.0,0.1111111111111111,202606030507,0.43333333333333335,0.13333333333333333,1
5,0.6,2023100095,37.2,7,1200,1,5386,0.0,1.0,ダ,1112,0.6,0.2,0,00733,30,0.13333333333333333,0.06666666666666667,0.125,202606030507,0.2,0.1,2
,,2023103931,,,,,,,,,,,,0,01182,30,0.1,0.03333333333333333,,202606030507,,,3
2,0.0,2023107400,37.7,7,1200,5,1160,0.0,12.0,ダ,1150,0.0,0.0,0,01077,30,0.23333333333333334,0.06666666666666667,0.20689655172413793,202606030507,0.16666666666666666,0.0,4
,,2023103619,,,,,,,,,,,,0,05386,30,0.43333333333333335,0.16666666666666666,,202606030507,,,5
4,0.25,2023100626,41.1,7,1800,11,1214,1.0,8.0,ダ,1038,0.25,0.0,0,01197,30,0.2,0.06666666666666667,0.2,202606030507,0.3333333333333333,0.06666666666666667,6
,,2023100606,,,,,,,,,,,,0,01009,30,0.1,0.0,,202606030507,,,7
3,0.6666666666666666,2023103557,34.2,23,1200,11,1197,0.0,8.0,芝,1127,0.6666666666666666,0.3333333333333333,0,05203,30,0.3,0.13333333333333333,0.3157894736842105,202606030507,0.4,0.1,8
1,1.0,2023110103,36.9,15,1200,1,1163,0.0,1.0,ダ,1055,1.0,1.0,0,05674,30,0.26666666666666666,0.03333333333333333,0.5,202606030507,0.3333333333333333,0.1,9
3,0.0,2023106932,39.0,7,1200,4,1170,0.0,4.0,ダ,1067,0.0,0.0,0,01170,30,0.3,0.03333333333333333,0.39436619718309857,202606030507,0.16666666666666666,0.06666666666666667,10
3,0.6666666666666666,2023104852,37.6,7,1200,1,1091,0.0,1.0,ダ,1127,0.6666666666666666,0.3333333333333333,0,01096,30,0.3,0.16666666666666666,0.23036649214659685,202606030507,0.4,0.1,11
2,0.5,2023105811,39.5,7,1800,1,1140,9.0,2.0,ダ,1167,0.5,0.5,0,01140,30,0.26666666666666666,0.13333333333333333,0.36,202606030507,0.2,0.1,12
3,0.3333333333333333,2023102819,38.2,7,1200,1,1217,0.0,7.0,ダ,1124,0.3333333333333333,0.3333333333333333,0,01217,30,0.03333333333333333,0.0,0.18181818181818182,202606030507,0.0,0.0,13
1,0.0,2023102545,34.6,15,1200,7,1192,0.0,11.0,芝,1179,0.0,0.0,0,01075,30,0.36666666666666664,0.1,0.46153846153846156,202606030507,0.1,0.03333333333333333,14
1,1.0,2023102235,37.6,15,1200,1,1140,0.0,2.0,ダ,1195,1.0,1.0,0,01122,30,0.23333333333333334,0.1,0.4375,202606030507,0.16666666666666666,0.06666666666666667,15
4,0.25,2023101039,38.1,7,1200,1,1162,0.0,12.0,ダ,1008,0.25,0.25,0,01162,30,0.13333333333333333,0.03333333333333333,0.16556291390728478,202606030507,0.2,0.06666666666666667,16
12,0.0,2021102531,37.6,23,1800,7,1181,12.0,11.0,ダ,437,0.0,0.0,0,01162,30,0.13333333333333333,0.03333333333333333,0.0,202606030508,0.03333333333333333,0.0,1
21,0.14285714285714285,2021103342,39.0,23,1400,7,1134,0.0,2.0,ダ,1124,0.0,0.0,0,01134,30,0.1,0.0,0.1111111111111111,202606030508,0.0,0.0,2
6,0.0,2021103651,38.2,7,1800,15,1158,6.0,9.0,芝,1051,0.0,0.0,0,01009,30,0.1,0.0,0.22388059701492538,202606030508,0.23333333333333334,0.03333333333333333,3
34,0.38235294117647056,2020101250,37.1,23,1800,3,1214,9.0,8.0,ダ,423,0.4,0.0,0,01197,30,0.2,0.06666666666666667,0.391304347826087,202606030508,0.16666666666666666,0.0,4
10,0.0,2022103629,36.6,23,1600,17,1162,0.0,4.0,芝,1008,0.0,0.0,0,01167,30,0.06666666666666667,0.0,0.058823529411764705,202606030508,0.2,0.06666666666666667,5
7,0.0,2022104539,39.0,7,1700,9,1117,14.0,9.0,ダ,1134,0.0,0.0,0,01183,30,0.03333333333333333,0.0,0.0,202606030508,0.0,0.0,6
20,0.2,2021103129,37.7,23,1800,9,726,11.0,10.0,ダ,437,0.0,0.0,0,01217,30,0.03333333333333333,0.0,,202606030508,0.03333333333333333,0.0,7
15,0.2,2021100884,37.4,23,2100,4,1122,5.0,4.0,ダ,1059,0.0,0.0,0,00733,30,0.13333333333333333,0.06666666666666667,0.21428571428571427,202606030508,0.26666666666666666,0.13333333333333333,8
8,0.375,2022102846,36.6,23,1600,11,660,0.0,13.0,ダ,1195,0.4,0.2,0,05674,30,0.26666666666666666,0.03333333333333333,0.3333333333333333,202606030508,0.16666666666666666,0.06666666666666667,9
11,0.0,2022103911,39.4,7,2000,8,1032,4.0,5.0,芝,1102,0.0,0.0,0,01092,30,0.26666666666666666,0.06666666666666667,0.11627906976744186,202606030508,0.26666666666666666,0.1,10
15,0.06666666666666667,2021106070,38.1,23,1800,8,1117,13.0,10.0,ダ,1089,0.0,0.0,0,01153,30,0.16666666666666666,0.03333333333333333,0.07650273224043716,202606030508,0.1,0.03333333333333333,11
15,0.26666666666666666,2021106213,39.5,23,1900,11,1109,9.0,13.0,ダ,1174,0.2,0.0,0,01122,30,0.23333333333333334,0.1,0.21428571428571427,202606030508,0.13333333333333333,0.03333333333333333,12
14,0.21428571428571427,2021105839,40.6,23,1900,16,1147,5.0,16.0,ダ,1146,0.0,0.0,0,01201,30,0.03333333333333333,0.03333333333333333,,202606030508,0.23333333333333334,0.1,13
5,0.6,2022105863,39.2,23,1700,3,1184,5.0,2.0,ダ,1017,0.6,0.2,0,01184,30,0.1,0.0,0.23076923076923078,202606030508,0.43333333333333335,0.16666666666666666,14
22,0.2727272727272727,2020101341,40.6,23,2500,8,1197,14.0,11.0,ダ,1067,0.4,0.0,0,05203,30,0.3,0.13333333333333333,0.23404255319148937,202606030508,0.16666666666666666,0.06666666666666667,15
7,0.42857142857142855,2022104312,38.5,23,2100,13,1162,12.0,10.0,ダ,1106,0.4,0.2,0,01077,30,0.23333333333333334,0.06666666666666667,0.33440514469453375,202606030508,0.1,0.0,16
,,2023105622,,,,,,,,,,,,0,01134,30,0.1,0.0,,202606030509,,,1
2,0.0,2023104820,38.4,7,1700,9,1202,12.0,10.0,ダ,1215,0.0,0.0,0,01197,30,0.2,0.06666666666666667,0.3333333333333333,202606030509,0.23333333333333334,0.03333333333333333,2
,,2023100503,,,,,,,,,,,,0,05674,30,0.26666666666666666,0.03333333333333333,,202606030509,,,3
3,0.0,2023104156,34.6,7,2000,9,5626,0.0,14.0,芝,1086,0.0,0.0,0,05386,30,0.43333333333333335,0.16666666666666666,0.4248927038626609,202606030509,0.4,0.13333333333333333,4
3,0.6666666666666666,2023106718,33.0,179,1800,10,660,0.0,12.0,芝,1150,0.6666666666666666,0.3333333333333333,0,01075,30,0.36666666666666664,0.1,0.23943661971830985,202606030509,0.16666666666666666,0.0,5
2,0.5,2023107389,34.2,7,2000,1,422,0.0,4.0,芝,1145,0.5,0.5,0,01170,30,0.3,0.03333333333333333,0.36,202606030509,0.16666666666666666,0.0,6
5,0.2,2023100953,35.8,23,1600,7,1122,0.0,1.0,芝,1152,0.2,0.2,0,01122,30,0.23333333333333334,0.1,0.2894736842105263,202606030509,0.23333333333333334,0.06666666666666667,7
17,0.29411764705882354,2021100623,36.3,23,1200,1,1209,0.0,6.0,ダ,1143,0.4,0.2,0,01009,30,0.1,0.0,0.1448692152917505,202606030510,0.06666666666666667,0.03333333333333333,1
7,0.7142857142857143,2022100071,36.8,67,1200,8,422,0.0,5.0,ダ,1133,0.8,0.4,0,01170,30,0.3,0.03333333333333333,0.3157894736842105,202606030510,0.16666666666666666,0.1,2
24,0.20833333333333334,2020103902,37.0,67,1400,13,1138,0.0,10.0,ダ,1120,0.0,0.0,0,01184,30,0.1,0.0,,202606030510,0.13333333333333333,0.06666666666666667,3
13,0.38461538461538464,2021102275,37.2,67,1400,11,1179,0.0,1.0,ダ,1167,0.0,0.0,0,01162,30,0.13333333333333333,0.03333333333333333,0.0,202606030510,0.2,0.1,4
17,0.6470588235294118,2022104972,36.1,43,1200,6,1170,0.0,9.0,ダ,1147,0.8,0.2,0,01122,30,0.23333333333333334,0.1,0.47619047619047616,202606030510,0.43333333333333335,0.23333333333333334,5
16,0.25,2021106421,35.8,67,1200,10,1034,0.0,13.0,ダ,1056,0.0,0.0,0,01197,30,0.2,0.06666666666666667,0.0,202606030510,0.13333333333333333,0.06666666666666667,6
28,0.2857142857142857,2020103670,36.3,43,1200,3,1160,0.0,3.0,ダ,1102,0.6,0.2,0,05674,30,0.26666666666666666,0.03333333333333333,0.0,202606030510,0.26666666666666666,0.1,7
25,0.24,2020109094,36.4,67,1200,12,1208,0.0,12.0,ダ,1147,0.0,0.0,0,05203,30,0.3,0.13333333333333333,0.16666666666666666,202606030510,0.43333333333333335,0.23333333333333334,8
14,0.42857142857142855,2021103204,38.6,67,1200,12,5386,0.0,5.0,ダ,1074,0.4,0.2,0,00641,30,0.2,0.06666666666666667,0.15384615384615385,202606030510,0.1,0.06666666666666667,9
16,0.6875,2020103462,36.8,67,1400,12,5339,0.0,12.0,ダ,399,0.8,0.2,0,05386,30,0.43333333333333335,0.16666666666666666,0.4216417910447761,202606030510,0.13333333333333333,0.03333333333333333,10
20,0.25,2021101737,35.5,67,1200,6,1192,0.0,13.0,ダ,1142,0.2,0.0,0,01096,30,0.3,0.16666666666666666,0.0625,202606030510,0.03333333333333333,0.0,11
21,0.47619047619047616,2020104679,36.2,67,1200,4,5203,0.0,8.0,ダ,1018,0.0,0.0,0,01077,30,0.23333333333333334,0.06666666666666667,0.16666666666666666,202606030510,0.2,0.13333333333333333,12
17,0.4117647058823529,2021103711,36.2,43,1200,1,5626,0.0,1.0,ダ,1023,0.4,0.4,0,01075,30,0.36666666666666664,0.1,0.2796934865900383,202606030510,0.13333333333333333,0.06666666666666667,13
,,2023106076,,,,,,,,,,,,0,05203,30,0.3,0.13333333333333333,,202606030511,,,1
1,0.0,2023100002,34.4,15,1600,15,1179,0.0,15.0,芝,1118,0.0,0.0,0,00733,30,0.13333333333333333,0.06666666666666667,0.3230769230769231,202606030511,0.13333333333333333,0.03333333333333333,2
2,0.0,2023103268,34.9,7,1800,6,1208,0.0,2.0,芝,1149,0.0,0.0,0,01184,30,0.1,0.0,,202606030511,0.26666666666666666,0.03333333333333333,3
4,0.5,2023105714,36.9,195,1600,15,1093,0.0,1.0,芝,399,0.5,0.5,0,01197,30,0.2,0.06666666666666667,0.3103448275862069,202606030511,0.13333333333333333,0.03333333333333333,4
5,0.8,2023104885,36.1,195,2000,12,1178,2.0,2.0,芝,1086,0.8,0.2,0,01140,30,0.26666666666666666,0.13333333333333333,0.27906976744186046,202606030511,0.4,0.13333333333333333,5
2,0.5,2023104450,34.3,179,1400,10,1092,0.0,6.0,芝,1195,0.5,0.5,0,05674,30,0.26666666666666666,0.03333333333333333,0.3333333333333333,202606030511,0.16666666666666666,0.06666666666666667,6
1,1.0,2023107166,35.4,15,1600,1,1043,0.0,2.0,芝,1182,1.0,1.0,0,01092,30,0.26666666666666666,0.06666666666666667,0.3469387755102041,202606030511,0.36666666666666664,0.13333333333333333,7
3,0.0,2023107078,35.6,7,1800,10,1214,8.0,11.0,芝,1171,0.0,0.0,0,01096,30,0.3,0.16666666666666666,0.2,202606030511,0.13333333333333333,0.0,8
,,2023104650,,,,,,,,,,,,0,00641,30,0.2,0.06666666666666667,,202606030511,,,9
1,1.0,2023102083,35.6,15,1600,1,1179,0.0,2.0,芝,1127,1.0,1.0,0,01075,30,0.36666666666666664,0.1,0.3695652173913043,202606030511,0.4,0.1,10
1,1.0,2023107056,33.6,15,1800,1,5339,0.0,1.0,芝,1133,1.0,1.0,0,01170,30,0.3,0.03333333333333333,0.3157894736842105,202606030511,0.16666666666666666,0.1,11
4,0.5,2023105106,36.9,23,1200,1,1179,0.0,9.0,ダ,1119,0.5,0.5,0,01122,30,0.23333333333333334,0.1,0.20588235294117646,202606030511,0.2,0.06666666666666667,12
4,0.5,2023100681,36.1,179,1600,7,1135,0.0,2.0,芝,1080,0.5,0.25,0,01077,30,0.23333333333333334,0.06666666666666667,0.1935483870967742,202606030511,0.13333333333333333,0.0,13
1,1.0,2023103326,32.8,15,1600,2,1192,0.0,5.0,芝,1124,1.0,0.0,0,05386,30,0.43333333333333335,0.16666666666666666,0.4626865671641791,202606030511,0.0,0.0,14
2,0.5,2023100840,36.6,163,1800,8,1091,3.0,4.0,芝,5630,0.5,0.0,0,01009,30,0.1,0.0,,202606030511,0.2,0.06666666666666667,15
,,2019105752,,,,,,,,,,,,0,01108,30,0.03333333333333333,0.03333333333333333,,202606030512,,,1
16,0.375,2021104839,35.8,43,1200,8,1157,0.0,7.0,ダ,1176,0.6,0.2,0,05386,30,0.43333333333333335,0.16666666666666666,0.3333333333333333,202606030512,0.4666666666666667,0.23333333333333334,2
21,0.2857142857142857,2021103706,38.2,43,1400,11,5626,0.0,8.0,ダ,1023,0.0,0.0,0,01207,30,0.1,0.0,0.08108108108108109,202606030512,0.13333333333333333,0.06666666666666667,3
11,0.7272727272727273,2022101557,35.6,43,1200,3,1212,0.0,7.0,ダ,1039,0.8,0.0,0,01122,30,0.23333333333333334,0.1,0.25,202606030512,0.13333333333333333,0.0,4
16,0.3125,2021102371,37.0,23,1150,8,1217,0.0,13.0,ダ,423,0.0,0.0,0,01075,30,0.36666666666666664,0.1,0.2637795275590551,202606030512,0.16666666666666666,0.0,5
8,0.5,2021102153,37.5,23,1150,1,1191,0.0,1.0,ダ,1180,0.6,0.4,0,01217,30,0.03333333333333333,0.0,,202606030512,0.16666666666666666,0.1,6
6,0.3333333333333333,2022105600,37.3,43,1200,14,1126,0.0,4.0,ダ,1146,0.4,0.4,0,01182,30,0.1,0.03333333333333333,0.13043478260869565,202606030512,0.23333333333333334,0.1,7
17,0.4117647058823529,2021103299,35.3,43,1400,10,1220,0.0,5.0,芝,1181,0.2,0.2,0,01162,30,0.13333333333333333,0.03333333333333333,0.5,202606030512,0.16666666666666666,0.0,8
15,0.4666666666666667,2021106298,44.1,43,1400,16,1170,0.0,1.0,ダ,1026,0.2,0.2,0,01170,30,0.3,0.03333333333333333,0.2832980972515856,202606030512,0.2,0.03333333333333333,9
18,0.16666666666666666,2021100662,36.8,23,1200,7,1009,0.0,10.0,ダ,1096,0.0,0.0,0,01009,30,0.1,0.0,0.0990990990990991,202606030512,0.1,0.0,10
7,0.2857142857142857,2022103857,37.7,23,1200,5,1209,0.0,8.0,ダ,1114,0.2,0.2,0,01092,30,0.26666666666666666,0.06666666666666667,0.20952380952380953,202606030512,0.1,0.06666666666666667,11
18,0.2222222222222222,2021105974,36.7,43,1200,11,1214,0.0,12.0,ダ,1038,0.2,0.2,0,01134,30,0.1,0.0,0.19795918367346937,202606030512,0.3333333333333333,0.06666666666666667,12
13,0.5384615384615384,2021105485,33.7,43,1200,3,1043,0.0,2.0,芝,1175,0.4,0.0,0,01140,30,0.26666666666666666,0.13333333333333333,0.32,202606030512,0.4,0.1,13
15,0.2,2021106639,37.4,43,1200,8,1197,0.0,7.0,ダ,1103,0.0,0.0,0,05674,30,0.26666666666666666,0.03333333333333333,0.0,202606030512,0.13333333333333333,0.0,14
12,0.3333333333333333,2022106698,39.9,43,1800,15,1174,11.0,11.0,ダ,1076,0.4,0.2,0,01096,30,0.3,0.16666666666666666,0.11494252873563218,202606030512,0.3,0.06666666666666667,15
10,0.0,2021104874,36.3,23,1200,8,422,0.0,9.0,ダ,1064,0.0,0.0,0,01197,30,0.2,0.06666666666666667,0.3333333333333333,202606030512,0.1,0.0,16
3,0.0,2023100992,38.8,7,1400,10,1144,0.0,12.0,ダ,1098,0.0,0.0,0,01168,30,0.3,0.06666666666666667,0.25225225225225223,202603010101,0.13333333333333333,0.03333333333333333,1
3,0.3333333333333333,2023100514,39.4,7,1800,3,641,6.0,2.0,ダ,1064,0.3333333333333333,0.0,0,01169,30,0.03333333333333333,0.0,0.17456021650879566,202603010101,0.1,0.0,2
1,0.0,2023107303,36.5,15,1600,16,1185,0.0,3.0,芝,1157,0.0,0.0,0,01223,30,0.13333333333333333,0.06666666666666667,0.18181818181818182,202603010101,0.4666666666666667,0.26666666666666666,3
1,0.0,2023101087,35.2,15,2000,6,1092,13.0,8.0,芝,1182,0.0,0.0,0,01206,30,0.13333333333333333,0.06666666666666667,0.35714285714285715,202603010101,0.36666666666666664,0.13333333333333333,4
1,0.0,2023100567,38.3,15,1400,13,1157,0.0,16.0,ダ,1113,0.0,0.0,0,01085,30,0.1,0.0,0.1111111111111111,202603010101,0.06666666666666667,0.0,5
4,0.0,2023103621,40.1,7,1800,7,1161,4.0,3.0,ダ,1024,0.0,0.0,0,01161,30,0.1,0.03333333333333333,0.03125,202603010101,0.06666666666666667,0.03333333333333333,6
2,0.0,2023104869,36.2,7,2000,13,1212,5.0,8.0,芝,1066,0.0,0.0,0,01124,30,0.23333333333333334,0.06666666666666667,0.2605042016806723,202603010101,0.2,0.06666666666666667,7
,,2023101667,,,,,,,,,,,,0,01154,30,0.13333333333333333,0.03333333333333333,,202603010101,,,8
1,0.0,2023106072,41.7,15,1700,10,1152,2.0,4.0,ダ,1206,0.0,0.0,0,01152,30,0.13333333333333333,0.0,0.22448979591836735,202603010101,0.2,0.06666666666666667,9
1,0.0,2023102925,38.6,15,1200,10,1206,0.0,7.0,ダ,1141,0.0,0.0,0,01222,30,0.03333333333333333,0.03333333333333333,,202603010101,0.16666666666666666,0.1,10
5,0.2,2023102659,37.9,7,1600,4,5386,0.0,3.0,ダ,1086,0.2,0.0,0,01178,30,0.23333333333333334,0.06666666666666667,0.2483974358974359,202603010101,0.4,0.13333333333333333,11
,,2023103187,,,,,,,,,,,,0,01176,30,0.23333333333333334,0.06666666666666667,,202603010101,,,12
1,0.0,2023109054,36.1,15,1800,9,1216,0.0,8.0,芝,1120,0.0,0.0,0,01138,30,0.16666666666666666,0.03333333333333333,0.09090909090909091,202603010101,0.13333333333333333,0.06666666666666667,13
4,0.75,2023100291,38.3,7,1800,2,5626,4.0,3.0,ダ,423,0.75,0.0,0,01091,30,0.16666666666666666,0.1,0.18604651162790697,202603010101,0.16666666666666666,0.0,14
,,2023102517,,,,,,,,,,,,0,01015,30,0.16666666666666666,0.06666666666666667,,202603010101,,,15
3,0.0,2023102783,41.7,7,1200,13,1161,0.0,12.0,ダ,1043,0.0,0.0,0,01117,30,0.06666666666666667,0.0,0.16356877323420074,202603010102,0.03333333333333333,0.0,1
2,0.5,2023107103,34.2,7,1200,5,1122,0.0,5.0,芝,399,0.5,0.0,0,01095,30,0.16666666666666666,0.03333333333333333,0.20967741935483872,202603010102,0.13333333333333333,0.03333333333333333,2
2,0.0,2023105579,40.4,7,1700,13,1200,13.0,12.0,ダ,1196,0.0,0.0,0,01223,30,0.13333333333333333,0.06666666666666667,,202603010102,0.43333333333333335,0.13333333333333333,3
2,0.0,2023105952,34.8,7,1600,7,1184,0.0,5.0,芝,1027,0.0,0.0,0,01135,30,0.1,0.06666666666666667,0.10294117647058823,202603010102,0.2,0.1,4
,,2023106065,,,,,,,,,,,,0,01091,30,0.16666666666666666,0.1,,202603010102,,,5
1,0.0,2023106190,40.5,15,1400,18,1150,0.0,2.0,芝,1192,0.0,0.0,0,01221,30,0.1,0.06666666666666667,0.1,202603010102,0.5,0.13333333333333333,6
2,0.0,2023101675,35.5,7,1600,10,1203,0.0,8.0,芝,1131,0.0,0.0,0,01218,30,0.03333333333333333,0.0,0.0,202603010102,0.03333333333333333,0.0,7
,,2023101205,,,,,,,,,,,,0,01109,30,0.1,0.03333333333333333,,202603010102,,,8
,,2023100890,,,,,,,,,,,,0,01127,30,0.26666666666666666,0.1,,202603010102,,,9
1,0.0,2023103700,36.2,15,1800,9,1179,4.0,5.0,芝,1109,0.0,0.0,0,01203,30,0.06666666666666667,0.06666666666666667,,202603010102,0.13333333333333333,0.03333333333333333,10
6,0.16666666666666666,2023102480,41.4,7,1400,16,1147,0.0,1.0,ダ,1148,0.2,0.0,0,01124,30,0.23333333333333334,0.06666666666666667,0.11612903225806452,202603010102,0.3,0.1,11
,,2023102318,,,,,,,,,,,,0,01168,30,0.3,0.06666666666666667,,202603010102,,,12
1,0.0,2023105833,36.0,15,1400,7,1126,0.0,5.0,芝,1170,0.0,0.0,0,01141,30,0.06666666666666667,0.03333333333333333,0.0958904109589041,202603010102,0.2,0.1,13
,,2023102113,,,,,,,,,,,,0,01154,30,0.13333333333333333,0.03333333333333333,,202603010102,,,14
,,2023102387,,,,,,,,,,,,0,01187,30,0.13333333333333333,0.03333333333333333,,202603010102,,,15
,,2023101779,,,,,,,,,,,,0,01209,30,0.13333333333333333,0.06666666666666667,,202603010102,,,16
1,0.0,2023105231,35.2,15,1800,8,1206,2.0,3.0,芝,1152,0.0,0.0,0,01206,30,0.13333333333333333,0.06666666666666667,0.375,202603010103,0.23333333333333334,0.06666666666666667,1
,,2023107273,,,,,,,,,,,,0,01178,30,0.23333333333333334,0.06666666666666667,,202603010103,,,2
,,2023105428,,,,,,,,,,,,0,01085,30,0.1,0.0,,202603010103,,,3
,,2023101197,,,,,,,,,,,,0,01168,30,0.3,0.06666666666666667,,202603010103,,,4
,,2023101820,,,,,,,,,,,,0,01158,30,0.0,0.0,,202603010103,,,5
,,2023105121,,,,,,,,,,,,0,01130,30,0.1,0.03333333333333333,,202603010103,,,6
2,0.5,2023105443,35.6,7,1800,5,1077,0.0,2.0,芝,1201,0.5,0.0,0,01127,30,0.26666666666666666,0.1,0.3125,202603010103,0.3,0.2,7
2,0.0,2023105222,35.0,7,1600,6,1214,0.0,8.0,芝,1202,0.0,0.0,0,01214,30,0.16666666666666666,0.03333333333333333,0.14285714285714285,202603010103,0.1,0.03333333333333333,8
3,0.0,2023103333,34.5,7,1600,11,1208,0.0,9.0,芝,1123,0.0,0.0,0,01154,30,0.13333333333333333,0.03333333333333333,0.20491803278688525,202603010103,0.23333333333333334,0.13333333333333333,9
2,0.0,2023106362,35.1,7,1800,7,1152,0.0,11.0,芝,1185,0.0,0.0,0,01152,30,0.13333333333333333,0.0,0.09090909090909091,202603010103,0.16666666666666666,0.1,10
,,2023104338,,,,,,,,,,,,0,01095,30,0.16666666666666666,0.03333333333333333,,202603010103,,,11
,,2023103081,,,,,,,,,,,,0,01109,30,0.1,0.03333333333333333,,202603010103,,,12
2,0.0,2023105168,35.8,7,1400,17,1216,0.0,16.0,芝,1176,0.0,0.0,0,01208,30,0.06666666666666667,0.0,0.3,202603010103,0.4666666666666667,0.23333333333333334,13
,,2023105150,,,,,,,,,,,,0,01221,30,0.1,0.06666666666666667,,202603010103,,,14
,,2023103285,,,,,,,,,,,,0,01204,30,0.13333333333333333,0.03333333333333333,,202603010103,,,15
,,2023102060,,,,,,,,,,,,0,01124,30,0.23333333333333334,0.06666666666666667,,202603010103,,,16
,,2023100225,,,,,,,,,,,,0,01204,30,0.13333333333333333,0.03333333333333333,,202603010104,,,1
,,2023104434,,,,,,,,,,,,0,01085,30,0.1,0.0,,202603010104,,,2
2,0.0,2023102982,34.8,7,1200,6,1190,0.0,10.0,芝,1113,0.0,0.0,0,01178,30,0.23333333333333334,0.06666666666666667,0.09090909090909091,202603010104,0.06666666666666667,0.0,3
2,0.0,2023100544,39.0,7,1150,5,1166,0.0,2.0,ダ,1130,0.0,0.0,0,01166,30,0.1,0.03333333333333333,0.16165413533834586,202603010104,0.13333333333333333,0.03333333333333333,4
2,0.0,2023106567,39.8,7,1400,10,1216,0.0,6.0,ダ,1136,0.0,0.0,0,01091,30,0.16666666666666666,0.1,0.0,202603010104,0.16666666666666666,0.03333333333333333,5
3,0.0,2023105728,39.3,7,1400,7,1220,0.0,2.0,ダ,1082,0.0,0.0,0,01223,30,0.13333333333333333,0.06666666666666667,0.16666666666666666,202603010104,0.16666666666666666,0.06666666666666667,6
1,0.0,2023104180,47.8,15,1400,13,1174,0.0,10.0,ダ,1185,0.0,0.0,0,01222,30,0.03333333333333333,0.03333333333333333,,202603010104,0.16666666666666666,0.1,7
1,0.0,2023107339,40.2,15,1600,16,1135,0.0,16.0,芝,1127,0.0,0.0,0,01135,30,0.1,0.06666666666666667,0.13725490196078433,202603010104,0.4,0.1,8
,,2023105366,,,,,,,,,,,,0,01206,30,0.13333333333333333,0.06666666666666667,,202603010104,,,9
2,0.0,2023103084,38.6,7,1200,6,1184,0.0,8.0,ダ,1171,0.0,0.0,0,01221,30,0.1,0.06666666666666667,0.0,202603010104,0.13333333333333333,0.0,10
,,2023105909,,,,,,,,,,,,0,01193,30,0.16666666666666666,0.06666666666666667,,202603010104,,,11
3,0.3333333333333333,2023107504,39.9,7,1200,11,1178,0.0,1.0,ダ,1197,0.3333333333333333,0.0,0,01154,30,0.13333333333333333,0.03333333333333333,0.0,202603010104,0.16666666666666666,0.1,12
,,2023105083,,,,,,,,,,,,0,01161,30,0.1,0.03333333333333333,,202603010104,,,13
1,0.0,2023101236,37.4,15,1200,6,1187,0.0,7.0,ダ,1121,0.0,0.0,0,01203,30,0.06666666666666667,0.06666666666666667,,202603010104,0.26666666666666666,0.06666666666666667,14
1,0.0,2023101500,38.4,15,1200,7,1144,0.0,3.0,ダ,1066,0.0,0.0,0,01124,30,0.23333333333333334,0.06666666666666667,0.2605042016806723,202603010104,0.2,0.06666666666666667,15
5,0.0,2023100006,37.8,7,2000,12,1158,10.0,12.0,芝,423,0.0,0.0,0,01158,30,0.0,0.0,0.08823529411764706,202603010104,0.16666666666666666,0.0,16
,,2023105033,,,,,,,,,,,,0,01192,30,0.13333333333333333,0.03333333333333333,,202603010105,,,1
,,2023106869,,,,,,,,,,,,0,01150,30,0.23333333333333334,0.06666666666666667,,202603010105,,,2
2,1.0,2023105683,34.6,7,2000,2,1088,1.0,1.0,芝,1071,1.0,0.0,0,01091,30,0.16666666666666666,0.1,0.3333333333333333,202603010105,0.3333333333333333,0.06666666666666667,3
1,0.0,2023103555,36.1,15,2000,7,1162,12.0,9.0,芝,1106,0.0,0.0,0,01168,30,0.3,0.06666666666666667,0.3333333333333333,202603010105,0.1,0.0,4
,,2023104879,,,,,,,,,,,,0,01223,30,0.13333333333333333,0.06666666666666667,,202603010105,,,5
4,0.5,2023104485,35.4,7,2000,9,5386,3.0,4.0,芝,1089,0.5,0.0,0,01209,30,0.13333333333333333,0.06666666666666667,0.25,202603010105,0.1,0.03333333333333333,6
,,2023102550,,,,,,,,,,,,0,01214,30,0.16666666666666666,0.03333333333333333,,202603010105,,,7
5,0.2,2023106607,35.4,7,2000,11,1109,13.0,14.0,芝,1174,0.2,0.0,0,01218,30,0.03333333333333333,0.0,0.0,202603010105,0.13333333333333333,0.03333333333333333,8
1,0.0,2023103241,37.8,15,2000,10,1018,7.0,9.0,芝,1111,0.0,0.0,0,01208,30,0.06666666666666667,0.0,0.13793103448275862,202603010105,0.23333333333333334,0.13333333333333333,9
,,2023102223,,,,,,,,,,,,0,01154,30,0.13333333333333333,0.03333333333333333,,202603010105,,,10
,,2023101588,,,,,,,,,,,,0,01221,30,0.1,0.06666666666666667,,202603010105,,,11
,,2023106795,,,,,,,,,,,,0,01127,30,0.26666666666666666,0.1,,202603010105,,,12
1,0.0,2023105883,36.2,15,1800,12,1085,0.0,2.0,芝,1048,0.0,0.0,0,01085,30,0.1,0.0,0.20348837209302326,202603010105,0.2,0.06666666666666667,13
,,2023103697,,,,,,,,,,,,0,01178,30,0.23333333333333334,0.06666666666666667,,202603010105,,,14
,,2023103383,,,,,,,,,,,,0,01124,30,0.23333333333333334,0.06666666666666667,,202603010105,,,15
,,2023103476,,,,,,,,,,,,0,01194,30,0.1,0.03333333333333333,,202603010105,,,16
1,0.0,2023100983,33.7,15,1600,11,1156,0.0,10.0,芝,1087,0.0,0.0,0,01187,30,0.13333333333333333,0.03333333333333333,0.25,202603010106,0.16666666666666666,0.06666666666666667,1
1,0.0,2023103522,37.0,15,2000,4,1150,3.0,2.0,芝,1192,0.0,0.0,0,01160,30,0.3,0.13333333333333333,0.3611111111111111,202603010106,0.5,0.13333333333333333,2
,,2023105397,,,,,,,,,,,,0,01095,30,0.16666666666666666,0.03333333333333333,,202603010106,,,3
1,0.0,2023107022,35.2,15,1600,9,1157,0.0,7.0,芝,1117,0.0,0.0,0,01178,30,0.23333333333333334,0.06666666666666667,0.2,202603010106,0.36666666666666664,0.2,4
1,0.0,2023101904,35.3,15,2000,5,1163,4.0,5.0,芝,1214,0.0,0.0,0,01154,30,0.13333333333333333,0.03333333333333333,0.5,202603010106,0.3,0.06666666666666667,5
4,0.0,2023104932,42.3,7,1800,13,1117,11.0,12.0,ダ,1208,0.0,0.0,0,01085,30,0.1,0.0,0.0,202603010106,0.13333333333333333,0.0,6
2,0.0,2023106467,35.4,7,2000,10,1162,11.0,10.0,芝,1195,0.0,0.0,0,01221,30,0.1,0.06666666666666667,0.2727272727272727,202603010106,0.16666666666666666,0.06666666666666667,7
2,0.5,2023106145,35.5,7,1800,10,1179,0.0,11.0,芝,1027,0.5,0.0,0,01161,30,0.1,0.03333333333333333,0.13636363636363635,202603010106,0.2,0.1,8
,,2023104937,,,,,,,,,,,,0,01206,30,0.13333333333333333,0.06666666666666667,,202603010106,,,9
1,0.0,2023102028,35.3,15,2000,8,1157,2.0,2.0,芝,1154,0.0,0.0,0,01185,30,0.23333333333333334,0.0,0.1,202603010106,0.3,0.13333333333333333,10
,,2023105261,,,,,,,,,,,,0,01168,30,0.3,0.06666666666666667,,202603010106,,,11
1,0.0,2023104559,34.5,15,1800,13,1184,0.0,8.0,芝,1093,0.0,0.0,0,01208,30,0.06666666666666667,0.0,1.0,202603010106,0.16666666666666666,0.0,12
5,0.2,2023101798,36.9,7,1800,12,1160,0.0,2.0,芝,1052,0.2,0.0,0,01218,30,0.03333333333333333,0.0,0.1,202603010106,0.06666666666666667,0.03333333333333333,13
2,0.0,2023103280,40.6,7,1800,12,1015,8.0,9.0,ダ,1032,0.0,0.0,0,01015,30,0.16666666666666666,0.06666666666666667,0.16393442622950818,202603010106,0.2,0.03333333333333333,14
,,2023104926,,,,,,,,,,,,0,01214,30,0.16666666666666666,0.03333333333333333,,202603010106,,,15
12,0.16666666666666666,2021101430,37.4,23,1400,8,1125,0.0,7.0,ダ,1194,0.2,0.0,0,01202,30,0.23333333333333334,0.06666666666666667,0.0,202603010107,0.23333333333333334,0.1,1
8,0.375,2022105569,39.2,23,1700,10,1221,14.0,13.0,ダ,1127,0.2,0.0,0,01206,30,0.13333333333333333,0.06666666666666667,0.36363636363636365,202603010107,0.4,0.1,2
11,0.0,2021107012,38.1,23,1200,15,1203,0.0,15.0,ダ,1116,0.0,0.0,0,01194,30,0.1,0.03333333333333333,,202603010107,0.2,0.16666666666666666,3
16,0.0,2021103916,14.2,7,2880,10,1211,10.0,8.0,ダ,1134,0.0,0.0,0,01203,30,0.06666666666666667,0.06666666666666667,0.0,202603010107,0.0,0.0,4
11,0.45454545454545453,2022106926,38.3,23,1200,13,1161,0.0,3.0,ダ,1035,0.2,0.0,0,01214,30,0.16666666666666666,0.03333333333333333,0.06666666666666667,202603010107,0.06666666666666667,0.0,5
10,0.2,2022105548,38.8,23,1800,5,1213,2.0,6.0,ダ,1118,0.2,0.0,0,01209,30,0.13333333333333333,0.06666666666666667,0.0,202603010107,0.13333333333333333,0.03333333333333333,6
12,0.25,2021105772,37.5,23,1700,2,1202,5.0,2.0,ダ,1210,0.6,0.0,0,01222,30,0.03333333333333333,0.03333333333333333,0.11764705882352941,202603010107,0.2,0.03333333333333333,7
7,0.42857142857142855,2022104779,38.1,23,1400,7,1185,0.0,3.0,ダ,1185,0.2,0.2,0,01185,30,0.23333333333333334,0.0,0.15,202603010107,0.16666666666666666,0.1,8
8,0.0,2022106409,35.6,23,1200,10,1181,0.0,10.0,芝,1179,0.0,0.0,0,01187,30,0.13333333333333333,0.03333333333333333,0.0,202603010107,0.1,0.03333333333333333,9
11,0.45454545454545453,2022105556,39.5,23,1700,9,1213,11.0,5.0,ダ,1038,0.2,0.2,0,01221,30,0.1,0.06666666666666667,,202603010107,0.3333333333333333,0.06666666666666667,10
10,0.2,2021102813,37.4,23,1400,7,5203,0.0,9.0,ダ,1128,0.2,0.0,0,01204,30,0.13333333333333333,0.03333333333333333,0.15384615384615385,202603010107,0.3,0.1,11
12,0.4166666666666667,2022104496,38.8,23,1900,3,1190,14.0,2.0,ダ,1161,0.2,0.0,0,01219,30,0.03333333333333333,0.0,,202603010107,0.3,0.0,12
24,0.041666666666666664,2019101233,39.4,23,1900,12,1204,4.0,10.0,ダ,1063,0.0,0.0,0,01198,30,0.0,0.0,0.0,202603010107,0.03333333333333333,0.0,13
9,0.3333333333333333,2022104176,37.5,23,1800,7,1176,15.0,12.0,ダ,1078,0.2,0.2,0,01181,30,0.0,0.0,0.22321428571428573,202603010107,0.13333333333333333,0.03333333333333333,14
30,0.26666666666666666,2019103092,38.9,23,1800,10,1204,6.0,8.0,ダ,1128,0.0,0.0,0,01223,30,0.13333333333333333,0.06666666666666667,0.0,202603010107,0.3,0.1,15
11,0.2727272727272727,2022102567,42.4,23,1700,15,1203,1.0,4.0,ダ,1020,0.6,0.2,0,01192,30,0.13333333333333333,0.03333333333333333,0.16822429906542055,202603010108,0.1,0.0,1
29,0.1724137931034483,2020106429,36.5,23,1400,10,1218,0.0,14.0,ダ,1052,0.2,0.0,0,01221,30,0.1,0.06666666666666667,0.16666666666666666,202603010108,0.06666666666666667,0.03333333333333333,2
2,0.5,2022105705,43.4,7,1700,14,1197,7.0,14.0,ダ,1017,0.5,0.0,0,01095,30,0.16666666666666666,0.03333333333333333,0.25,202603010108,0.43333333333333335,0.16666666666666666,3
37,0.1891891891891892,2020101265,37.9,23,1150,10,1134,0.0,3.0,ダ,1202,0.0,0.0,0,00689,30,0.1,0.0,0.0,202603010108,0.1,0.03333333333333333,4
10,0.2,2022102841,37.6,23,1150,12,1191,0.0,8.0,ダ,1099,0.2,0.2,0,01109,30,0.1,0.03333333333333333,0.03125,202603010108,0.2,0.1,5
20,0.2,2020104913,37.1,23,1400,7,1179,0.0,12.0,ダ,1205,0.0,0.0,0,01178,30,0.23333333333333334,0.06666666666666667,0.25,202603010108,0.3,0.1,6
7,0.14285714285714285,2021101521,40.0,23,1200,15,1122,0.0,2.0,ダ,1118,0.2,0.0,0,01161,30,0.1,0.03333333333333333,0.24242424242424243,202603010108,0.13333333333333333,0.03333333333333333,7
3,0.0,2022106582,37.6,23,1400,5,1138,0.0,1.0,ダ,1073,0.0,0.0,0,01138,30,0.16666666666666666,0.03333333333333333,0.2033898305084746,202603010108,0.13333333333333333,0.03333333333333333,8
11,0.36363636363636365,2022110110,37.6,23,1150,13,666,0.0,10.0,ダ,427,0.4,0.0,0,01223,30,0.13333333333333333,0.06666666666666667,0.36363636363636365,202603010108,0.23333333333333334,0.06666666666666667,9
5,0.0,2022104499,35.3,23,1200,13,1178,0.0,12.0,芝,1064,0.0,0.0,0,01169,30,0.03333333333333333,0.0,0.17456021650879566,202603010108,0.1,0.0,10
16,0.0625,2021102701,37.9,23,1200,13,1222,0.0,4.0,ダ,1090,0.0,0.0,0,01218,30,0.03333333333333333,0.0,0.0,202603010108,0.06666666666666667,0.0,11
11,0.45454545454545453,2022102993,36.7,23,1150,2,1178,0.0,2.0,ダ,1146,0.4,0.0,0,01208,30,0.06666666666666667,0.0,0.0,202603010108,0.23333333333333334,0.1,12
3,0.3333333333333333,2022104370,35.7,7,1000,1,1206,0.0,1.0,ダ,1141,0.3333333333333333,0.3333333333333333,0,01222,30,0.03333333333333333,0.03333333333333333,,202603010108,0.16666666666666666,0.1,13
5,0.2,2022101418,40.8,23,1200,11,1178,0.0,3.0,ダ,1185,0.2,0.2,0,01181,30,0.0,0.0,0.35714285714285715,202603010108,0.16666666666666666,0.1,14
20,0.2,2020103513,36.5,23,1200,8,1182,0.0,10.0,ダ,1092,0.4,0.0,0,01127,30,0.26666666666666666,0.1,0.47058823529411764,202603010108,0.23333333333333334,0.16666666666666666,15
26,0.38461538461538464,2020106930,37.5,23,1150,4,1202,0.0,8.0,ダ,1191,0.4,0.0,0,01214,30,0.16666666666666666,0.03333333333333333,0.75,202603010108,0.4,0.06666666666666667,16
17,0.058823529411764705,2020106843,34.1,23,1400,11,1154,0.0,12.0,芝,1042,0.0,0.0,0,01208,30,0.06666666666666667,0.0,0.03278688524590164,202603010109,0.2,0.03333333333333333,1
6,0.3333333333333333,2022104693,36.7,23,1600,13,1141,0.0,1.0,芝,1137,0.2,0.2,0,01152,30,0.13333333333333333,0.0,0.15,202603010109,0.36666666666666664,0.13333333333333333,2
15,0.3333333333333333,2021100165,34.7,23,2000,6,1161,10.0,9.0,芝,1192,0.0,0.0,0,01091,30,0.16666666666666666,0.1,0.3333333333333333,202603010109,0.5,0.13333333333333333,3
1,0.0,2022105001,34.7,7,1800,8,1135,0.0,16.0,芝,1204,0.0,0.0,0,01160,30,0.3,0.13333333333333333,0.36363636363636365,202603010109,0.26666666666666666,0.06666666666666667,4
8,0.125,2022101889,40.3,23,1800,7,1168,8.0,9.0,ダ,1211,0.2,0.2,0,01124,30,0.23333333333333334,0.06666666666666667,0.0,202603010109,0.26666666666666666,0.1,5
8,0.25,2022101425,43.5,23,1800,15,1092,3.0,11.0,ダ,1202,0.0,0.0,0,01214,30,0.16666666666666666,0.03333333333333333,0.14285714285714285,202603010109,0.1,0.03333333333333333,6
6,0.8333333333333334,2022105194,34.0,23,1600,4,1088,0.0,3.0,芝,1137,0.8,0.2,0,01185,30,0.23333333333333334,0.0,0.16666666666666666,202603010109,0.36666666666666664,0.13333333333333333,7
10,0.1,2021103251,42.9,23,1800,13,1009,9.0,13.0,ダ,1096,0.2,0.0,0,01181,30,0.0,0.0,0.0,202603010109,0.1,0.0,8
8,0.125,2022106832,35.3,23,2000,9,1209,5.0,5.0,芝,1088,0.0,0.0,0,01178,30,0.23333333333333334,0.06666666666666667,0.3684210526315789,202603010109,0.3,0.03333333333333333,9
4,0.5,2022105191,36.2,7,1800,6,5386,13.0,11.0,芝,1147,0.5,0.0,0,01192,30,0.13333333333333333,0.03333333333333333,0.0,202603010109,0.43333333333333335,0.23333333333333334,10
9,0.2222222222222222,2022104786,34.9,23,1600,8,641,0.0,15.0,芝,1097,0.0,0.0,0,01221,30,0.1,0.06666666666666667,0.36363636363636365,202603010109,0.26666666666666666,0.06666666666666667,11
10,0.6,2022104688,36.7,23,2200,9,1018,12.0,12.0,芝,1082,0.4,0.0,0,01138,30,0.16666666666666666,0.03333333333333333,0.17298578199052134,202603010109,0.16666666666666666,0.06666666666666667,12
10,0.4,2021105742,36.2,23,1800,6,1091,3.0,4.0,芝,1133,0.0,0.0,0,01150,30,0.23333333333333334,0.06666666666666667,0.15789473684210525,202603010109,0.16666666666666666,0.1,13
7,0.5714285714285714,2022101307,35.0,23,2200,2,1184,7.0,5.0,芝,1024,0.8,0.2,0,01143,30,0.16666666666666666,0.06666666666666667,0.05,202603010109,0.06666666666666667,0.03333333333333333,14
14,0.5,2021104173,34.7,23,1800,2,689,2.0,2.0,芝,1207,0.8,0.0,0,00689,30,0.1,0.0,0.2857142857142857,202603010109,0.13333333333333333,0.0,15
9,0.2222222222222222,2022105156,43.4,23,1800,11,1127,11.0,6.0,ダ,1175,0.4,0.2,0,01158,30,0.0,0.0,0.16470588235294117,202603010109,0.4,0.1,16
16,0.4375,2022103324,35.0,43,1200,8,1134,0.0,10.0,芝,1035,0.6,0.2,0,00689,30,0.1,0.0,0.12307692307692308,202603010110,0.06666666666666667,0.0,1
9,0.2222222222222222,2022104637,34.7,23,1200,1,1135,0.0,3.0,芝,1118,0.2,0.2,0,01117,30,0.06666666666666667,0.0,0.3181818181818182,202603010110,0.13333333333333333,0.03333333333333333,2
14,0.35714285714285715,2021104217,34.9,43,1200,13,1197,0.0,12.0,芝,1052,0.2,0.2,0,01208,30,0.06666666666666667,0.0,,202603010110,0.06666666666666667,0.03333333333333333,3
21,0.42857142857142855,2021101399,34.2,43,1200,4,5626,0.0,11.0,芝,1113,0.4,0.0,0,01091,30,0.16666666666666666,0.1,0.0,202603010110,0.06666666666666667,0.0,4
4,0.5,2022104629,34.3,23,1200,1,1169,0.0,3.0,芝,1187,0.5,0.5,0,01169,30,0.03333333333333333,0.0,0.2222222222222222,202603010110,0.1,0.06666666666666667,5
16,0.375,2021105068,35.1,43,1200,13,1222,0.0,10.0,芝,1161,0.2,0.2,0,01130,30,0.1,0.03333333333333333,0.12345679012345678,202603010110,0.3,0.0,6
22,0.18181818181818182,2020106623,34.9,43,1200,11,5203,0.0,7.0,芝,1109,0.4,0.0,0,01214,30,0.16666666666666666,0.03333333333333333,0.0,202603010110,0.13333333333333333,0.03333333333333333,7
9,0.6666666666666666,2022101604,37.2,23,1150,1,1193,0.0,1.0,ダ,1171,1.0,0.4,0,01221,30,0.1,0.06666666666666667,0.0,202603010110,0.13333333333333333,0.0,8
8,0.25,2022104174,33.9,43,1200,4,5643,0.0,3.0,芝,1158,0.2,0.2,0,01161,30,0.1,0.03333333333333333,0.18518518518518517,202603010110,0.13333333333333333,0.03333333333333333,9
16,0.1875,2021102468,35.3,43,1600,9,5203,0.0,4.0,芝,1167,0.4,0.2,0,01194,30,0.1,0.03333333333333333,,202603010110,0.2,0.1,10
6,0.3333333333333333,2022107138,34.0,43,1400,13,1218,0.0,6.0,芝,1187,0.4,0.4,0,01141,30,0.06666666666666667,0.03333333333333333,0.0,202603010110,0.1,0.06666666666666667,11
11,0.45454545454545453,2022102635,35.7,43,1400,9,1203,0.0,2.0,芝,405,0.4,0.2,0,01203,30,0.06666666666666667,0.06666666666666667,0.17857142857142858,202603010110,0.2,0.06666666666666667,12
9,0.7777777777777778,2022105623,34.8,43,1200,3,1174,0.0,4.0,芝,1086,0.8,0.4,0,01178,30,0.23333333333333334,0.06666666666666667,0.2483974358974359,202603010110,0.4,0.13333333333333333,13
31,0.3225806451612903,2020104983,33.9,67,1200,10,1178,0.0,5.0,芝,1156,0.2,0.0,0,01158,30,0.0,0.0,0.11764705882352941,202603010110,0.16666666666666666,0.0,14
10,0.4,2022104190,34.8,43,1200,5,1095,0.0,12.0,芝,1052,0.2,0.2,0,01192,30,0.13333333333333333,0.03333333333333333,0.25,202603010110,0.06666666666666667,0.03333333333333333,15
15,0.6,2022100547,37.8,23,1400,12,1135,0.0,6.0,ダ,1054,0.4,0.2,0,01135,30,0.1,0.06666666666666667,0.2857142857142857,202603010110,0.16666666666666666,0.0,16
12,0.5833333333333334,2021102009,38.8,115,1800,9,1157,6.0,4.0,ダ,1059,0.4,0.4,0,01178,30,0.23333333333333334,0.06666666666666667,0.16666666666666666,202603010111,0.26666666666666666,0.13333333333333333,1
28,0.42857142857142855,2019105741,36.1,131,1200,11,1166,0.0,9.0,ダ,1130,0.0,0.0,0,01166,30,0.1,0.03333333333333333,0.16165413533834586,202603010111,0.13333333333333333,0.03333333333333333,2
14,0.5714285714285714,2021103306,37.3,131,1800,8,1088,3.0,4.0,ダ,1146,0.4,0.4,0,01154,30,0.13333333333333333,0.03333333333333333,0.16363636363636364,202603010111,0.23333333333333334,0.1,3
14,0.2857142857142857,2020102095,35.7,131,1600,7,1015,0.0,15.0,ダ,1161,0.0,0.0,0,01130,30,0.1,0.03333333333333333,0.12345679012345678,202603010111,0.3,0.0,4
8,0.875,2021105112,39.4,131,1900,13,1163,8.0,12.0,ダ,1058,0.8,0.4,0,01091,30,0.16666666666666666,0.1,0.0,202603010111,0.4,0.2,5
18,0.4444444444444444,2018100664,38.2,115,1700,8,1181,7.0,13.0,ダ,1129,0.2,0.2,0,01181,30,0.0,0.0,0.19047619047619047,202603010111,0.16666666666666666,0.03333333333333333,6
10,0.4,2019101681,36.0,163,1600,16,1197,0.0,16.0,ダ,1113,0.0,0.0,0,01085,30,0.1,0.0,0.1111111111111111,202603010111,0.06666666666666667,0.0,7
29,0.4482758620689655,2018100830,43.0,131,2100,11,1127,2.0,2.0,ダ,427,0.4,0.4,0,01141,30,0.06666666666666667,0.03333333333333333,0.23529411764705882,202603010111,0.23333333333333334,0.06666666666666667,8
27,0.4074074074074074,2020102737,38.3,115,1700,12,1154,11.0,15.0,ダ,1209,0.0,0.0,0,01168,30,0.3,0.06666666666666667,0.0,202603010111,0.16666666666666666,0.03333333333333333,9
11,0.5454545454545454,2022104628,40.0,163,1800,13,1208,3.0,7.0,ダ,1028,0.8,0.6,0,01208,30,0.06666666666666667,0.0,0.32,202603010111,0.16666666666666666,0.03333333333333333,10
8,0.625,2021103987,40.3,131,1900,14,1174,2.0,2.0,ダ,1098,0.6,0.4,0,01152,30,0.13333333333333333,0.0,0.2550335570469799,202603010111,0.13333333333333333,0.03333333333333333,11
11,0.2727272727272727,2022103304,33.9,115,1600,11,1037,0.0,15.0,芝,1099,0.0,0.0,0,01109,30,0.1,0.03333333333333333,0.03125,202603010111,0.2,0.1,12
31,0.45161290322580644,2019100286,37.2,131,1900,4,5626,10.0,7.0,ダ,1127,0.0,0.0,0,01161,30,0.1,0.03333333333333333,0.0,202603010111,0.4,0.1,13
14,0.21428571428571427,2021100836,40.1,115,1700,15,1125,10.0,12.0,ダ,1032,0.2,0.2,0,01015,30,0.16666666666666666,0.06666666666666667,0.16393442622950818,202603010111,0.2,0.03333333333333333,14
15,0.6666666666666666,2021106554,37.6,163,1200,11,1197,0.0,2.0,ダ,1155,0.6,0.4,0,01127,30,0.26666666666666666,0.1,0.2857142857142857,202603010111,0.3,0.16666666666666666,15
18,0.1111111111111111,2021102433,34.5,23,1200,5,1202,0.0,10.0,芝,1188,0.0,0.0,0,01223,30,0.13333333333333333,0.06666666666666667,0.1111111111111111,202603010112,0.1,0.0,1
18,0.2777777777777778,2021102401,33.8,23,1200,4,1185,0.0,1.0,芝,1155,0.0,0.0,0,01185,30,0.23333333333333334,0.0,0.08695652173913043,202603010112,0.3,0.16666666666666666,2
12,0.25,2021100362,39.7,23,1200,15,1015,0.0,8.0,芝,1018,0.2,0.0,0,01222,30,0.03333333333333333,0.03333333333333333,0.0,202603010112,0.2,0.13333333333333333,3
8,0.125,2021101048,34.9,23,1800,13,1215,0.0,9.0,芝,1041,0.2,0.0,0,01124,30,0.23333333333333334,0.06666666666666667,0.02564102564102564,202603010112,0.1,0.03333333333333333,4
17,0.4117647058823529,2021100415,39.8,23,1700,10,1212,5.0,7.0,ダ,1073,0.2,0.0,0,01208,30,0.06666666666666667,0.0,0.05263157894736842,202603010112,0.13333333333333333,0.03333333333333333,5
12,0.16666666666666666,2021101398,37.4,23,1400,16,1202,0.0,2.0,芝,1051,0.0,0.0,0,01203,30,0.06666666666666667,0.06666666666666667,0.0,202603010112,0.23333333333333334,0.03333333333333333,6
3,0.0,2022102530,35.2,7,1000,10,5675,0.0,12.0,ダ,1207,0.0,0.0,0,01221,30,0.1,0.06666666666666667,0.0,202603010112,0.13333333333333333,0.0,7
9,0.2222222222222222,2022103527,38.6,23,1400,15,1212,0.0,10.0,ダ,1121,0.0,0.0,0,01091,30,0.16666666666666666,0.1,0.0,202603010112,0.26666666666666666,0.06666666666666667,8
8,0.25,2021105747,35.6,23,1200,5,1160,0.0,4.0,芝,1204,0.2,0.0,0,01135,30,0.1,0.06666666666666667,0.14285714285714285,202603010112,0.26666666666666666,0.06666666666666667,9
7,0.5714285714285714,2022105583,34.6,23,1200,4,1015,0.0,3.0,芝,1018,0.6,0.2,0,01015,30,0.16666666666666666,0.06666666666666667,0.2313167259786477,202603010112,0.2,0.13333333333333333,10
11,0.2727272727272727,2021103901,36.8,23,1600,14,1213,0.0,4.0,芝,1155,0.2,0.0,0,01127,30,0.26666666666666666,0.1,0.2857142857142857,202603010112,0.3,0.16666666666666666,11
23,0.13043478260869565,2020100084,34.5,23,1200,6,1183,0.0,9.0,芝,1035,0.4,0.0,0,01218,30,0.03333333333333333,0.0,0.0,202603010112,0.06666666666666667,0.0,12
14,0.42857142857142855,2020102050,43.6,23,1200,16,1180,0.0,1.0,ダ,1071,0.4,0.0,0,01193,30,0.16666666666666666,0.06666666666666667,0.3333333333333333,202603010112,0.3333333333333333,0.06666666666666667,13
8,0.25,2022104901,36.8,23,2000,17,1185,1.0,1.0,芝,1110,0.0,0.0,0,01176,30,0.23333333333333334,0.06666666666666667,0.1111111111111111,202603010112,0.16666666666666666,0.06666666666666667,14
9,0.2222222222222222,2022105996,34.6,23,1200,5,1092,0.0,3.0,芝,1026,0.4,0.2,0,01206,30,0.13333333333333333,0.06666666666666667,0.1728395061728395,202603010112,0.2,0.03333333333333333,15
10,0.6,2022106229,36.0,7,1500,1,1091,0.0,3.0,芝,423,1.0,0.2,0,01150,30,0.23333333333333334,0.06666666666666667,0.16129032258064516,202603010112,0.16666666666666666,0.0,16
3,0.0,2023104477,39.2,7,1600,10,1154,0.0,6.0,芝,1073,0.0,0.0,0,01212,30,0.03333333333333333,0.0,0.0,202609020501,0.13333333333333333,0.03333333333333333,1
,,2023106217,,,,,,,,,,,,0,00666,30,0.3,0.06666666666666667,,202609020501,,,2
1,0.0,2023105065,36.3,15,2000,7,666,5.0,6.0,芝,1121,0.0,0.0,0,01213,30,0.36666666666666664,0.13333333333333333,0.4,202609020501,0.26666666666666666,0.06666666666666667,3
3,0.0,2023102487,36.3,7,1800,12,1154,0.0,2.0,芝,1200,0.0,0.0,0,01174,30,0.3,0.1,0.0,202609020501,0.2,0.06666666666666667,4
1,0.0,2023102252,38.5,15,1400,11,1208,0.0,15.0,ダ,1111,0.0,0.0,0,00732,30,0.16666666666666666,0.0,0.29842931937172773,202609020501,0.23333333333333334,0.13333333333333333,5
1,0.0,2023106987,35.4,15,1800,11,666,5.0,5.0,芝,1092,0.0,0.0,0,01186,30,0.23333333333333334,0.1,0.24444444444444444,202609020501,0.23333333333333334,0.16666666666666666,6
2,0.0,2023100213,38.8,7,1400,5,1152,0.0,5.0,ダ,1085,0.0,0.0,0,01144,30,0.06666666666666667,0.0,0.2,202609020501,0.23333333333333334,0.13333333333333333,7
4,0.5,2023103981,34.6,7,1600,4,1102,0.0,7.0,芝,1198,0.5,0.0,0,01102,30,0.2,0.1,0.0,202609020501,0.06666666666666667,0.0,8
4,0.0,2023106001,43.1,7,1800,12,1138,2.0,3.0,ダ,1166,0.0,0.0,0,01034,30,0.06666666666666667,0.0,0.2857142857142857,202609020501,0.3,0.16666666666666666,9
2,0.0,2023101201,39.2,7,1400,15,1216,0.0,11.0,ダ,1130,0.0,0.0,0,01157,30,0.3333333333333333,0.2,0.2403846153846154,202609020501,0.13333333333333333,0.03333333333333333,10
4,0.0,2023103735,34.2,7,1200,18,1178,0.0,17.0,芝,1062,0.0,0.0,0,01216,30,0.16666666666666666,0.06666666666666667,0.0,202609020501,0.3333333333333333,0.1,11
,,2023102250,,,,,,,,,,,,0,01220,30,0.1,0.03333333333333333,,202609020501,,,12
,,2023101949,,,,,,,,,,,,0,01147,30,0.03333333333333333,0.0,,202609020501,,,13
2,0.0,2023105120,43.1,7,1700,13,1115,5.0,7.0,ダ,1092,0.0,0.0,0,01126,30,0.36666666666666664,0.2,0.2857142857142857,202609020501,0.23333333333333334,0.16666666666666666,14
1,0.0,2023101145,34.8,15,1600,6,1157,0.0,9.0,芝,1185,0.0,0.0,0,01180,30,0.26666666666666666,0.06666666666666667,0.32142857142857145,202609020501,0.16666666666666666,0.1,15
,,2023106776,,,,,,,,,,,,0,01191,30,0.13333333333333333,0.06666666666666667,,202609020501,,,16
,,2023106669,,,,,,,,,,,,0,01102,30,0.2,0.1,,202609020502,,,1
4,0.0,2023102459,39.4,7,1400,9,1191,0.0,2.0,ダ,1159,0.0,0.0,0,01191,30,0.13333333333333333,0.06666666666666667,0.11764705882352941,202609020502,0.4,0.13333333333333333,2
1,0.0,2023107314,40.2,15,1800,9,5473,10.0,5.0,ダ,1117,0.0,0.0,0,01157,30,0.3333333333333333,0.2,0.3783783783783784,202609020502,0.36666666666666664,0.2,3
,,2023105044,,,,,,,,,,,,0,01180,30,0.26666666666666666,0.06666666666666667,,202609020502,,,4
1,1.0,2023101157,35.1,15,1200,3,1163,0.0,1.0,芝,1158,1.0,0.0,1,01163,30,0.3333333333333333,0.13333333333333333,0.2553191489361702,202609020502,0.13333333333333333,0.03333333333333333,5
2,0.0,2023102702,34.8,7,1600,15,1032,0.0,14.0,芝,1203,0.0,0.0,0,01220,30,0.1,0.03333333333333333,,202609020502,0.5,0.13333333333333333,6
1,0.0,2023107311,34.7,15,1600,10,5473,0.0,8.0,芝,1105,0.0,0.0,0,01216,30,0.16666666666666666,0.06666666666666667,,202609020502,0.4666666666666667,0.06666666666666667,7
1,1.0,2023104876,37.3,15,1400,3,1174,0.0,7.0,ダ,1161,1.0,0.0,0,00666,30,0.3,0.06666666666666667,0.43478260869565216,202609020502,0.3,0.0,8
,,2023107341,,,,,,,,,,,,0,01171,30,0.3,0.06666666666666667,,202609020502,,,9
,,2023104966,,,,,,,,,,,,0,01115,30,0.2,0.03333333333333333,,202609020502,,,10
,,2023106186,,,,,,,,,,,,0,01213,30,0.36666666666666664,0.13333333333333333,,202609020502,,,11
2,0.0,2023104099,38.3,7,1200,11,1212,0.0,13.0,ダ,1091,0.0,0.0,0,01144,30,0.06666666666666667,0.0,0.0,202609020502,0.03333333333333333,0.0,12
,,2023103630,,,,,,,,,,,,0,01186,30,0.23333333333333334,0.1,,202609020502,,,13
,,2023102129,,,,,,,,,,,,0,01034,30,0.06666666666666667,0.0,,202609020502,,,14
1,1.0,2023101796,38.2,15,1400,3,1018,0.0,11.0,ダ,1149,1.0,0.0,0,01200,30,0.1,0.03333333333333333,0.3333333333333333,202609020502,0.26666666666666666,0.03333333333333333,15
1,0.0,2023104483,39.8,15,1400,9,1220,0.0,11.0,ダ,1193,0.0,0.0,0,01125,30,0.16666666666666666,0.0,0.034482758620689655,202609020502,0.1,0.0,16
1,0.0,2023106078,37.3,15,1600,8,1152,0.0,7.0,ダ,1085,0.0,0.0,0,01157,30,0.3333333333333333,0.2,0.25806451612903225,202609020503,0.23333333333333334,0.13333333333333333,1
,,2023101181,,,,,,,,,,,,0,01213,30,0.36666666666666664,0.13333333333333333,,202609020503,,,2
3,0.3333333333333333,2023106855,37.4,7,1800,2,1102,1.0,2.0,ダ,1110,0.3333333333333333,0.0,0,01171,30,0.3,0.06666666666666667,0.2857142857142857,202609020503,0.16666666666666666,0.06666666666666667,3
3,0.3333333333333333,2023102245,35.5,7,1800,8,1213,0.0,10.0,芝,1140,0.3333333333333333,0.0,0,01186,30,0.23333333333333334,0.1,0.17142857142857143,202609020503,0.3,0.03333333333333333,4
,,2023105856,,,,,,,,,,,,0,01125,30,0.16666666666666666,0.0,,202609020503,,,5
1,0.0,2023104077,40.7,15,1800,7,1124,8.0,8.0,ダ,1066,0.0,0.0,0,01212,30,0.03333333333333333,0.0,0.17777777777777778,202609020503,0.2,0.06666666666666667,6
1,0.0,2023106559,39.0,15,1600,12,1208,0.0,9.0,芝,1042,0.0,0.0,0,01147,30,0.03333333333333333,0.0,0.13157894736842105,202609020503,0.2,0.03333333333333333,7
3,0.0,2023101694,38.9,7,1400,7,1015,0.0,6.0,ダ,1032,0.0,0.0,0,00732,30,0.16666666666666666,0.0,0.27877237851662406,202609020503,0.2,0.03333333333333333,8
,,2023100058,,,,,,,,,,,,0,01220,30,0.1,0.03333333333333333,,202609020503,,,9
,,2023100070,,,,,,,,,,,,0,01195,30,0.1,0.03333333333333333,,202609020503,,,10
1,0.0,2023102593,34.7,15,2000,9,5680,11.0,10.0,芝,1176,0.0,0.0,0,01102,30,0.2,0.1,0.4230769230769231,202609020503,0.4666666666666667,0.23333333333333334,11
,,2023105643,,,,,,,,,,,,0,01216,30,0.16666666666666666,0.06666666666666667,,202609020503,,,12
1,0.0,2023100621,34.1,15,2000,8,1015,10.0,11.0,芝,1099,0.0,0.0,0,01037,30,0.2,0.06666666666666667,0.12804878048780488,202609020503,0.2,0.1,13
2,0.0,2023103743,34.7,7,1800,7,1154,0.0,7.0,芝,1101,0.0,0.0,0,01180,30,0.26666666666666666,0.06666666666666667,0.3,202609020504,0.26666666666666666,0.06666666666666667,1
,,2023103168,,,,,,,,,,,,0,01212,30,0.03333333333333333,0.0,,202609020504,,,2
,,2023110084,,,,,,,,,,,,0,01126,30,0.36666666666666664,0.2,,202609020504,,,3
1,0.0,2023104337,38.2,15,2000,10,1093,2.0,2.0,芝,1184,0.0,0.0,0,01195,30,0.1,0.03333333333333333,0.25,202609020504,0.4666666666666667,0.13333333333333333,4
1,1.0,2023107094,34.2,15,1800,2,1018,0.0,2.0,芝,1078,1.0,0.0,0,00732,30,0.16666666666666666,0.0,0.20982142857142858,202609020504,0.13333333333333333,0.03333333333333333,5
,,2023106715,,,,,,,,,,,,0,01163,30,0.3333333333333333,0.13333333333333333,,202609020504,,,6
,,2023104938,,,,,,,,,,,,0,01186,30,0.23333333333333334,0.1,,202609020504,,,7
1,1.0,2023105247,34.4,15,1800,2,1126,0.0,3.0,芝,1055,1.0,0.0,0,01088,30,0.36666666666666664,0.06666666666666667,0.5703703703703704,202609020504,0.3333333333333333,0.1,8
5,0.0,2023103042,35.0,7,1200,5,1018,0.0,3.0,芝,1065,0.0,0.0,0,01200,30,0.1,0.03333333333333333,0.2857142857142857,202609020504,0.13333333333333333,0.0,9
2,0.0,2023101056,34.7,7,1400,9,732,0.0,9.0,芝,1066,0.0,0.0,0,01144,30,0.06666666666666667,0.0,0.2213967310549777,202609020504,0.2,0.06666666666666667,10
,,2023101677,,,,,,,,,,,,0,01220,30,0.1,0.03333333333333333,,202609020504,,,11
1,0.0,2023106800,34.1,15,2000,4,1171,2.0,1.0,芝,1105,0.0,0.0,0,01171,30,0.3,0.06666666666666667,0.23076923076923078,202609020504,0.4666666666666667,0.06666666666666667,12
,,2023102080,,,,,,,,,,,,0,01037,30,0.2,0.06666666666666667,,202609020504,,,13
1,0.0,2023101404,34.2,15,2000,6,1191,6.0,5.0,芝,1101,0.0,0.0,0,01032,30,0.23333333333333334,0.1,0.28888888888888886,202609020504,0.26666666666666666,0.06666666666666667,14
1,0.0,2023103703,41.6,15,1800,14,1197,11.0,13.0,ダ,1166,0.0,0.0,0,01216,30,0.16666666666666666,0.06666666666666667,0.1111111111111111,202609020504,0.3,0.16666666666666666,15
,,2023104216,,,,,,,,,,,,0,05339,30,0.6,0.2,,202609020504,,,16
,,2023103734,,,,,,,,,,,,0,01200,30,0.1,0.03333333333333333,,202609020505,,,1
2,0.5,2023107059,34.6,7,2000,6,1018,7.0,7.0,芝,1061,0.5,0.0,0,00666,30,0.3,0.06666666666666667,0.5056818181818182,202609020505,0.3333333333333333,0.13333333333333333,2
1,0.0,2023102132,37.7,15,1800,4,1034,8.0,7.0,ダ,1105,0.0,0.0,0,01220,30,0.1,0.03333333333333333,0.0,202609020505,0.4666666666666667,0.06666666666666667,3
2,0.0,2023104324,36.1,7,1600,9,1015,0.0,13.0,芝,1018,0.0,0.0,0,01144,30,0.06666666666666667,0.0,0.16326530612244897,202609020505,0.2,0.13333333333333333,4
3,0.3333333333333333,2023103895,34.4,179,1800,9,1102,0.0,2.0,芝,1058,0.3333333333333333,0.3333333333333333,0,01171,30,0.3,0.06666666666666667,0.17142857142857143,202609020505,0.4,0.2,5
4,0.75,2023103677,38.5,7,1800,2,1174,3.0,3.0,ダ,1158,0.75,0.0,1,01174,30,0.3,0.1,0.2983425414364641,202609020505,0.13333333333333333,0.03333333333333333,6
,,2023102919,,,,,,,,,,,,0,01034,30,0.06666666666666667,0.0,,202609020505,,,7
,,2023103884,,,,,,,,,,,,0,01126,30,0.36666666666666664,0.2,,202609020505,,,8
5,0.4,2023107050,38.2,7,1800,4,5473,6.0,4.0,ダ,1129,0.4,0.0,0,00732,30,0.16666666666666666,0.0,0.19811320754716982,202609020505,0.16666666666666666,0.03333333333333333,9
1,0.0,2023107351,38.6,15,1800,4,1180,6.0,4.0,ダ,1144,0.0,0.0,0,01032,30,0.23333333333333334,0.1,0.2869198312236287,202609020505,0.16666666666666666,0.0,10
3,1.0,2023100475,37.5,7,1800,2,1032,3.0,3.0,ダ,1101,1.0,0.0,0,01180,30,0.26666666666666666,0.06666666666666667,0.3,202609020505,0.26666666666666666,0.06666666666666667,11
,,2023106564,,,,,,,,,,,,0,01156,30,0.06666666666666667,0.03333333333333333,,202609020505,,,12
3,0.3333333333333333,2023104355,34.9,7,1400,1,1180,0.0,2.0,芝,1151,0.3333333333333333,0.3333333333333333,0,01180,30,0.26666666666666666,0.06666666666666667,0.30501089324618735,202609020506,0.36666666666666664,0.2,1
5,0.6,2023101632,34.2,7,1200,2,1190,0.0,6.0,芝,1178,0.6,0.0,0,01190,30,0.26666666666666666,0.1,1.0,202609020506,0.13333333333333333,0.03333333333333333,2
1,1.0,2023100997,34.6,15,1200,2,1138,0.0,2.0,芝,1180,1.0,0.0,0,01163,30,0.3333333333333333,0.13333333333333333,0.3194444444444444,202609020506,0.16666666666666666,0.1,3
2,0.5,2023101645,38.0,7,1400,1,641,0.0,1.0,ダ,1056,0.5,0.5,0,01191,30,0.13333333333333333,0.06666666666666667,0.0,202609020506,0.13333333333333333,0.06666666666666667,4
4,0.5,2023105672,36.0,7,1400,11,1180,0.0,5.0,芝,427,0.5,0.0,0,01216,30,0.16666666666666666,0.06666666666666667,0.23076923076923078,202609020506,0.23333333333333334,0.06666666666666667,5
6,0.16666666666666666,2023105185,34.9,7,1400,3,1178,0.0,8.0,芝,1210,0.2,0.0,0,01126,30,0.36666666666666664,0.2,0.2857142857142857,202609020506,0.2,0.03333333333333333,6
4,0.75,2023103160,34.1,23,1400,2,1154,0.0,1.0,芝,1211,0.75,0.25,0,00666,30,0.3,0.06666666666666667,0.0,202609020506,0.26666666666666666,0.1,7
3,0.3333333333333333,2023101174,34.4,23,1400,7,1174,0.0,5.0,芝,1194,0.3333333333333333,0.3333333333333333,0,01220,30,0.1,0.03333333333333333,0.14285714285714285,202609020506,0.23333333333333334,0.1,8
4,0.5,2023103615,35.8,23,1400,11,1187,0.0,5.0,芝,1135,0.5,0.25,0,00732,30,0.16666666666666666,0.0,0.17880794701986755,202609020506,0.06666666666666667,0.0,9
3,0.3333333333333333,2023110055,35.5,195,1600,6,1171,0.0,4.0,芝,1117,0.3333333333333333,0.3333333333333333,0,01171,30,0.3,0.06666666666666667,0.30357142857142855,202609020506,0.36666666666666664,0.2,10
,,2023100971,,,,,,,,,,,,0,01142,30,0.16666666666666666,0.03333333333333333,,202609020506,,,11
3,1.0,2023110095,37.0,7,1200,1,5473,0.0,3.0,ダ,1170,1.0,0.3333333333333333,0,01102,30,0.2,0.1,0.3,202609020506,0.2,0.1,12
3,0.6666666666666666,2023105140,37.1,7,1400,1,1208,0.0,1.0,ダ,1091,0.6666666666666666,0.3333333333333333,0,01144,30,0.06666666666666667,0.0,0.0,202609020506,0.03333333333333333,0.0,13
3,1.0,2023107264,35.2,7,1400,1,1174,0.0,5.0,芝,1168,1.0,0.3333333333333333,1,01174,30,0.3,0.1,0.4438202247191011,202609020506,0.4666666666666667,0.3,14
2,0.5,2023102872,33.9,131,1200,3,1192,0.0,9.0,芝,1069,0.5,0.0,0,01186,30,0.23333333333333334,0.1,0.2727272727272727,202609020506,0.13333333333333333,0.0,15
37,0.10810810810810811,2019102986,38.5,23,1800,11,1190,15.0,14.0,ダ,431,0.0,0.0,0,01034,30,0.06666666666666667,0.0,0.10526315789473684,202609020507,0.26666666666666666,0.03333333333333333,1
2,0.0,2022103736,39.3,7,1400,9,1220,0.0,10.0,ダ,1151,0.0,0.0,0,01195,30,0.1,0.03333333333333333,0.0,202609020507,0.36666666666666664,0.2,2
5,0.4,2022102308,38.7,23,1800,5,1176,2.0,2.0,ダ,1144,0.4,0.0,0,01126,30,0.36666666666666664,0.2,0.339041095890411,202609020507,0.16666666666666666,0.0,3
10,0.1,2022105954,38.2,23,1800,9,1154,8.0,10.0,ダ,1159,0.0,0.0,0,01216,30,0.16666666666666666,0.06666666666666667,0.16666666666666666,202609020507,0.4,0.13333333333333333,4
12,0.5,2022100439,38.0,23,1800,4,1174,3.0,3.0,ダ,1158,0.4,0.0,0,01163,30,0.3333333333333333,0.13333333333333333,0.2553191489361702,202609020507,0.13333333333333333,0.03333333333333333,5
19,0.3684210526315789,2021105857,37.7,23,1800,10,5339,13.0,11.0,ダ,1160,0.0,0.0,0,01171,30,0.3,0.06666666666666667,0.3333333333333333,202609020507,0.3333333333333333,0.1,6
6,0.5,2022101718,35.0,7,2000,3,1162,7.0,5.0,芝,1133,0.6,0.0,0,01212,30,0.03333333333333333,0.0,,202609020507,0.16666666666666666,0.1,7
11,0.2727272727272727,2022105343,38.5,23,1800,10,1166,7.0,8.0,ダ,1123,0.0,0.0,0,01157,30,0.3333333333333333,0.2,0.2868217054263566,202609020507,0.23333333333333334,0.13333333333333333,8
7,0.14285714285714285,2022102957,34.9,23,1800,12,1154,0.0,8.0,芝,1209,0.2,0.2,0,01220,30,0.1,0.03333333333333333,,202609020507,0.16666666666666666,0.03333333333333333,9
17,0.11764705882352941,2021100604,39.5,23,1800,14,1208,3.0,4.0,ダ,1065,0.4,0.0,0,01125,30,0.16666666666666666,0.0,0.1834862385321101,202609020507,0.13333333333333333,0.0,10
12,0.25,2021105238,37.6,23,1800,6,1213,10.0,10.0,ダ,1176,0.4,0.0,0,01213,30,0.36666666666666664,0.13333333333333333,0.2857142857142857,202609020507,0.4666666666666667,0.23333333333333334,11
14,0.42857142857142855,2021106150,37.6,23,1150,10,1193,0.0,8.0,ダ,1139,0.2,0.0,0,01186,30,0.23333333333333334,0.1,0.14615384615384616,202609020508,0.13333333333333333,0.06666666666666667,1
6,0.5,2022103306,38.6,7,1700,5,1208,6.0,6.0,ダ,1183,0.6,0.0,0,01157,30,0.3333333333333333,0.2,0.22580645161290322,202609020508,0.3,0.13333333333333333,2
7,0.42857142857142855,2022110082,36.9,23,1400,6,1191,0.0,9.0,ダ,1180,0.4,0.2,0,05339,30,0.6,0.2,0.8571428571428571,202609020508,0.16666666666666666,0.1,3
2,0.5,2021103224,37.9,43,1400,11,1093,0.0,11.0,ダ,1137,0.5,0.0,0,01088,30,0.36666666666666664,0.06666666666666667,0.5780590717299579,202609020508,0.36666666666666664,0.13333333333333333,4
10,0.1,2022106583,39.5,23,1400,12,1018,0.0,3.0,ダ,1082,0.2,0.2,0,00732,30,0.16666666666666666,0.0,0.2,202609020508,0.16666666666666666,0.06666666666666667,5
7,0.2857142857142857,2022104890,36.6,23,1400,4,666,0.0,15.0,ダ,1061,0.0,0.0,0,00666,30,0.3,0.06666666666666667,0.5056818181818182,202609020508,0.3333333333333333,0.13333333333333333,6
5,0.4,2022110104,38.6,23,1400,8,5680,0.0,4.0,ダ,1055,0.4,0.2,0,01200,30,0.1,0.03333333333333333,0.3317757009345794,202609020508,0.3333333333333333,0.1,7
13,0.23076923076923078,2020110051,37.4,23,1400,5,5680,0.0,7.0,ダ,1205,0.0,0.0,0,01174,30,0.3,0.1,0.2727272727272727,202609020508,0.3,0.1,8
12,0.75,2022102127,37.1,23,1400,2,1213,0.0,6.0,ダ,1159,1.0,0.2,0,01163,30,0.3333333333333333,0.13333333333333333,0.33,202609020508,0.4,0.13333333333333333,9
13,0.07692307692307693,2020102910,37.4,23,1400,8,1125,0.0,13.0,ダ,1091,0.0,0.0,0,01125,30,0.16666666666666666,0.0,0.07692307692307693,202609020508,0.03333333333333333,0.0,10
9,0.1111111111111111,2022105619,35.8,7,1600,15,1128,0.0,3.0,芝,1188,0.0,0.0,0,01115,30,0.2,0.03333333333333333,0.21052631578947367,202609020508,0.1,0.0,11
10,0.2,2022107167,41.2,23,1400,15,5680,0.0,6.0,ダ,1197,0.2,0.0,0,01220,30,0.1,0.03333333333333333,0.0,202609020508,0.16666666666666666,0.1,12
6,0.0,2022106997,34.6,7,1400,8,1037,0.0,16.0,芝,1140,0.0,0.0,0,01037,30,0.2,0.06666666666666667,0.16062176165803108,202609020508,0.3,0.03333333333333333,13
25,0.32,2020106927,37.5,23,1800,9,1194,10.0,13.0,ダ,1082,0.0,0.0,0,01112,30,0.13333333333333333,0.03333333333333333,0.07142857142857142,202609020508,0.16666666666666666,0.06666666666666667,14
23,0.30434782608695654,2020102728,37.9,23,1800,3,1213,7.0,5.0,ダ,1194,0.6,0.0,0,01126,30,0.36666666666666664,0.2,0.4444444444444444,202609020508,0.23333333333333334,0.1,15
8,0.25,2022105027,37.5,23,1500,13,1102,0.0,7.0,芝,1185,0.0,0.0,0,01195,30,0.1,0.03333333333333333,0.13333333333333333,202609020508,0.16666666666666666,0.1,16
22,0.45454545454545453,2020104491,33.5,23,2400,8,1130,12.0,10.0,芝,1078,0.6,0.0,0,01126,30,0.36666666666666664,0.2,0.24528301886792453,202609020509,0.13333333333333333,0.03333333333333333,1
10,0.5,2022102199,35.5,43,2400,6,666,4.0,3.0,芝,1110,0.6,0.4,1,00666,30,0.3,0.06666666666666667,0.4049079754601227,202609020509,0.16666666666666666,0.06666666666666667,2
15,0.2,2021101554,36.9,43,1800,11,1212,13.0,14.0,ダ,1039,0.0,0.0,0,01212,30,0.03333333333333333,0.0,0.18617021276595744,202609020509,0.13333333333333333,0.0,3
6,0.8333333333333334,2022104635,34.2,43,2400,2,5339,7.0,7.0,芝,399,1.0,0.4,1,05339,30,0.6,0.2,0.6103448275862069,202609020509,0.13333333333333333,0.03333333333333333,4
20,0.2,2020103369,34.8,43,2200,3,1185,3.0,3.0,芝,1197,0.2,0.0,0,00732,30,0.16666666666666666,0.0,0.0,202609020509,0.16666666666666666,0.1,5
33,0.36363636363636365,2016102767,33.7,43,2400,5,1018,5.0,5.0,芝,1042,0.2,0.0,0,01115,30,0.2,0.03333333333333333,0.34177215189873417,202609020509,0.2,0.03333333333333333,6
36,0.4166666666666667,2018105073,37.1,43,2600,7,1160,3.0,6.0,芝,1071,0.6,0.0,0,01213,30,0.36666666666666664,0.13333333333333333,0.15,202609020509,0.3333333333333333,0.06666666666666667,7
27,0.2962962962962963,2019103816,35.5,43,1800,11,1170,12.0,11.0,芝,1148,0.0,0.0,0,01216,30,0.16666666666666666,0.06666666666666667,0.07142857142857142,202609020509,0.3,0.1,8
8,0.625,2022104615,34.6,67,2500,2,5386,2.0,2.0,芝,399,0.6,0.4,0,01174,30,0.3,0.1,0.21428571428571427,202609020510,0.13333333333333333,0.03333333333333333,1
29,0.5517241379310345,2019100792,35.0,163,2000,3,5339,4.0,4.0,芝,1038,0.6,0.2,0,00666,30,0.3,0.06666666666666667,0.48717948717948717,202609020510,0.3333333333333333,0.06666666666666667,2
31,0.45161290322580644,2019104658,34.1,179,2500,8,1162,14.0,12.0,芝,1106,0.2,0.0,0,01126,30,0.36666666666666664,0.2,0.22857142857142856,202609020510,0.1,0.0,3
32,0.46875,2020105750,35.0,115,1800,10,1170,15.0,15.0,芝,1018,0.2,0.0,0,01115,30,0.2,0.03333333333333333,0.28,202609020510,0.2,0.13333333333333333,4
21,0.3333333333333333,2020103082,33.3,163,2000,17,1178,18.0,17.0,芝,1135,0.0,0.0,0,01191,30,0.13333333333333333,0.06666666666666667,0.0,202609020510,0.06666666666666667,0.0,5
18,0.4444444444444444,2021105104,35.2,179,2400,9,1163,4.0,3.0,芝,1075,0.4,0.4,0,01163,30,0.3333333333333333,0.13333333333333333,0.3220883534136546,202609020510,0.2,0.06666666666666667,6
11,0.36363636363636365,2021106645,35.1,163,1800,13,1180,0.0,10.0,芝,429,0.2,0.2,0,01213,30,0.36666666666666664,0.13333333333333333,0.0,202609020510,0.16666666666666666,0.06666666666666667,7
7,0.2857142857142857,2022104971,39.3,131,1400,14,1185,0.0,12.0,ダ,1144,0.0,0.0,0,01125,30,0.16666666666666666,0.0,0.0,202609020510,0.16666666666666666,0.0,8
51,0.13725490196078433,2016103730,38.3,131,1900,10,1124,14.0,12.0,ダ,1123,0.0,0.0,0,01220,30,0.1,0.03333333333333333,0.42857142857142855,202609020510,0.23333333333333334,0.13333333333333333,9
5,1.0,2022104655,33.5,67,2000,1,5339,0.0,6.0,芝,1175,1.0,0.8,1,05339,30,0.6,0.2,0.6363636363636364,202609020510,0.4,0.1,10
26,0.34615384615384615,2020106234,34.4,115,1600,12,1127,0.0,8.0,芝,1112,0.0,0.0,0,01144,30,0.06666666666666667,0.0,0.19047619047619047,202609020510,0.2,0.1,11
22,0.4090909090909091,2020103025,35.5,115,1800,9,1043,14.0,11.0,芝,1128,0.0,0.0,0,01180,30,0.26666666666666666,0.06666666666666667,0.19047619047619047,202609020510,0.3,0.1,12
16,0.4375,2019101847,35.4,179,3600,12,1150,2.0,2.0,芝,1183,0.0,0.0,0,01157,30,0.3333333333333333,0.2,0.22580645161290322,202609020510,0.3,0.13333333333333333,13
8,0.75,2022105185,35.2,195,2000,1,5339,6.0,2.0,芝,1201,0.8,0.8,1,05339,30,0.6,0.2,0.76,202609020511,0.3,0.2,1
14,0.7142857142857143,2021104073,33.6,163,1600,6,660,0.0,16.0,芝,1112,0.4,0.2,0,00660,30,0.23333333333333334,0.13333333333333333,0.296875,202609020511,0.2,0.1,2
5,0.4,2022105157,35.4,195,2000,8,1102,6.0,9.0,芝,1055,0.4,0.4,0,01200,30,0.1,0.03333333333333333,0.3317757009345794,202609020511,0.3333333333333333,0.1,3
17,0.6470588235294118,2021107098,34.5,195,1600,16,1174,0.0,4.0,芝,1186,0.8,0.4,1,01174,30,0.3,0.1,0.41964285714285715,202609020511,0.26666666666666666,0.06666666666666667,4
7,0.5714285714285714,2022105402,36.9,195,2000,16,1088,3.0,3.0,芝,1061,0.6,0.6,1,01088,30,0.36666666666666664,0.06666666666666667,0.5767634854771784,202609020511,0.3333333333333333,0.13333333333333333,5
8,0.875,2021105354,33.5,195,1600,7,5339,0.0,4.0,芝,1133,0.8,0.4,0,01163,30,0.3333333333333333,0.13333333333333333,0.1111111111111111,202609020511,0.16666666666666666,0.1,6
11,0.5454545454545454,2021100139,33.4,115,1600,7,1180,0.0,5.0,芝,1157,0.2,0.2,0,00732,30,0.16666666666666666,0.0,0.1,202609020511,0.4666666666666667,0.26666666666666666,7
19,0.6842105263157895,2019105293,36.1,195,2200,15,5585,7.0,5.0,芝,1070,0.8,0.4,0,01126,30,0.36666666666666664,0.2,0.3939393939393939,202609020511,0.3333333333333333,0.13333333333333333,8
19,0.3684210526315789,2021104153,33.8,67,1600,9,1170,0.0,13.0,芝,1172,0.2,0.0,0,01034,30,0.06666666666666667,0.0,0.09090909090909091,202609020511,0.2,0.03333333333333333,9
9,0.4444444444444444,2022105192,34.4,163,1600,10,1171,0.0,5.0,芝,1149,0.0,0.0,0,01171,30,0.3,0.06666666666666667,0.32558139534883723,202609020511,0.26666666666666666,0.03333333333333333,10
20,0.25,2021106983,36.7,43,1200,3,1213,0.0,4.0,ダ,1212,0.2,0.0,0,01126,30,0.36666666666666664,0.2,0.0,202609020512,0.23333333333333334,0.06666666666666667,1
6,0.0,2022103739,37.7,23,1200,10,1203,0.0,11.0,ダ,1171,0.0,0.0,0,01129,30,0.0,0.0,0.023809523809523808,202609020512,0.13333333333333333,0.0,2
36,0.3333333333333333,2020107095,37.0,43,1400,2,1207,0.0,6.0,ダ,1093,0.2,0.0,0,01144,30,0.06666666666666667,0.0,0.28125,202609020512,0.16666666666666666,0.0,3
15,0.3333333333333333,2021101057,35.9,23,1200,1,1154,0.0,4.0,ダ,1078,0.4,0.2,0,00732,30,0.16666666666666666,0.0,0.20982142857142858,202609020512,0.13333333333333333,0.03333333333333333,4
21,0.19047619047619047,2021102336,36.1,43,1200,10,1032,0.0,11.0,ダ,1039,0.0,0.0,0,01212,30,0.03333333333333333,0.0,0.18617021276595744,202609020512,0.13333333333333333,0.0,5
7,0.42857142857142855,2022105965,39.2,43,1400,13,5473,0.0,5.0,ダ,1151,0.4,0.2,0,01180,30,0.26666666666666666,0.06666666666666667,0.30501089324618735,202609020512,0.36666666666666664,0.2,6
8,0.25,2022107082,37.3,23,1400,7,1208,0.0,2.0,ダ,1065,0.2,0.0,0,01174,30,0.3,0.1,0.0,202609020512,0.13333333333333333,0.0,7
13,0.5384615384615384,2022110111,37.3,43,1200,2,1127,0.0,2.0,ダ,427,0.8,0.2,0,01088,30,0.36666666666666664,0.06666666666666667,0.42574257425742573,202609020512,0.23333333333333334,0.06666666666666667,8
10,0.2,2022106169,33.0,43,1400,12,1160,0.0,14.0,芝,1178,0.0,0.0,0,01157,30,0.3333333333333333,0.2,0.2553191489361702,202609020512,0.13333333333333333,0.03333333333333333,9
9,0.3333333333333333,2022101464,36.9,23,1200,1,1214,0.0,4.0,ダ,1038,0.2,0.2,0,01216,30,0.16666666666666666,0.06666666666666667,,202609020512,0.3333333333333333,0.06666666666666667,10
20,0.5,2021102259,37.7,43,1400,4,1213,0.0,2.0,ダ,431,0.2,0.0,0,01220,30,0.1,0.03333333333333333,0.2,202609020512,0.26666666666666666,0.03333333333333333,11
20,0.4,2021105753,36.6,43,1200,5,1216,0.0,4.0,ダ,1151,0.2,0.0,0,01171,30,0.3,0.06666666666666667,0.38636363636363635,202609020512,0.36666666666666664,0.2,12
14,0.6428571428571429,2022106471,36.9,7,1200,1,1153,0.0,2.0,ダ,1056,0.8,0.2,0,01200,30,0.1,0.03333333333333333,0.13636363636363635,202609020512,0.13333333333333333,0.06666666666666667,13
11,0.5454545454545454,2022100729,36.9,43,1200,6,1141,0.0,4.0,ダ,1200,0.6,0.2,0,01213,30,0.36666666666666664,0.13333333333333333,0.23529411764705882,202609020512,0.2,0.06666666666666667,14
23,0.21739130434782608,2021105711,37.4,43,1200,8,1112,0.0,6.0,ダ,1178,0.2,0.0,0,01112,30,0.13333333333333333,0.03333333333333333,0.2,202609020512,0.13333333333333333,0.03333333333333333,15
6,0.6666666666666666,2022105737,37.9,23,1200,1,1221,0.0,1.0,ダ,1162,0.8,0.4,0,01163,30,0.3333333333333333,0.13333333333333333,0.4838709677419355,202609020512,0.43333333333333335,0.16666666666666666,16
